cliente_id,tipo_documento,numero_documento,nombres,apellido_paterno,apellido_materno,fecha_nacimiento,edad,genero,estado_civil,nivel_educacion,ocupacion,sector_economico,ciudad_residencia,departamento_residencia,region_residencia,ingresos_mensuales,egresos_mensuales,patrimonio_estimado,score_crediticio,segmento_cliente,canal_captacion,antiguedad_cliente_meses,fecha_registro,sucursal_id,estado_cliente
1,DNI,60366909,Carmen,Ramírez,Flores,16/09/1977,47,F,Casado,Secundaria,Empleado Público,Transporte,Piura,Piura,Norte,-2072.19,888.76,39631.77,550,Regular,Agencia,105,2016/05/07,14,Activo
2,DNI,62729806,Cecilia,Cusi,Cusi,13/03/1964,60,f,Casado,Universitario,Empresario,Servicios,Chiclayo,Lambayeque,Norte,5663.68,3037.05,125691.99,528,Regular,Digital,87,2017-10-18,13,Activo
3,CE,641708053,Juan,Ortiz,Medina,1964-08-01,60,M,Casado,Universitario,Empleado Privado,Otro,Chiclayo,Lambayeque,Norte,4750.66,2302.13,226055.14,493,Regular,Agencia,72,2019/01/08,13,Activo
4,DNI,29912419,Carlos,Flores,Morales,1976-11-09,48,M,Soltero,Técnico,Empleado Público,Otro,Sullana,Piura,Norte,1832.75,763.53,104986.09,490,Regular,Telemarketing,180,2010/03/12,15,Activo
5,DNI,86518506,Sandra,González,Morales,1980/11/20,44,F,Viudo,Secundaria,Independiente,Transporte,Los Olivos,Lima,Lima y Callao,850.0,405.03,37044.25,392,Regular,Digital,145,2013/01/08,4,Activo
6,DNI,94531473,Cecilia,Gómez,Apaza,1989-02-10,35,F,Divorciado,Universitario,Empleado Privado,Otro,Cusco,Cusco,Sur,1625.52,1038.1,58494.32,493,Regular,Agencia,120,2015-02-09,16,Activo
7,DNI,31367837, lucía,Huanca,Reyes  ,1993-07-11,31,F,Casado,Técnico,Independiente,Comercio,Tarapoto,San Martín,Oriente,850.0,415.57,45710.14,548,Regular,Agencia,71,14-02-2019,23,Activo
8,DNI,44313518,Sofía,Herrera,Mamani,1985-04-02,39,F,Conviviente,Universitario,Empleado Público,Manufactura,Víctor Larco Herrera,La Libertad,Norte,2118.6,1093.54,99126.42,424,Regular,Agencia,91,19-06-2017,11,Activo
9,DNI,8427109,Isabel,Chávez,Sánchez,1989/10/02,35,F,Soltero,Técnico,Empleado Privado,Transporte,Tarapoto,San Martín,Oriente,2851.1,1412.67,67622.15,414,Regular,Agencia,137,2013-09-26,23,Activo
10,DNI,41318699,Paola,Torres,González,21/06/1978,46,F,Divorciado,Técnico,Empleado Público,Tecnología,Lima,Lima,Lima y Callao,1709.72,965.39,74706.99,496,Regular,Agencia,39,2021-09-23,5,Inactivo
11,DNI,12328120,ÓsCaR ,Castro,Ramos,1990-03-24,34,M,Casado,Universitario,Independiente,Salud,Arequipa,Arequipa,Sur,8010.93,-4606.94,372385.23,486,Regular,Agencia,161,2011/10/05,7,Activo
12,CE,618324210,Diana,Quispe,González,22/01/1995,29,F,Soltero,Técnico,Empleado Privado,Finanzas,El Tambo,Junín,Centro,3874.15,1800.15,190394.65,404,Regular,Telemarketing,170,2010-12-20,19,Activo
13,DNI,13990490,Marco,Rojas,Gutiérrez,1980/04/30,44,M,Divorciado,Secundaria,Empleado Público,Tecnología,Piura,Piura,Norte,978.15,508.72,38243.62,434,regular,Referido,83,2018/02/17,14,Inactivo
14,DNI,74680715,Óscar,Castro,Huanca,26/11/1980,44,M,Soltero,Secundaria,Empleado Público,Educación,Los Olivos,Lima,Lima y Callao,2878.18,1469.8,71076.74,521,Regular,Telemarketing,42,2021-07-10,4,Activo
15,DNI,48247710,Iván,Quispe,Álvarez,1984/12/14,40,M,Conviviente,Universitario,Empleado Privado,Manufactura,Chimbote,Ancash,Centro,2413.1,1196.34,114224.19,403,Regular,Referido,114,2015-07-28,21,Activo
16,DNI,67737826,José,Pérez,cruz,1991/11/12,33,M,Soltero,Universitario,Empleado Público,Construcción,Cusco,Cusco,Sur,1635.35,682.9,83846.76,550,Regular,Telemarketing,75,18-10-2018,16,Activo
17,DNI,27875588,Cecilia,CASTILLO , Condori ,29/08/1978,46,F,Casado,Postgrado,Empresario,Manufactura,El Tambo,Junín,Centro,2051.89,965.43,48270.52,530,Regular,Campaña Institucional,149,2012-09-14,19,Activo
18,DNI,2895171,José,Martínez,Vargas,1987/05/13,37,M,Casado,Técnico,Independiente,Construcción,Iquitos,Loreto,Oriente,1396.92,893.54,39220.06,511,Regular,Digital,167,2011/04/10,22,Activo
19,CE,780913431,Diego,Ortiz,Castillo,1970-03-01,54,M,Casado,,Independiente,Otro,Iquitos,Loreto,Oriente,4882.42,2870.61,255310.51,464,Regular,Referido,137,2013-09-18,22,Activo
20,DNI,22219693,Marco,Rodríguez,Martínez,28/07/1986,38,M,Casado,Universitario,Independiente,Manufactura,Lima,Lima,Lima y Callao,2851.5,1351.26,78392.69,536,Regular,Digital,63,13-10-2019,5,Activo
21,CE,474367136,Carlos,Quispe,Chávez,1988/01/29,36,M,Casado,Universitario,Empleado Público,Agricultura,El Tambo,Junín,Centro,1870.02,754.81,106875.86,436,Regular,Agencia,77,15/08/2018,19,Activo
22,DNI,39421047,Carlos,Laime,lópez,1997/03/03,27,M,Soltero,Técnico,Independiente,Construcción,Yanahuara,Arequipa,Sur,3650.53,2360.1,200606.17,542,Regular,Agencia,156,13-02-2012,8,Activo
23,DNI,74517123,Lucía,Díaz,Ramírez,1983-04-10,41,F,Conviviente,Universitario,Empresario,Educación,Cayma,Arequipa,Sur,10394.2,5166.69,354372.87,542,Premium,Campaña Institucional,66,2019/07/02,6,Activo
24,DNI,51370985,Pablo,García,OrTiZ,1990-04-10,34,M,Conviviente,Técnico,Empleado Privado,Servicios,La Esperanza,La Libertad,Norte,3205.64,1596.24,150500.32,562,Regular,Digital,150,24-08-2012,9,Activo
25,DNI,58692617,Ángela,Álvarez,Torres,1983/11/01,41,F,Casado,Postgrado,Empleado Privado,Agricultura,Yanahuara,Arequipa,Sur,6180.81,2422.31,369539.65,349,Premium ,Agencia,138,2013-08-27,8,Activo
26,DNI,17139005,Ricardo,Herrera,Sánchez,27-01-1973,51,M,Soltero,Secundaria,Empleado Público,Finanzas,Santiago de Surco,Lima,Lima y Callao,2333.83,1560.27,96926.28,504,Regular,Agencia,102,2016/08/07,2,Activo
27,DNI,21020539,Fabiola,Reyes,Cruz,27/07/1981,43,F,Casado,Secundaria,Independiente,Comercio,La Esperanza,La Libertad,Norte,850.0,537.51,33142.39,474,Regular,Agencia,38,13-11-2021,9,Activo
28,DNI,84700766,Luis,MamAni,Romero,1978-07-11,46,M,Casado,Técnico,Empleado Público,Salud,Pisco,Ica ,Sur,3926.48,1629.09,134284.09,488,Regular,Agencia,12,2023/12/14,20,Activo
29,DNI,96118367,Carmen,Ramírez,Gutiérrez,24-02-1992,32,F,Conviviente,Técnico,Independiente,Salud,Pisco,Ica,Sur,1516.98,842.64,37787.43,521,Regular,Agencia,136,21/10/2013,20,Activo
30,DNI,52809885,ANDRÉS,Ortiz,Herrera,1979-10-26,45,M,Casado,Técnico,Independiente,Otro,Miraflores,Lima,Lima y Callao,1646.04,875.31,20976.62,519,Regular,Telemarketing,24,13/01/2021,3,Activo
31,DNI,85149368,Ana,Chávez, Ramos ,15/07/1981,43,F,Conviviente,Universitario,Empleado Privado,Finanzas,Cusco,Cusco,Sur,4658.08,2526.41,74743.41,455,Regular,Referido,58,2020/02/29,16,Activo
32,DNI,96120183,Adriana,Gutiérrez,Rodríguez,1986-10-10,38,F,Casado,Técnico,Empleado Privado,Construcción,Chiclayo,Lambayeque,Norte,2270.29,1416.6,126954.51,401,Regular,Agencia,2,2023-04-01,12,Activo
33,DNI,97643815,Fabiola,Pérez,López,25-10-1979,45,F,Casado,Técnico,Empleado Privado,Otro,  La esperanza,La Libertad,Norte,3319.23,1917.55,142880.81,494,Regular,Digital,114,31/07/2015,9,Activo
34,DNI,76226838,Ricardo,Rojas,López,1986-01-07,39,M,Casado,universitario,Empleado Privado,Transporte,La Esperanza,La Libertad,Norte,1371.71,936.2,65707.89,458,Regular,Agencia,75,24/10/2018,9,Inactivo
35,DNI,52975161,Carlos,Quispe,González,1987/08/03,37,M,Soltero,Universitario,Independiente,Tecnología,Piura,Piura,Norte,1279.57,721.02,57444.95,469,Regular,Agencia,75,31-10-2018,14,Inactivo
36,CE,231243292,Claudia,Castillo,Rivera,1978-12-04,46,F,Divorciado,Universitario,Empleado Público,Construcción,Chiclayo,Lambayeque,Norte,4623.08,1925.46,159577.2,527,Regular,Campaña Institucional,90,18-07-2017,12,Activo
37,DNI,77449058,Óscar,Romero,Laime,17/02/1979,45,M,Soltero,Técnico,Independiente,Comercio,Chimbote,Ancash,Centro,2263.91,1312.72,119853.29,386,Regular,Agencia,81,2018-05-03,21,Activo
38,DNI,35978207,Luis,Condori,Medina,1983-05-20,41,M,Soltero,Universitario,Independiente,Transporte,Santiago de Surco,Lima,Lima y Callao,2414.01,1654.45,112067.75,621,Regular,Campaña Institucional,116,2015-05-24,2,Activo
39,DNI,90515186,Ana,Morales,Romero,31-05-1985,39,F,Soltero,Universitario,Empleado Público,Otro,Trujillo,La Libertad,Norte,2326.49,1338.05,62635.38,501,Regular,Campaña Institucional,100,2016/10/01,10,Activo
40,DNI,52816850,Luis,Flores,Jiménez,1997-08-02,27,M,Casado,Secundaria,Pensionista,Manufactura,Pisco, ica ,Sur,-1467.02,885.37,41636.69,504,Regular,Agencia,22,2023/03/03,20,Activo
41,DNI,92962229,Jorge,Flores,González,1973/08/15,51,M,Viudo,Secundaria,Empresario,Salud,Cajamarca,Cajamarca,Norte,3550.39,1464.06,170722.23,600,Regular,Agencia,135,28-11-2013,24,Activo
42,DNI,97746886,Alejandra,Chávez,Romero,1999-09-10,25,F,Conviviente,Universitario,Empleado Público,Finanzas,Cusco,Cusco,Sur,2324.73,1113.61,116349.11,602,Regular,Agencia,50,2020-11-11,16,Activo
43,CE,261375060, daniela ,Choque,Sánchez,1994/01/09,30,F,Casado,Técnico,Empresario,Educación,Cayma,Arequipa,Sur,3712.27,2421.79,84726.17,497,regular ,Campaña Institucional,70,2019-03-19,6,Activo
44,DNI,10432898,Miguel,Castillo,Flores,1989/10/31,35,M,Casado,Universitario,Empleado Privado,Manufactura,Lima,Lima,Lima y Callao,1242.24,836.73,40456.85,478,Regular,Agencia,121,2015/01/09,5,Activo
45,DNI,60953962,Víctor,Quispe,González,1995/11/13,29,M,Casado,Secundaria,Empresario,Transporte,El Tambo,Junín,Centro,6870.31,3709.59,246470.98,446,Regular,Agencia,62,2019/11/06,19,Activo
46,DNI,15319520,Alejandro,Choque,Rodríguez,1964-06-30,62,M,Casado,Técnico,Empresario,Otro,Chiclayo,Lambayeque,Norte,4073.96,1604.86,114550.91,520,Regular,Agencia,65,2019-08-07,12,Activo
47,DNI,5486874,Enrique,Mamani,Gómez,1973-11-05,51,M,Soltero,Universitario,Empleado Privado,Agricultura,Trujillo,La Libertad,Norte,1644.21,1033.19,52284.79,512,Regular,Agencia,52,2020/09/22,10,Activo
48,DNI,75841616,Valeria,Gutiérrez,ToRrEs  ,1967-07-11,57,F,Casado,Universitario,Empleado Público,Tecnología,Chiclayo,Lambayeque,Norte,-1235.37,627.58,38131.31,538,Regular,Agencia,87,2017-11-03,13,Activo
49,DNI,59640165,Marco,Ramos,Romero,1979-03-10,45,M,Casado,Universitario,Independiente,Construcción,Sullana,Piura,Norte,4122.59,1786.43,128143.44,427,Regular,Campaña Institucional,11,2024/01/13,15,Activo
50,DNI,75571928,Alejandra,Martínez,Ramírez,1998/12/04,26,F,Casado,Técnico,Empleado Privado,Agricultura,El Tambo,Junín,Centro,3249.47,1905.66,87189.23,481,Regular,Agencia,9,24-02-2022,19,Activo
51,DNI,73121727,Paola,Apaza,Medina,31/03/1979,45,F,Conviviente,Universitario,Empleado Privado,Transporte,Arequipa,arequipa,Sur,3464.02,2175.37,154529.82,457,Regular,Referido,157,2012/01/30,7,Activo
52,DNI,32370589,Sofía,Ramos,Rivera,1980-01-13,44,F,Casado,Universitario,Independiente,Tecnología,Chiclayo,Lambayeque,Norte,2906.42,1755.68,49562.4,452,Regular,Agencia,131,22-03-2014,12,Inactivo
53,DNI,85289226,Pablo,Mamani,Apaza,20/06/1960,64,M,Casado,Universitario,Independiente,Servicios,Víctor Larco Herrera,La Libertad,Norte,3790.76,2439.24,44863.79,452,regular ,Digital,165,2011-06-11,11,Activo
54,DNI,49818299,Enrique,Cruz,Jiménez,1975-04-23,49,M,Soltero,Universitario,Empresario,Finanzas,Chimbote,Ancash,Centro,3365.57,2189.97,70782.9,563,Regular,Agencia,142,25-04-2013,21,Inactivo
55,DNI,78447364,Carlos,Pérez,Martínez,1969/02/20,55,M,Casado,Universitario,Independiente,Construcción,El Tambo,Junín,Centro,1442.23,670.19,27347.62,558,Regular,Digital,107,2016/02/28,19,Activo
56,DNI,53714732,Víctor,Flores,Vargas,1978/08/02,46,M,Soltero,Técnico,Independiente,Educación,Lima,Lima,Lima y Callao,4271.77,2799.93,250836.0,601,Regular,Telemarketing,95,25/02/2017,5,Activo
57,DNI,1687339,Lucía,Vargas,Laime,1985-08-03,39,F,Casado,Secundaria,Empleado Privado,Salud,Sullana,Piura,Norte,1909.56,823.0,114173.37,433,Regular,Digital,128,30-05-2014,15,Activo
58,DNI,98358416,Sofía,Cusi,García,14/11/1992,32,F,Casado,Universitario,Empleado Público,Agricultura,Chiclayo,Lambayeque,Norte,1891.01,1252.58,86665.78,510,Regular,Referido,94,2017/04/11,13,Activo
59,DNI,80002578,Patricia,Sánchez,Rojas,1979/07/05,45,F,Casado,Universitario,Independiente,Tecnología,Lima,Lima,Lima y Callao,4255.59,2078.89,241825.29,496,Regular,Agencia,51,2020-10-04,5,Inactivo
60,DNI,69409749,Pablo,Ramos,Castillo,1965-05-01,59,M,Casado,Universitario,Empresario,Finanzas,San Juan de Lurigancho,Lima,Lima y Callao,5523.89,3040.07,247771.16,689,Premium,Digital,95,2017/03/03,1,Activo
61,DNI,36897028,Mónica,Flores,Morales,28/12/1975,49,F,Soltero,Técnico,Independiente,Otro,Sullana ,Piura,Norte,1347.69,814.23,24151.66,437,Regular,Digital,81,24-04-2018,15,Activo
62,DNI,33484344,Alejandra,Cusi,  Castillo,1977-04-08,47,F,Casado,Universitario,Empleado Público,Salud,Chimbote,Ancash,Centro,2002.76,1255.8,91101.7,553,Regular,Agencia,178,2010-05-11,21,Activo
63,DNI,40415747,Silvia,Gutiérrez,Chávez,1977-11-11,47,FEMENINO,Soltero,,Independiente,Agricultura,Chiclayo,Lambayeque,Norte,2300.05,1273.82,125535.68,448,Regular,,89,16-08-2017,13,Activo
64,DNI,71208267,Víctor,Morales,Morales,2001-12-12,23,M,Casado,Secundaria,Independiente,Agricultura,Santiago de Surco,Lima,Lima y Callao,1460.47,803.16,60132.1,504,Regular,Agencia,26,2020-09-13,2,Activo
65,DNI,6724004,Carmen,Laime,Cruz,13/04/1980,44,F,Casado,Secundaria,Independiente,Transporte,Cayma,Arequipa,Sur,989.81,645.46,9838.23,497,Regular,Agencia,107,19-02-2016,6,Bloqueado
66,DNI,20549329,Paola, ramírez ,Condori,18-05-1978,46,F,Conviviente,Universitario,Empleado Privado,Educación,Cajamarca,Cajamarca,Norte,1886.38,1205.06,47528.43,501,Regular,Digital,118,2015/04/03,24,Activo
67,DNI,90453017,Lucía,Ramírez,Mamani,30/07/1982,42,F,Soltero,Técnico,Pensionista,Tecnología,SulLanA,Piura,Norte,850.0,324.86,23753.99,504,Regular,Telemarketing,69,22/04/2019,15,Inactivo
68,DNI,87833918,Diana,Torres,Chávez,1976-07-08,48,F,Casado,Universitario,Independiente,Servicios,Cajamarca,Cajamarca,Norte,5203.44,2342.18,77768.41,560,Premium,Telemarketing,156,2012/02/27,24,Activo
69,DNI,71870728,Isabel,Díaz,Laime,1999/04/08,25,F,Casado,Universitario,Empleado Privado,Tecnología,Los Olivos,Lima,Lima y Callao,1552.63,-753.02,54431.73,488,Regular,Digital,175,2010-08-11,4,Activo
70,CE,170462265,Mónica,OrtIz,García,23/09/1976,48,F,Conviviente,Técnico,Independiente,Educación,Miraflores,Lima,Lima y Callao,3496.34,1379.28,90609.4,710,Regular,Agencia,139,2013-07-31,3,Activo
71,DNI,47868633,Rocío,Ramírez,Jiménez,1976-11-13,48,F,Casado,Secundaria,Empleado Privado,Manufactura,Yanahuara,Arequipa,Sur,5253.88,2899.74,186511.75,554,Regular,Telemarketing,1,2021-11-29,8,Activo
72,DNI,30673830,Héctor,Álvarez,Rodríguez,1975-09-12,49,M,Soltero,Postgrado,Empleado Privado,Manufactura,Pisco,Ica,Sur,2561.95,1056.26,24968.68,540,Regular,Referido,173,2010-09-24,20,Activo
73,DNI,92687056, Víctor,Vargas,Morales,1992-08-07,32,M,Divorciado,Técnico,Empresario,Educación,Piura,Piura,Norte,4599.1,3198.32,161451.66,470,Regular,Digital,77,2018/08/27,14,Activo
74,DNI,26343517,Iván,Mamani,Morales,18/09/1982,42,M,Conviviente,Secundaria,Empleado Privado,Manufactura, huancayo,Junín,Centro,9061.75,5495.27,452184.59,398,Regular,Agencia,106,2016-04-04,18,Activo
75,DNI,31739363,Ana,González,Díaz,1974-03-19,50,F,Casado,Universitario,Independiente,Educación,Víctor Larco Herrera,La Libertad,Norte,850.0,475.01,27989.22,470,Regular,Digital,78,2018-07-07,11,Activo
76,DNI,9320489,David,Condori,Huanca,1969-05-21,55,M,Casado,Técnico,Empleado Privado,Construcción,Víctor Larco Herrera,La Libertad,Norte,3231.04,2242.41,104729.32,449,Regular,Agencia,53,13-08-2020,11,Activo
77,DNI,25228728,Claudia,Huanca,Choque,1991-02-08,33,F,Conviviente,Postgrado,Pensionista,Tecnología,  CUSCO,Cusco,Sur,1281.4,625.35,61116.06,431,Regular,Agencia,165,2011-05-21,16,Activo
78,DNI,50997700,Adriana,López,García,1980/06/14,44,F,Casado,Técnico,Empleado Privado,Comercio,Lima,Lima,Lima y Callao,2958.13,1721.11,34120.06,456,Regular,Digital,3,2021-03-10,5,Activo
79,DNI,54615679,María,Condori, Castro ,18-10-1957,67,FEMENINO,Soltero,Universitario,Empleado Privado,Agricultura,Arequipa,Arequipa,Sur,4651.25,1910.83,73223.09,407,Regular,Referido,159,2011/11/24,7,Activo
80,DNI,65918033,Ángela,Martínez,Pérez,1980/06/18,44,F,Conviviente,Universitario,Empleado Público,Finanzas,San Juan de Lurigancho,Lima,Lima y Callao,1643.87,915.41,17947.73,556,Regular,Digital,180,15-03-2010,1,Activo
81,DNI,61429396,Eduardo,Cusi,Laime,1992-02-07,32,M,Casado,Universitario,Empleado Privado,Educación,Arequipa,Arequipa,Sur,2485.77,1683.38,60536.46,500,Regular,Referido,151,2012/08/02,7,Activo
82,DNI,96504773,Silvia,Pérez,Condori,20/07/1972,52,F,Casado,Postgrado,Empleado Privado,Educación,Víctor Larco Herrera,La Libertad,Norte,1681.37,874.09,86777.33,482,Regular,Agencia,155,2012/03/15,11,Activo
83,DNI,51104754,Víctor,Chávez,Morales,1988-12-03,36,M,Soltero,Secundaria,Empleado Privado,Educación,Chimbote,Ancash,Centro,1961.18,842.03,88267.24,575,Regular,,40,2021/08/26,21,Activo
84,DNI,18398262,Carlos,Pérez,Jiménez,1978-04-04,46,M,Soltero,Técnico,Empleado Privado,Salud,Chiclayo,Lambayeque,Norte,1562.28,892.65,38854.49,542,Regular,Agencia,4,2020/10/12,13,Activo
85,DNI,6596575,Marco,Mamani, GonZálEz,17-07-1957,67,m,Casado,Universitario,Empleado Privado,Otro,Arequipa,Arequipa,Sur,5676.92,2605.19,229925.2,437,Regular,Campaña Institucional,118,20/04/2015,7,Activo
86,DNI,56465193,Enrique,Díaz,Mamani,1988/08/02,36,M,Casado,Universitario,Empleado Privado,Otro,Chimbote,Ancash,Centro,5122.63,2599.41,125991.9,445,Regular,Referido,126,2014/08/08,21,Activo
87,DNI,34266179,Diana,Reyes,Romero,1977/08/16,47,F,Casado,Técnico,Empresario,Tecnología,Iquitos,Loreto,Oriente,9475.34,3810.33,493522.82,478,regular ,Telemarketing,128,2014/06/23,22,Inactivo
88,DNI,90965610,Juan,Herrera,Cusi,13-03-1983,41,M,Soltero,Técnico,Independiente,Tecnología,Iquitos,Loreto,Oriente,850.0,346.12,40787.77,426,Regular,Digital,171,2010/12/04,22,Activo
89,DNI,11254573,David,Rojas,Quispe,1986-01-28,38,M,Casado,Técnico,Independiente,Servicios,San Juan de Lurigancho,Lima,Lima y Callao,944.13,509.97,24489.13,568,Regular,Digital,124,22-10-2014,1,Activo
90,DNI,25867362,Marco,Martínez,Torres,26-12-2000,24,M,Soltero,Universitario,Empresario,Educación,Cayma,Arequipa,Sur,3804.19,2234.39,164383.79,490,Regular,Agencia,63,13/10/2019,6,Activo
91,DNI,82553714,Óscar,  CaStRo,Medina,1966/01/13,59,M,Casado,Técnico,Independiente,Otro,Miraflores,Lima,Lima y Callao,963.46,429.56,45399.13,574,Regular,Agencia,148,2012/11/01,3,Activo
92,DNI,25134125,Miguel,Jiménez,Jiménez,1982-05-22,42,M,Casado,Universitario,Independiente,Educación,Trujillo,La Libertad,Norte,1173.13,751.27,52452.28,510,Regular,Digital,158,2011/12/22,10,Activo
93,DNI,7236887,Diego,Cusi,Gómez,1980/04/02,44,M,Casado,Técnico,Empleado Privado,Salud,Sullana,Piura,Norte,2141.83,1011.86,37972.77,494,Regular,Digital,159,2011/12/09,15,Activo
94,DNI,91485807,Ricardo,Chávez,Martínez,1987-08-23,37,M,Casado,Postgrado,Empleado Privado,Servicios,El Tambo,Junín,Centro,2900.48,1370.11,140958.95,517,Regular,Referido,127,2014/07/10,19,Activo
95,DNI,95962923,Juan,romero ,Ortiz,1963-07-22,61,M,viudo,universitario,Empresario,Finanzas,Los Olivos,Lima,Lima y Callao,3122.15,1273.32,165458.67,653,Regular,Agencia,61,22/12/2019,4,Activo
96,CE,604223253,Valeria,Chávez,Chávez,18-03-2004,20,F,Divorciado,Universitario,Empleado Privado,Salud,Iquitos,Loreto,Oriente,2200.14,1440.14,130348.16,486,Regular,Agencia,25,2022/12/08,22,Activo
97,CE,577590175,Mónica,Romero,González,1979/02/22,45,F,Conviviente,Universitario,Independiente,Educación,Cajamarca,Cajamarca,Norte,1542.36,965.58,44648.61,479,Regular,Agencia,72,2019-01-10,24,Activo
98,DNI,17012770,Eduardo,Vargas,Chávez,21/07/1988,36,M,Conviviente,Técnico,Empleado Público,Construcción,Víctor Larco Herrera,La Libertad,Norte,1591.17,671.14,83259.52,543,Regular,Telemarketing,175,24/07/2010,11,Activo
99,DNI,36110371,gabriela,Pérez,Herrera,1978/09/06,46,F,Soltero,tecnico,Empleado Privado,Otro,Santiago de Surco,Lima,Lima y Callao,2075.35,-1229.94,86632.13,542,Regular,Digital,102,26/07/2016,2,Activo
100,DNI,42622189,Miguel, Castro,Ramírez,13-05-1979,45,M,soltero,Universitario,Empleado Privado,Salud,LOS OLIVOS,Lima,Lima y Callao,4373.82,2198.2,201194.39,530,Regular,Agencia,27,2020/07/06,4,Activo
101,CE,523413899,CECILIA,Romero,Reyes,25/11/1992,32,F,Divorciado,Tecnico,Empresario,Comercio,Cajamarca,Cajamarca,Norte,3788.02,1609.17,54563.31,536,Regular,Telemarketing,99,2016/11/02,24,Activo
102,DNI,79180552,Alejandro,Condori,Díaz,27/06/1975,49,M,Casado,UNIVERSITARIO,Empleado Privado,Educación,Yanahuara , arequipa,Sur,2968.2,1179.75,162335.17,505,Regular,Agencia,127,15/07/2014,8,Activo
103,DNI,86661889,Carmen,Rodríguez,González,1968/01/08,57,F,Soltero,Secundaria,Empleado Privado,Servicios,Chiclayo,Lambayeque,Norte,2359.8,926.8,26298.51,540,Regular,Digital,130,2014-04-19,13,Activo
104,DNI,30316179,Rocío,Vargas,Rojas,16-03-1985,39,F,Casado,Técnico,Independiente,Otro,Miraflores,Lima,Lima y Callao,1956.91,1266.22,84959.04,542,Regular,Referido,80,15/05/2018,3,Activo
105,DNI,41056481,Diana,García,Rivera,1973-05-04,51,F,Soltero,Postgrado,Pensionista,Otro,Cajamarca,Cajamarca,Norte,1549.75,848.27,75496.58,571,Regular,Agencia,67,26/06/2019,24,Activo
106,DNI,30756,Diego,Laime,Rivera,1982-07-07,42,M,Conviviente,Secundaria,Empleado Privado,Comercio,Iquitos,Loreto,Oriente,4005.66,2513.41,218316.31,473,Regular,Digital,30,2022/07/08,22,Inactivo
107,DNI,2380617,Cecilia,Cruz,Vargas,1979-09-07,45,F,Conviviente,Universitario,Empleado Público,Agricultura,Miraflores,Lima,Lima y Callao,2048.58,1250.64,45284.71,516,Regular,Agencia,147,23-11-2012,3,Activo
108,CE,320603850,Fernando,Chávez,Laime,1975/08/11,49,M,Conviviente,Secundaria,Independiente,Otro,Cusco,Cusco,Sur,1384.93,633.78,37601.17,611,regular,Agencia,51,2020/09/30,16,Activo
109,DNI,38657191,Fernando,Apaza,Morales,1995/06/08,29,M,Casado,Universitario,Empleado Público,Educación,Tarapoto,San Martín,Oriente,1170.44,467.2,70041.33,549,Regular,Agencia,72,30/01/2019,23,Activo
110,DNI,13291212,Jorge,Morales,Chávez,1973/02/09,51,M,Casado,Técnico,Empresario,Servicios,Víctor Larco Herrera,La Libertad,Norte,8909.9,6026.06,253339.99,568,Regular,Digital,82,24/03/2018,11,Inactivo
111,DNI,52135680,Marco,Quispe,Ortiz,1983-11-11,41,M,Casado,Técnico,Empleado Privado,Construcción,Tarapoto,San Martín,Oriente,1804.89,1152.3,42991.0,489,Regular,Agencia,179,31-03-2010,23,Activo
112,DNI,32365199,Manuel,Choque, morales ,22-11-1991,33,M,Soltero,Universitario,Empleado Público,Comercio,San Juan de Lurigancho,Lima,Lima y Callao,2904.22,1850.71,44345.23,487,Regular,Campaña Institucional,16,2021-10-17,1,Activo
113,DNI,70662532,Patricia,Pérez,Castillo,1992-11-07,32,F,Soltero,Técnico,Empleado Privado,Construcción,El Tambo,Junín,Centro,2241.76,1182.57,37516.84,495,Regular,Agencia,111,2015-10-24,19,Activo
114,DNI,83806578,Marco,Huanca,Álvarez,1989/04/03,35,M,Divorciado,Técnico,Empleado Público,Finanzas, Piura ,Piura,Norte,1438.15,586.87,40148.54,508,Regular,Digital,52,2020/09/03,14,Activo
115,DNI,34803965,Andrés,Cruz,Rodríguez,1980-08-21,44,M,Conviviente,Postgrado,Empleado Privado,Construcción,El Tambo,Junín,Centro,2244.09,1564.78,79733.59,464,Regular,Agencia,60,22-01-2020,19,Activo
116,Pasaporte,784270103,Diana,Jiménez,Rodríguez,17-01-1980,44,F,Casado,Secundaria,Independiente,Salud,El Tambo,Junín,Centro,859.08,586.94,32050.16,410,Regular,Agencia,49,2020/09/19,19,Inactivo
117,DNI,51569154,Jorge,Castillo,Gómez,1991/07/28,33,M,Casado ,Postgrado,Empleado Privado,Educación,Lima,Lima,Lima y Callao,2385.46,1019.23,106496.98,491,Regular,Referido,29,2021-09-06,5,Inactivo
118,DNI,9690295,Lucía,Choque,Jiménez,1965/09/23,59,F,Conviviente,Postgrado,Independiente,Manufactura,Cajamarca,Cajamarca,Norte,4798.19,3073.84,132794.58,509,Regular,Digital,177,2010/06/09,24,Activo
119,DNI,57043315,Andrés,González,Morales,18/07/1983,41,M,Soltero,,Estudiante,Comercio, Miraflores,Lima,Lima y Callao,850.0,368.67,45931.16,482,Regular,Agencia,172,26-10-2010,3,Activo
120,DNI,27104054,Roberto,Álvarez,Huanca,1986/07/01,38,M,Conviviente,Secundaria,Empleado Público,Construcción,El Tambo,Junín,Centro,2328.09,1164.3,118960.66,456,Regular,Telemarketing,167,2011/03/21,19,Activo
121,DNI,36884443,Luis,Castillo,MAMANI  ,18/01/1976,48,M,Soltero,Técnico,Empleado Privado,Tecnología,Cayma,Arequipa,Sur,6408.04,4367.6,106244.37,498,regular ,Telemarketing,14,2020-08-14,6,Activo
122,DNI,17146774,José,Pérez,Chávez,1978-02-08,46,M,Soltero,Universitario,Independiente,Construcción,Arequipa ,Arequipa,Sur,3894.97,2078.77,50803.33,474,Regular,Agencia,44,2021/05/01,7,Activo
123,DNI,58693806,Juan,  ortiz,Romero,18/05/1980,44,M,Viudo,Técnico,Empleado Privado,Tecnología,Lima,Lima,Lima y Callao,2909.75,1885.13,108652.46,497,regular ,Referido,179,29/03/2010,5,Inactivo
124,DNI,92172233,Claudia,Mamani,Ramos,29/11/1992,32,F,Soltero,Técnico,Empleado Público,Otro,El Tambo,Junín,Centro,1969.45,1286.56,19312.19,519,Regular,Digital,133,2014/01/03,19,Bloqueado
125,DNI,99861622,Elena,Ortiz,Vargas,1965/12/12,59,F,Casado,Universitario,Empleado Privado,Servicios,Wanchaq,Cusco,Sur,5194.04,2898.46,190656.68,637,Regular,Telemarketing,118,25-03-2015,17,Activo
126,DNI,29960653,Marco,Cusi,Jiménez,1992-06-12,34,M,Soltero,Técnico,Empleado Privado,Agricultura,Cusco,Cusco,Sur,4071.91,2400.52,153695.09,486,Regular,Telemarketing,10,15-12-2021,16,Activo
127,Pasaporte,754691373,Sofía,Ramos,Gutiérrez,1956/05/11,68,F,Conviviente,Técnico,Empresario,Salud,Yanahuara,Arequipa,Sur,4227.23,2532.76,247588.12,492,Regular,Referido,35,2022-02-06,8,Inactivo
128,DNI,30307053,Isabel,Rivera,González,1990/08/03,34,F,Soltero ,Universitario,Independiente,Tecnología,Wanchaq,Cusco,Sur,850.0,432.72,41298.83,443,Regular,Agencia,146,2013-01-03,17,Inactivo
129,DNI,41406029, Claudia,Herrera,Huanca,1992/03/10,32,f,Divorciado,Técnico,Empleado Público,Manufactura,Huancayo,Junín,Centro,2071.16,1423.65,67681.94,510,Regular,Digital,90,30-07-2017,18,Activo
130,DNI,44665743,José,Condori,Rodríguez,1960-02-02,64,M,Casado,Universitario,Empleado Privado,Finanzas,San Juan de Lurigancho,Lima,Lima y Callao,5344.65,3589.92,222675.87,488,Regular,Agencia,58,2020-03-19,1,Activo
131,Pasaporte,544432830,Héctor,Herrera,Choque,2002/02/11,24,M,Viudo,Universitario ,Independiente,Finanzas,Cusco,Cusco,Sur,3016.4,1419.09,131483.32,399,Regular,Digital,17,2023-07-30,16,Activo
132,DNI,38758428,Carlos,Huanca,Chávez,1961/09/06,63,M,Soltero,Secundaria,Empresario,Construcción,El Tambo,Junín ,Centro,13491.14,6873.35,624775.62,531,Premium,Referido,49,2020-12-12,19,Activo
133,DNI,71709991,Lucía,Castillo,Pérez,15-09-1991,35,F,Casado,Secundaria,Empleado Público,Servicios,Víctor Larco Herrera,La Libertad,Norte,3049.6,1885.1,73094.14,471,Regular,Telemarketing,96,2017/02/03,11,Activo
134,DNI,21752500,Juan,FloRes  ,Ramírez,1968/10/04,56,M,Casado,Tecnico,Empleado Privado,Construcción,  Sullana,Piura,Norte,1419.53,987.85,77262.1,473,Regular,Digital,37,2021/12/07,15,Activo
135,DNI,50583003,Carmen,Ramírez,Castro ,1982/02/21,42,F,Soltero,Universitario,Empleado Público,Agricultura,San Juan de Lurigancho,Lima,Lima y Callao,2150.12,1112.23,70577.29,482,Regular,Agencia,10,18-02-2024,1,Activo
136,DNI,25753260,Lucía,González,  Martínez,14-08-1968,58,F,Soltero,Universitario,Pensionista,Construcción,Wanchaq,Cusco,Sur,850.0,447.01,29796.75,487,Regular,Agencia,87,2017-10-26,17,Activo
137,DNI,167618,Miguel,Herrera,Martínez,1981/07/03,43,m,Soltero,Universitario,Empresario,Manufactura,SaNtIaGo dE SuRcO,Lima,Lima y Callao,7869.1,3634.36,281762.09,559,Premium,Referido,170,2011-01-11,2,Activo
138,DNI,41173934,Héctor,Sánchez,Apaza,22/08/1996,28,M,Viudo,Postgrado,Independiente,Transporte,Los Olivos,Lima,Lima y Callao,850.0,513.6,25312.1,533,Regular,Referido,131,2014-03-06,4,Activo
139,DNI,18114374,Diego,Reyes,Mamani,1979/07/27,45,M,Soltero,Secundaria,,Construcción,Los Olivos,Lima,Lima y Callao,2003.63,769.55,25302.14,576,Regular,Telemarketing,147,2012/11/13,4,Inactivo
140,DNI,79415521,Héctor,Vargas,Castro,13/11/1981,43,M,Casado ,Postgrado,Empleado Privado,Agricultura,Iquitos,Loreto,Oriente,5175.46,3222.37,53753.53,498,Regular,Telemarketing,166,2011-05-09,22,Activo
141,DNI,72965902,José,Rivera,Torres  ,1958/11/11,66,M,Casado,Técnico,,Educación,Piura,Piura,Norte,9417.08,3755.22,536851.57,515,Premium,Digital,152,2012/06/22,14,Activo
142,DNI,16375628,María,Apaza,Laime,1971/03/31,53,F,Conviviente,Universitario,Empleado Privado,Comercio,Wanchaq,Cusco,Sur,4260.83,2922.26,227543.09,583,Regular,Digital,134,2013/12/07,17,Activo
143,DNI,63177971,Paola,Rivera,González,1994/05/02,30,F,Conviviente,Técnico,Empleado Privado,Servicios,Wanchaq,Cusco,Sur,3648.98,1772.99,81971.31,530,Regular,Campaña Institucional,58,2020/03/10,17,Activo
144,DNI,83755037,Pablo,Álvarez,Martínez,2004-03-26,20,M,Casado,Universitario,Empleado Público,Finanzas,Pisco,Ica,Sur,1095.39,705.75,53863.32,360,Regular,Digital,164,2011/07/04,20,Activo
145,DNI,10272614,Rosa,Sánchez,Cruz,1987/09/01,38,F,casado,Secundaria,Empleado Privado,Educación,Trujillo,La Libertad,Norte,3954.02,2552.57,229928.44,567,Regular,Agencia,141,17-05-2013,10,Activo
146,DNI,82708086, ANDRÉS ,Sánchez,Álvarez,19-12-1982,42,M,Viudo,Técnico,Pensionista,Tecnología,Sullana,Piura,Norte,2010.09,1302.52,77626.01,411,Regular,Referido,118,2015/04/02,15,Inactivo
147,CE,346547226,Lucía,Ramírez,Sánchez,2003/06/22,21,F,Casado,Universitario,Independiente,Tecnología,Chiclayo,Lambayeque,Norte,1886.23,1082.64,46657.55,476,Regular,Agencia,108,29/01/2016,13,Activo
148,DNI,28851587,Diana,Choque,Reyes,1983-10-01,41,F,Casado,Postgrado,Empleado Privado,Educación,Iquitos,Loreto,Oriente,1005.42,611.9,43940.66,478,Regular,Referido,34,2020-04-16,22,Inactivo
149,DNI,44204380,Cecilia ,García,Apaza,14-11-1998,26,F,Casado,Técnico,Empleado Privado,Finanzas,Arequipa,Arequipa,Sur,3498.58,1492.16,149925.41,486,Regular,Telemarketing,69,2019/04/08,7,Activo
150,CE,665800439,Silvia,Choque,Medina,1994/09/09,30,F,Conviviente,Universitario,Empleado Público,Salud,Tarapoto,San Martín,Oriente,,991.76,69032.15,429,Regular,Referido,171,2010-12-14,23,Inactivo
151,DNI,28160648,Ángela,Herrera,Cusi,1983-03-09,41,fem,Soltero,Secundaria,Empleado Privado,Agricultura,Sullana,Piura,Norte,4557.16,2788.86,82310.88,436,Regular,Agencia,46,25/01/2020,15,Activo
152,DNI,85158328,Ana,Flores,Vargas,13/03/1976,48,F,Soltero,Universitario,Empleado Privado,Educación,Iquitos, LORETO,Oriente,-2284.29,1549.58,91398.21,452,Regular,Digital,78,2018/07/21,22,Activo
153,DNI,1573993,Fernando,Castillo,Castillo,1984/07/10,40,M,Conviviente,Universitario,Empleado Privado,Transporte,Cusco,Cusco,Sur,1671.71,1143.61,67120.14,452,Regular,Agencia,144,2013-02-06,16,Activo
154,DNI,35811288,Eduardo,Cusi, Chávez,26/12/1997,27,M,Soltero,Secundaria,Empresario,Otro,Sullana,Piura,Norte,16526.08,10627.51,454431.14,515,Regular,Digital,125,24/09/2014,15,Activo
155,DNI,50110248,Rosa,Reyes,Cusi,1991-01-15,33,F,Soltero,Universitario,Empresario,Agricultura,Miraflores,Lima,Lima y Callao,6076.95,3750.94,186151.34,495,Regular,Digital,176,2010-07-14,3,Activo
156,DNI,15814491,Andrés,Rodríguez,Medina,1985-01-31,39,M,Soltero,Postgrado,Empleado Privado,Educación,Miraflores,Lima,Lima y Callao,3784.17,1445.13,172008.9,527,Regular,Agencia,150,2012/09/04,3,Activo
157,DNI,50882100,Iván,Cruz,Ramírez,1989/06/23,35,M,Casado,Técnico,Independiente,Tecnología,Chimbote,Ancash,Centro,1475.76,961.94,34442.59,460,Regular,Telemarketing,37,19-10-2020,21,Activo
158,DNI,31290878,Silvia,Jiménez,Reyes,2004-06-08,20,F,Soltero,Universitario,Empresario,Agricultura,Cayma,Arequipa,Sur,1925.71,1256.46,29670.7,549,Regular,Agencia,57,2020-04-07,6,Activo
159,DNI,94929955,Andrés,Jiménez,Ramírez,1963/02/07,61,M,Conviviente,Secundaria,Independiente,Transporte,Arequipa,Arequipa,Sur,2240.92,923.29,90118.2,546,Regular,Agencia,82,2018/03/23,7,Activo
160,DNI,91428341,Cecilia,Gutiérrez,Herrera,1979-11-05,45,F,Divorciado,Universitario,Independiente,Tecnología,Trujillo,La Libertad,Norte,,10004.97,678337.08,590,Premium,Digital,125,2014-09-08,10,Activo
161,DNI,94278816,Fabiola,Reyes,Martínez,1984/04/03,40,F,Casado,Secundaria,Empleado Privado,Manufactura,Chimbote,Ancash,Centro,1739.67,1158.75,62738.08,395,Regular,Telemarketing,39,2021/07/10,21,Activo
162,DNI,73145303,Lucía, CONDORI,Ramírez,1980/05/28,44,F,Casado,Universitario,Empleado Privado,Educación,Lima,Lima,Lima y Callao,1980.99,1111.8,74133.11,411,Regular,Digital,124,14/10/2014,5,Activo
163,DNI,26659184,Rodrigo,Vargas,Sánchez,14-01-1990,34,M,Casado,Postgrado,Pensionista,Tecnología,Cajamarca,Cajamarca,Norte,850.0,495.33,18888.49,565,regular ,Digital,68,14/05/2019,24,Activo
164,DNI,59136517,Diego,García,Condori,1972/11/03,52,mas,Casado,Técnico,Empleado Público,Finanzas,La Esperanza,La Libertad,Norte,2262.72,1026.36,78643.43,603,Regular,Agencia,55,21/06/2020,9,Activo
165,DNI,28699041,Juan,Ramírez,Laime,14/03/1982,42,M,Soltero,Universitario,Empleado Privado,Salud,El Tambo,Junín,Centro,1851.68,1076.66,18587.02,570,Regular,Telemarketing,38,2020-07-04,19,Activo
166,DNI,36621038,Elena,Flores,Gómez,28-02-1976,48,F,Conviviente,Universitario,Independiente,Educación,Víctor Larco Herrera,La Libertad,Norte,1179.53,548.06,53854.64,483,Regular,Referido,117,2015-05-04,11,Activo
167,DNI,68650863,Víctor,Martínez,Cusi,1993/04/26,31,M,Conviviente,Técnico,Independiente,Educación, Pisco,Ica,Sur,850.0,348.35,35945.15,519,Regular,Agencia,139,2013-07-06,20,Activo
168,DNI,64300981,Diana,Laime,Sánchez,1960-06-13,64,F,casado ,Técnico,Empleado Privado,Manufactura,Miraflores,Lima,Lima y Callao,1651.36,879.66,33176.93,544,REGULAR,Referido,73,2018-12-14,3,Activo
169,DNI,68872588, Jorge ,Castro,Ortiz,1990-08-29,34,M,Casado,Postgrado,Empresario,Finanzas,La Esperanza,La Libertad,Norte,4022.64,2073.83,108665.56,466,Regular,Agencia,175,2010-08-05,9,Activo
170,DNI,89026012,Adriana,Torres,Cruz,25-05-1993,31,F,Casado,Universitario,Independiente,Servicios,Wanchaq,Cusco,Sur,2211.53,1512.15,29224.24,425,Regular,Agencia,103,2016/06/21,17,Activo
171,DNI,3843098,Juan,Medina,Rojas,1979-03-04,45,M,Casado,Técnico,,Construcción,Santiago de Surco,Lima,Lima y Callao,2302.6,1086.07,133789.24,478,Regular,Referido,45,2020-08-08,2,Activo
172,DNI,18489554, Lucía,Pérez,Gutiérrez,1993-06-18,31,F,Soltero,Postgrado,Empleado Público,Salud,Wanchaq,Cusco,Sur,1535.74,777.77,59089.39,531,Regular,Telemarketing,4,2020-01-18,17,Activo
173,DNI,94769735,José, CONDORI,Sánchez,1976-04-01,48,M,Conviviente,Técnico,Empleado Privado,Salud,Wanchaq, CUSCO,Sur,1826.51,866.06,104558.21,501,Regular,Telemarketing,66,2019/07/03,17,Inactivo
174,DNI,4341651,Eduardo, GoNzÁlEz ,Medina,23/02/1973,51,M,Casado,Secundaria,Independiente,Transporte,Víctor Larco Herrera,La Libertad,Norte,850.0,382.94,37791.98,528,Regular,Agencia,106,2016-04-06,11,Inactivo
175,DNI,95211179,Manuel,Díaz,Huanca,29-09-1990,34,M,Soltero,Universitario,Empleado Privado,Comercio,Yanahuara,Arequipa,Sur,3559.11,1628.14,77592.44,436,Regular,Telemarketing,52,28-08-2020,8,Activo
176,DNI,67808562,Óscar,Gutiérrez,Huanca,2004/10/04,20,M,Casado,Secundaria,Estudiante,Tecnología,Yanahuara,Arequipa,Sur,850.0,572.15,19187.78,454,Regular,Digital,148,2012/10/31,8,Activo
177,DNI,95527636,Fernando,Medina,Sánchez,30-07-1979,45,M,Casado,Técnico,Empleado Público,Educación,La Esperanza,La Libertad,Norte,1503.02,-985.66,26651.44,545,Regular,Agencia,61,20/12/2019,9,Activo
178,CE,270267288,Óscar,Cruz,Sánchez,2002/08/21,22,M,Divorciado,universitario ,Empresario,Agricultura,Arequipa,Arequipa,Sur,4677.59,2608.73,245704.7,415,Regular,Agencia,38,23/10/2021,7,Inactivo
179,DNI,84506159,Miguel,Rivera,López,1990-09-21,34,M,Soltero,Universitario,Empresario,Otro,Víctor Larco Herrera,La Libertad,Norte,5543.64,2951.95,225919.05,454,Regular,Digital,67,20-06-2019,11,Bloqueado
180,DNI,56996112,Andrés,Condori,Huanca,27/05/1987,37,M,Casado,Técnico,Empresario,Otro,Lima,Lima,Lima y Callao,10093.52,5066.37,231133.8,483,Regular,Agencia,43,2021/05/31,5,Activo
181,DNI,41326111,Gabriela,Romero,Herrera,19/03/1972,52,F,Conviviente,Técnico,Empleado Público,Comercio,San Juan de Lurigancho,Lima,Lima y Callao,1444.66,757.14,24126.6,550,Regular,Agencia,33,2021/04/11,1,Activo
182,DNI,72282005,Carmen,Sánchez,Ortiz,1965-03-05,59,F,Conviviente,técnico,Empleado Privado,Salud,Trujillo,La Libertad,Norte,934.31,550.82,50494.32,466,Regular,Digital,59,2020/02/19,10,Inactivo
183,DNI,88457831,Rocío,Romero,Ramírez,21-01-1976,48,F,casado,,Empleado Público,Agricultura,Cajamarca,Cajamarca,Norte,2033.92,1157.43,64557.15,536,Regular,Agencia,163,15/07/2011,24,Activo
184,DNI,49308536,Patricia,Jiménez,Chávez,14/05/1990,34,F,Conviviente,Técnico,Empleado Público,Manufactura,Cusco,Cusco,Sur,2052.07,1231.42,68909.43,486,Regular,Agencia,77,2018/09/04,16,Activo
185,DNI,84631224,Pablo,Cruz,Ortiz,1968/12/05,56,M,Soltero,Técnico,Empleado Público,Salud, PISCO ,Ica,Sur,2583.92,1179.97,123397.66,547,Regular,Agencia,178,28/04/2010,20,Activo
186,DNI,12073564,Carlos,Flores,López,1987-04-12,37,M,Divorciado,Técnico,Empleado Privado,Transporte,Lima,Lima,Lima y Callao,2147.52,1484.25,48684.18,456,Regular,Digital,113,2015-08-28,5,Activo
187,DNI,36730371,Jorge,López,Gutiérrez,1978/06/26,46,M,Casado,Postgrado,Empleado Privado,Salud,La Esperanza,La Libertad,Norte,2377.6,1261.19,42782.53,509,Regular,Agencia,98,2016/11/17,9,Inactivo
188,Pasaporte,365024916,Lucía,Martínez,Choque,26/04/1958,66,F,DIVORCIADO,Secundaria,Empleado Privado,Comercio,Santiago de Surco,Lima,Lima y Callao,5203.59,2778.68,122483.56,502,Regular,Digital,171,2010/12/09,2,Activo
189,DNI,28127358,Patricia,Herrera,Pérez,1968/09/09,56,F,Divorciado,Universitario,Empleado Privado,Salud,Chimbote,Ancash,Centro,2568.96,1051.34,103193.92,397,Regular,Referido,16,2021/02/04,21,Activo
190,DNI,85574982,Manuel,Ramírez,Ortiz,19/12/1995,29,M,Soltero,Secundaria,Empleado Público,Agricultura,Tarapoto,  San Martín,Oriente,900.09,468.05,20994.74,465,Regular,Referido,126,20/08/2014,23,Activo
191,CE,638782945,Rodrigo,Condori,Medina,1982-10-09,42,M,Casado,Técnico,Empresario,Servicios,Víctor Larco Herrera,La libertad,Norte,15683.28,9069.88,422380.69,552,Premium,Digital,17,19-07-2023,11,Activo
192,DNI,99405391,Patricia,Gómez,Martínez,29-09-1985,39,F,Soltero,Postgrado,Empleado Privado,Otro,Chimbote,Ancash,Centro,4214.14,1859.77,40685.38,365,Regular,Digital,100,2016/09/23,21,Inactivo
193,DNI,80141381,Rodrigo,López,Herrera  ,1980/04/01,44,M,Soltero,Técnico,Independiente,Educación,Tarapoto,San Martín,Oriente,4060.79,2700.17,206066.33,412,Regular,Agencia,15,2023-09-12,23,Activo
194,DNI,61228685,Rodrigo,Gómez,Choque,1969-04-04,55,mas,Casado,Universitario,Empleado Público,Finanzas,Chiclayo,Lambayeque,Norte,2653.99,1098.13,109366.85,504,Regular,Digital,173,2010/10/02,12,Activo
195,DNI,45776004,Andrés,Herrera,Álvarez,23-02-1975,49,M,Casado,Universitario,Empleado Público,Agricultura,Arequipa,Arequipa,Sur,5510.65,3374.05,218428.36,534,Regular,Agencia,97,2016/12/19,7,Bloqueado
196,DNI,24593344,Andrés,Rodríguez,Gutiérrez,1980/04/03,44,M,Soltero,Técnico,Empleado Público,Manufactura,Los Olivos,Lima,Lima y Callao,1782.52,1002.87,67243.46,462,Regular,Referido,10,24-10-2021,4,Activo
197,DNI,55661390,Lucía,Huanca,Laime,26/11/1973,51,F,Casado,Universitario,Independiente,Comercio,El Tambo,Junín,Centro,1368.11,651.39,62934.49,503,Regular,Agencia,98,2016-12-11,19,Activo
198,DNI,81364622,Patricia,Vargas,Condori,1988/01/18,36,F,Casado,Técnico,Empleado Privado,Comercio,Chiclayo,Lambayeque,Norte,3454.59,1368.59,159056.53,499,Regular,Digital,115,28-06-2015,13,Activo
199,Pasaporte,833146591,José,Ramírez,Ramírez,13/05/1970,54,M,Soltero,Técnico,Independiente,Transporte,Arequipa,Arequipa,Sur,1780.21,954.4,74620.92,489,Regular,Agencia,144,13/02/2013,7,Activo
200,CE,335211039,María,Ramos,Rivera,13/07/1994,30,F,Conviviente,Universitario,Independiente,Agricultura,Lima,Lima,Lima y Callao,1553.36,1082.46,48146.28,488,Regular,Agencia,113,19-09-2015,5,Activo
201,DNI,20698042,César,Mamani,Rodríguez,1973/07/28,51,M,Soltero,Técnico,Empleado Privado,Finanzas,Wanchaq,Cusco,Sur,,1059.39,35681.86,548,regular,Agencia,67,2019/06/14,17,Activo
202,Pasaporte,815798123,Carmen,Medina,Gutiérrez,1966-02-10,58,F,Casado,Técnico,Empresario,Comercio,Chimbote,Ancash,Centro,8241.68,4872.75,436336.61,646,Premium,Agencia,99,2016-11-06,21,Inactivo
203,DNI,46084325,Diego,Rojas,Rivera,1992/12/30,32,M,Conviviente,Universitario,Empleado Privado,Servicios,Yanahuara,Arequipa,Sur,1412.87,696.0,57238.2,372,Regular,Referido,129,20/05/2014,8,Activo
204,DNI,32983248,Ángela,Cruz,Álvarez,14/09/1965,59,F,Conviviente,Técnico,Independiente,Construcción,Pisco,Ica,Sur,4161.74,2149.41,100896.82,513,Regular,Referido,85,2017-12-24,20,Activo
205,Pasaporte,647423122,Luis,Choque,Cusi,1979-11-13,45,M,Soltero,Postgrado,Empleado Privado,Finanzas,San Juan de Lurigancho,Lima,Lima y Callao,1659.41,1076.37,25832.35,625,Regular,Agencia,82,2018/03/10,1,Activo
206,DNI,26772233,RicArdO,Cruz,Rodríguez,1981-07-12,43,M,Soltero,Universitario,Empleado Privado,Comercio,Pisco,Ica,Sur,3031.26,1908.31,45385.55,530,Regular,Telemarketing,121,2015/01/01,20,Inactivo
207,DNI,73660965,Héctor,Díaz,Reyes,1977/12/10,47,M,Casado,Postgrado,Empleado Privado,Finanzas,Pisco,Ica,Sur,3306.38,2266.54,101978.12,453,Regular,Digital,126,2014-08-04,20,Activo
208,DNI,8680347,Ana,Apaza,Sánchez,26/05/1977,47,F,Casado,Técnico,Empleado Público,Agricultura,Yanahuara,Arequipa,Sur,4649.32,3072.67,249410.71,593,Regular,Digital,133,2014-01-11,8,Activo
209,DNI,82665702,  Ana,Apaza,  Flores,1953-05-24,73,F,Casado,Universitario,Empresario,Manufactura,Los Olivos,Lima,Lima y Callao,4828.24,2532.62,220059.75,485,Regular,Telemarketing,47,2021-01-27,4,Activo
210,DNI,89268602,Rodrigo,Rivera,Torres,25-11-1984,40,M,Conviviente,Universitario,Empleado Privado,Otro,Wanchaq,Cusco,Sur,2884.43,1510.89,77513.45,545,Regular,Telemarketing,99,21/10/2016,17,Activo
211,DNI,40777809,Enrique,López,Álvarez,2003-08-02,21,M,Conviviente,Técnico,Empleado Privado,Finanzas,Los Olivos,Lima,Lima y Callao,5146.09,3221.26,160585.94,453,Regular,Referido,34,2022-03-11,4,Activo
212,DNI,50209945,Víctor,García,Morales,1988/04/04,36,M,Conviviente,Secundaria,Empleado Privado,Educación,Arequipa,Arequipa  ,Sur,1639.12,952.6,83015.38,386,Regular,Campaña Institucional,13,2019/12/13,7,Activo
213,DNI,56168147,Héctor,Laime,Choque,1973-10-15,51,M,Soltero,Universitario,Pensionista,Agricultura,Santiago de Surco,Lima,Lima y Callao,1152.6,714.37,30808.78,427,Regular,Agencia,24,27-11-2020,2,Activo
214,CE,469548995,Fernando,López,Sánchez,21-03-1998,26,M,Conviviente,universitario,Independiente,Salud,CUSCO ,Cusco,Sur,1620.07,941.7,96124.98,554,Regular,Digital,177,2010-05-30,16,Activo
215,DNI,66055830,Roberto,Cruz,Chávez,1986/10/03,38,M,Casado,Universitario,Empleado Privado,Agricultura,Los Olivos,Lima,Lima y Callao,1302.64,505.0,52788.13,466,Regular,Referido,54,2020/06/30,4,Activo
216,DNI,57702727,Andrés,García,Torres,24-01-1986,38,M,Conviviente,Universitario,Empleado Privado,Transporte,San Juan de Lurigancho,Lima,Lima y Callao,850.0,430.73,31946.33,475,Regular,Digital,45,2020/11/09,1,Activo
217,DNI,51240568,Ana,Apaza,Ramos,1985/03/27,39,F,Conviviente,Universitario,Independiente,Educación,Arequipa,Arequipa,Sur,3710.21,1784.47,133070.56,587,Regular,Agencia,148,2012/10/14,7,Activo
218,DNI,21503178,Sofía,Vargas,Martínez,1969/08/28,55,F,Soltero,Técnico,Empleado Público,Tecnología,Sullana,Piura,Norte,2081.54,1122.07,42374.74,465,Regular,Agencia,78,2018/07/30,15,Activo
219,DNI,7681040,Alejandro,Ramos,Vargas,1952-11-06,72,M,Casado,Universitario,Independiente,Servicios,Wanchaq,Cusco,Sur,2983.15,1227.39,176239.19,516,Regular,Agencia,174,2010-09-12,17,Inactivo
220,DNI,57142241,Héctor,Ramos,Rodríguez,22/03/1983,41,M,Soltero,Universitario,Independiente,Tecnología,Arequipa,Arequipa,Sur,2658.57,1553.75,50278.81,478,Regular,Agencia,50,13/11/2020,7,Activo
221,DNI,7016016,Gabriela,Flores,Chávez,1989-03-22,35,F,Casado,Universitario,Empleado Privado,Finanzas,Víctor Larco Herrera,La Libertad,Norte,2052.0,826.54,81853.6,474,Regular,Digital,139,2013/07/18,11,Activo
222,DNI,71747733,David,Ramos,Castillo,1989-09-30,35,M,Soltero,Universitario,Independiente,Agricultura,Sullana,Piura,Norte,1340.78,797.33,47921.11,481,Regular,Telemarketing,146,2012/12/30,15,Activo
223,DNI,59928161,Adriana,Castillo,Vargas,23-05-1986,38,F,Casado,Universitario,Empleado Público,Agricultura,Cusco,Cusco,Sur,3734.29,1497.14,51795.08,358,Regular,Digital,119,2015-02-25,16,Activo
224,DNI,69583219,Víctor,Morales,Choque,1969/10/25,55,M,Viudo,Secundaria,Estudiante,Finanzas,Tarapoto,San Martín,Oriente,1177.87,592.26,30291.44,390,Regular,Digital,152,2012-06-24,23,Activo
225,DNI,1329022,Lucía,Ramos,Rojas ,1987/12/06,37,F,Casado,Técnico,Independiente,Finanzas, Chiclayo ,Lambayeque,Norte,1729.98,1036.89,67491.85,401,Regular,Digital,84,2018-01-22,13,Activo
226,DNI,86240580,Valeria,RaMoS,Laime,1992/01/27,32,F,Soltero,Universitario,Empleado Privado,Transporte, Chiclayo ,Lambayeque,Norte,1510.84,1030.19,46240.48,567,Regular,Agencia,23,19/01/2021,12,Activo
227,DNI,86562422,José,Rojas,Vargas,15/01/1971,53,M,Soltero,Universitario,Empleado Público,Construcción,Iquitos,Loreto,Oriente,3801.51,1908.74,138170.36,566,Regular,Referido,45,2021/04/06,22,Activo
228,DNI,27868765,Jorge,Pérez,Ramírez,1996-02-14,28,M,Soltero,tecnico,Empresario,Comercio,Tarapoto,San Martín,Oriente,3743.06,2452.64,203870.59,516,Regular,Digital,155,2012-03-10,23,Activo
229,DNI,12847818,Alejandro,Gutiérrez,Álvarez,1997/04/03,27,M,Conviviente,Secundaria,Independiente,Salud,Cusco,Cusco,Sur,3404.86,1330.31,33942.99,454,Regular,Digital,95,2017/03/10,16,Activo
230,CE,956544209,Adriana,Cusi,Ramos,1987-03-03,37,F,Divorciado,Universitario,Empleado Privado,Finanzas,Cusco,Cusco,Sur,3910.24,1915.76,189581.77,507,Regular,Agencia,117,2015-05-07,16,Activo
231,DNI,44401929,Fabiola,López,Chávez,1987/02/25,37,F,Divorciado,Universitario,Empleado Privado,Transporte,Miraflores,Lima,Lima y Callao,4892.89,2618.3,71410.31,425,regular ,Referido,72,2019-01-24,3,Activo
232,Pasaporte,637239504,Paola,Gómez,Apaza,1975-12-28,49,F,Divorciado,secundaria,Empleado Privado,Construcción,Lima,Lima,Lima y Callao,4034.8,1642.2,62715.53,484,Regular,Digital,127,2014/07/03,5,Activo
233,CE,765801856,Iván,Cruz,Medina,28/01/1979,45,M,Casado,,Independiente,Agricultura,Piura,Piura,Norte,993.45,528.38,15445.95,540,Regular,Agencia,4,2020-08-03,14,Activo
234,DNI,25800106,Rodrigo,Rojas,Quispe,1985/01/30,39,M,Soltero,Secundaria,Independiente,Salud,Arequipa,Arequipa,Sur,1580.65,972.07,61034.69,539,Regular,Agencia,134,2013-12-19,7,Activo
235,DNI,11926921,Juan,Rodríguez,Pérez,1991/12/11,33,M,Casado,Técnico,,Salud,Pisco,Ica,Sur,850.0,501.6,43727.29,385,Regular,Referido,164,2011-07-10,20,Activo
236,Pasaporte,442717396,Eduardo,  CasTro,Vargas,1975/09/04,49,M,Soltero,Técnico,Empleado Privado,Construcción,Chiclayo, LamBayEquE,Norte,1581.21,638.3,76545.6,593,Regular,Digital,100,2016-10-04,13,Activo
237,DNI,642569,Rosa,Romero,Ortiz,14-11-2004,20,F,Soltero,Universitario,Empleado Privado,Salud,San Juan de Lurigancho,Lima,Lima y Callao,5543.57,2231.46,254074.83,472,Regular,Digital,128,2014-06-23,1,Activo
238,CE,554601585,CARMEN,Cusi,Cruz,1975-01-09,51,F,Soltero,Técnico,Empleado Público,Agricultura,Los Olivos,Lima,Lima y Callao,1671.13,1003.62,81135.29,525,Regular,Digital,146,2012/12/17,4,Activo
239,DNI,32030937,Pablo,Díaz,Ramos,1983/01/20,41,M,Casado,Universitario,Empleado Público,Otro,Cusco,Cusco,Sur,3255.84,1348.46,142670.3,514,Regular,Agencia,22,2020-12-02,16,Activo
240,DNI,87829310,Alejandra,Rodríguez,Martínez,1981/07/22,43,F,Divorciado,Técnico,Empleado Privado,Comercio,los olivos,Lima,Lima y Callao,2392.82,1512.48,24469.83,486,Regular,Digital,55,2020-05-31,4,Inactivo
241,DNI,91117993,Enrique,Ramírez,García,16-10-1979,45,M,Soltero,tecnico,Independiente,Transporte,Los Olivos,Lima,Lima y Callao,850.0,569.07,43076.67,415,Regular,Referido,117,2015/05/04,4,Bloqueado
242,DNI,14262582,Valeria,Torres,Laime,1974-04-09,50,F,Casado,Postgrado,Empleado Privado,Comercio,Santiago de Surco,Lima,Lima y Callao,3290.39,2131.04,162023.04,491,Regular,Agencia,152,2012-07-02,2,Activo
243,DNI,67232487,Mónica,Rivera,Rodríguez,1982-05-07,42,F,Casado,Postgrado,Empleado Privado,Finanzas,Tarapoto,San Martín,Oriente,3388.96,1295.64,190321.02,460,Regular,Referido,167,2011/03/27,23,Activo
244,DNI,88373403,Elena,Pérez,Ramos,1992/07/14,32,F,Soltero,Secundaria,Empleado Público,Salud,Wanchaq,Cusco,Sur,2109.16,1177.9,37920.48,438,regular ,Digital,25,2020-12-08,17,Activo
245,DNI,82207811, Ana,Herrera,Chávez,1978/09/27,46,F,Conviviente,Universitario,Empleado Público,Finanzas,Sullana,Piura,Norte,1100.27,535.8,54868.25,567,Regular,Digital,12,2022/05/12,15,Activo
246,DNI,79706239,Valeria,Cruz,Torres,1977/07/30,47,F,Casado,Técnico,Empleado Privado,Construcción,Arequipa,Arequipa,Sur,3359.95,1531.73,98967.21,551,Regular,Digital,97,2016/12/15,7,Activo
247,DNI,53492929,Eduardo,Díaz,Castillo,1963-11-12,61,M,Conviviente,Universitario,Empleado Privado,Servicios,Sullana,Piura,Norte,5410.79,3040.72,122237.41,419,Premium,Digital,118,2015-04-10,15,Activo
248,DNI,92906007,Sandra,Mamani,Quispe,1998-08-18,26,F,Divorciado,Universitario,Empleado Privado,Educación,Yanahuara,Arequipa,Sur,1831.46,946.86,97754.4,464,Regular,Digital,84,24-01-2018,8,Activo
249,DNI,31074279,Rosa,Romero,Huanca,1976/09/11,48,Femenino,Divorciado,Secundaria,Empleado Privado,Salud,Piura,Piura,Norte,2071.58,1286.42,91241.32,506,Regular,Digital,56,2020-05-22,14,Activo
250,DNI,64989319,Lucía,Herrera, QuiSpe,1992/01/14,32,F,Conviviente,Universitario,Independiente,Comercio,Tarapoto,San Martín,Oriente,1404.79,920.59,16402.79,393,REGULAR,Digital,86,2017/11/22,23,Inactivo
251,DNI,32538179,Juan,Torres,Medina,1994/07/05,30,M,Conviviente,Universitario,Empleado Público,Manufactura,chimbote,Ancash,Centro,1117.11,439.11,30222.87,433,Regular,Agencia,144,2013-02-10,21,Inactivo
252,DNI,84795137,José,Gutiérrez,López,1970/12/13,54,M,Soltero,Tecnico,,Construcción,Los Olivos,Lima,Lima y Callao,1574.57,826.29,53654.11,668,Regular,Agencia,121,2015-01-01,4,Inactivo
253,CE,827567043,Eduardo,Torres,flores,1977-05-03,47,M,Soltero,Universitario,Empleado Privado,Manufactura,San Juan de Lurigancho,Lima,Lima y Callao,3242.45,1444.06,186471.51,449,Regular,Telemarketing,76,2018-09-21,1,Activo
254,DNI,42437540,Óscar,Castillo,Vargas,1974/05/10,50,M,Soltero,Tecnico,Independiente,Construcción,Sullana,Piura,Norte,1653.06,996.79,85594.14,505,Regular,Digital,118,2015-04-14,15,Activo
255,DNI,38055257,Lucía,Gómez,Flores,1952-10-28,72,F,Casado,Secundaria,Empleado Privado,Agricultura,Lima,Lima,Lima y Callao,3331.75,1309.94,81509.74,579,Regular,Agencia,113,2015-09-12,5,Activo
256,DNI,49297517,Patricia,Quispe,VarGas,22-10-1991,33,F,Conviviente,Secundaria,Empleado Privado,Tecnología,Víctor Larco Herrera,La Libertad,Norte,2608.1,1607.42,153176.98,572,Regular,Agencia,166,2011/04/22,11,Activo
257,DNI,71863759,Claudia,Romero,Jiménez,23/11/1990,34,F,Casado,Postgrado,Empleado Privado,Otro,La Esperanza,La Libertad,Norte,6622.26,3805.21,120179.36,523,Regular,Agencia,51,23-10-2020,9,Activo
258,DNI,76742662,Daniela,Medina,Herrera,1990-01-03,35,F,Viudo,Universitario,Empleado Privado,Construcción,Huancayo,Junín,Centro,3700.43,1822.22,217700.84,533,Regular,Agencia,23,2020/12/04,18,Activo
259,DNI,23264870,Valeria,González,Medina,29-11-1975,49,F,Viudo,Técnico,Empleado Privado,Finanzas,Cayma,Arequipa,Sur,1367.92,799.44,30385.74,456,Regular,,143,2013-03-20,6,Activo
260,DNI,62730147,Carlos,García,Flores,1985/08/29,39,M,Conviviente,Secundaria,Empleado Privado,Transporte,Los Olivos,Lima,Lima y Callao,2681.9,1568.85,110229.21,518,Regular,Digital,168,2011-02-22,4,Activo
261,DNI,72520456,Ángela,Mamani,Torres,1980-07-04,44,F,Casado,Postgrado,Empleado Público,Comercio,Cayma,Arequipa,Sur,1255.62,708.28,65235.19,529,Regular,Agencia,149,2012-10-04,6,Activo
262,DNI,51895202,Isabel,Díaz,Gómez,1975/11/26,49,F,Casado,Técnico,Independiente,Salud,Víctor Larco Herrera,La Libertad,Norte,3633.72,1575.16,90027.44,560,Regular,Digital,176,2010/06/23,11,Inactivo
263,DNI,16711207,Fernando,Flores,Condori,22/09/1972,52,M,Casado,Universitario,Empresario,Construcción,Wanchaq,Cusco,Sur,8127.6,5156.43,301128.16,530,Regular,Referido,137,2013/09/08,17,Inactivo
264,DNI,23216110,Valeria, GóMeZ,Ramos,2002-12-23,22,F,Divorciado,Universitario,Independiente,Comercio,Tarapoto,San Martín,Oriente,2672.9,1117.14,39273.33,469,Regular,Agencia,37,22-06-2021,23,Activo
265,DNI,93932501,Fabiola,López,Mamani,1979/11/13,45,F,Soltero,Universitario,Empresario,Agricultura,San Juan de Lurigancho,Lima,Lima y Callao,2726.88,1073.98,64587.74,453,Regular,Telemarketing,25,30/03/2021,1,Activo
266,DNI,42801387,Alejandro,Morales,CoNdOrI,29/03/1979,47,M,Casado,Universitario,Empleado Privado,Salud,Wanchaq,Cusco,Sur,3046.42,1956.62,145279.78,544,Regular,Referido,56,2020-05-04,17,Activo
267,DNI,75480157,Mónica,Castro,Reyes,1982-04-23,42,F,Soltero,Técnico,Empleado Privado,Finanzas,Los Olivos,Lima,Lima y Callao,2891.02,1202.98,171147.99,540,Regular,Referido,120,2015/02/19,4,Activo
268,DNI,71678112,Claudia,Choque,Álvarez,1994/08/14,32,F,Casado,Universitario,Estudiante,Servicios,Cusco,Cusco,Sur,850.0,439.41,44669.4,448,Regular,Referido,174,2010-09-05,16,Inactivo
269,DNI,99465796,David,Díaz,Castillo,29/09/1988,36,M,Conviviente,Universitario,Independiente,Construcción,Piura,Piura,Norte,1792.82,1249.62,25787.26,489,Regular,Referido,128,2014/06/19,14,Activo
270,DNI,24991187,Diego,Cruz,Ramírez,1988-12-25,36,M,Divorciado,Técnico,Empleado Privado,Otro,Cayma,Arequipa,Sur,5094.14,2021.93,58826.57,434,Regular,Digital,98,24-11-2016,6,Activo
271,DNI,70028427,Rocío,Cusi,Rodríguez,1985/12/25,39,F,Casado,Técnico,Estudiante,Educación,  Sullana,Piura,Norte,850.0,562.39,12065.73,559,Regular,Digital,81,2018/04/10,15,Activo
272,DNI,69545009,Adriana,Choque,Cusi,1980/03/25,44,F,Soltero,Universitario,Empleado Público,Transporte,Santiago de Surco,Lima,Lima y Callao,3236.55,1812.21,52199.63,430,Regular,Referido,101,2016-09-06,2,Activo
273,DNI,49114152,Ángela,Castillo,Medina,24/11/1979,45,F,Soltero,Técnico,Empleado Público,Salud,Santiago de Surco,Lima,Lima y Callao,3080.4,2148.34,90626.41,518,Regular,Referido,170,2011-01-07,2,Activo
274,DNI,71357852,José,Gutiérrez,Rodríguez,23-01-1970,54,M,Casado,Técnico,Empleado Público,Educación,El Tambo,Junín,Centro,1871.67,724.55,45778.7,602,Regular,Agencia,100,2016-10-04,19,Activo
275,CE,919541987,Carmen,Cusi,Reyes,24-08-1959,67,F,Casado,Técnico,Empleado Privado,Servicios,Yanahuara,Arequipa,Sur,2861.7,1359.72,108238.3,491,Regular,Referido,160,2011/10/18,8,Activo
276,DNI,82973748,Cecilia,Cusi,Vargas,1965/10/05,59,F,Viudo,Universitario,Empleado Público,Educación,Iquitos,Loreto,Oriente,4480.37,2062.78,155913.29,508,regular ,Telemarketing,141,2013-05-28,22,Activo
277,DNI,13644249,Fernando,Herrera,Quispe,1988-10-26,36,M,Soltero,Técnico,Empleado Privado,Construcción,Piura,Piura,Norte,2361.56,1461.47,112900.43,404,Regular,Agencia,106,2016-04-07,14,Activo
278,DNI,48207001,Alejandra,Huanca,Choque,30/05/1994,30,F,Soltero,Técnico,Empleado Público,Servicios,La Esperanza,La Libertad,Norte,1283.73,859.85,23753.51,445,Regular,Telemarketing,35,2021/11/01,9,Activo
279,DNI,84713915,Héctor,Pérez,Rojas,1983-11-01,41,M,Casado,Universitario,Empleado Privado,Educación,Los Olivos,Lima,Lima y Callao,3177.95,1788.27,108091.37,573,Regular,Referido,134,2013-12-08,4,Activo
280,DNI,15867342,Sandra,Flores,Sánchez,1994/10/11,30,F,Casado,Universitario,,Agricultura,El Tambo,Junín,Centro,4235.85,1981.76,123837.32,461,regular ,Agencia,15,28/01/2022,19,Inactivo
281,DNI,37606441,Silvia,López,Morales,1983-09-04,41,F,Conviviente,Universitario,Independiente,Agricultura,Chiclayo,Lambayeque,Norte,3711.74,1777.8,214691.3,427,Regular,Agencia,176,2010/07/15,12,Inactivo
282,DNI,56124815,Ángela,Vargas,Álvarez,1978/12/26,46,F,Casado,Universitario,Empleado Privado,Tecnología,Cusco,Cusco,Sur,3189.33,1293.69,154783.76,522,Regular,Referido,121,2014-12-31,16,Activo
283,DNI,29657724,Juan,Gómez,Romero,1979-02-18,45,M,Soltero ,Universitario,Empleado Privado,Transporte,Miraflores,Lima,Lima y Callao,9942.87,5053.08,404390.5,472,Premium,Referido,29,2021-10-01,3,Activo
284,DNI,17342069,Roberto,Rojas,Medina,23-03-1989,35,M,Casado,Técnico,Empleado Privado,Servicios,Chimbote,Ancash,Centro,1975.21,1349.85,110615.4,445,Regular,Campaña Institucional,157,2012/01/19,21,Activo
285,DNI,26393436,María,Apaza,Castro,22-05-1990,34,F,Soltero,Universitario,Empresario,Comercio,La Esperanza,La Libertad,Norte,10997.0,5917.79,216345.8,591,Premium,Agencia,74,2018/11/10,9,Activo
286,DNI,66941180,ClaUdiA,Herrera,Quispe,27-11-1989,35,F,Soltero,Postgrado,Empleado Privado,Salud,Tarapoto,San Martín,Oriente,1779.03,751.86,44135.58,501,Regular,Telemarketing,102,25/07/2016,23,Bloqueado
287,CE,809242875,Elena,Martínez,García,1989-09-02,35,F,Conviviente,Secundaria,Empleado Público,Transporte,Iquitos,Loreto,Oriente,2573.89,1291.84,151425.14,508,regular,Referido,95,2017-03-09,22,Activo
288,DNI,48562572,Andrés,Martínez  ,Ramírez,26/04/2001,23,mas,Casado,Postgrado,Empresario,Otro,Trujillo,La Libertad,Norte,12426.38,8041.57,582633.38,598,Regular,Referido,68,13-05-2019,10,Activo
289,DNI,87771215,Ricardo,Gómez,Martínez,14/05/1990,34,M,Soltero,Universitario,Empleado Privado,Construcción,Cusco,Cusco,Sur,2204.19,1335.54,67656.19,491,REGULAR,Telemarketing,11,15/04/2022,16,Activo
290,DNI,50416591,Fabiola,Reyes,García,1978-04-18,46,F,Viudo,Secundaria,Independiente,Servicios,Yanahuara,Arequipa,Sur,3809.76,1667.84,212818.86,607,Regular,Digital,128,2014-06-06,8,Activo
291,DNI,4501896,RoDrIgO,Gutiérrez,García,1985-07-26,39,M,Soltero,Técnico,Pensionista,Manufactura,Víctor Larco Herrera,La Libertad,Norte,850.0,501.48,48829.6,404,Regular,Campaña Institucional,146,30/12/2012,11,Inactivo
292,DNI,49251583, Fernando ,Rivera,Medina,17-06-1991,33,M,Casado,Universitario,Empleado Privado,Salud,Los Olivos,Lima,Lima y Callao,2610.53,1620.67,109671.87,573,Regular,Agencia,77,20/08/2018,4,Activo
293,DNI,27881476,José,HerRerA,Gómez,1989-06-01,35,M,Soltero,Universitario,Independiente,Agricultura,Sullana,Piura,Norte,2582.86,1058.31,89609.11,476,Regular,,174,2010/09/09,15,Activo
294,DNI,94549180,Claudia,Apaza  ,Castro,16-08-1968,56,F,Soltero,Universitario,Independiente,Construcción,Wanchaq,Cusco,Sur,15125.62,8414.66,842492.57,505,Premium,Referido,109,2016/01/05,17,Activo
295,DNI,23219416,José,Ramos,Vargas,15-03-1988,36,M,Casado,Secundaria,Independiente,Servicios,La Esperanza,La Libertad,Norte,4623.38,2877.38,145161.61,520,Regular,Agencia,88,2017-09-10,9,Activo
296,DNI,22031030,Pablo,Huanca,Ramos,1960/03/06,64,M,Soltero,Universitario,Empresario,Otro,Iquitos,Loreto,Oriente,9499.51,5484.62,417165.65,529,Regular,Agencia,102,21/07/2016,22,Activo
297,CE,707933496,Rocío,Díaz,Pérez,1975-08-12,49,F,Soltero,Secundaria,Independiente,Otro,Lima,Lima,Lima y Callao,5336.11,2280.72,159750.97,549,Premium,Telemarketing,180,2010/03/06,5,Activo
298,DNI,73080695,Diego,Choque,Chávez,25/12/1976,48,M,Casado,Técnico,Empleado Público,Otro,Pisco,Ica,Sur,3379.93,1810.13,130918.35,583,Regular,Digital,174,19/08/2010,20,Activo
299,DNI,39597246,Rodrigo,Jiménez,Romero,23-01-1966,58,M,Conviviente,Universitario,Empleado Público,Otro,Cusco,Cusco,Sur,3066.78,1323.7,140344.67,523,Regular,Referido,89,2017-08-26,16,Activo
300,DNI,74338005,Roberto,REYES  ,Chávez,1981/01/23,43,M,Conviviente,Tecnico,Independiente,Construcción,Pisco,Ica,Sur,5467.58,3244.78,80444.62,450,Premium,Agencia,126,2014-08-23,20,Inactivo
301,DNI,8428910, Luis,Castillo,Castro,1978/11/15,46,M,Conviviente,Técnico,Independiente,Salud,La Esperanza,La Libertad,Norte,1824.4,763.73,35854.88,494,Regular,Campaña Institucional,88,2017/09/14,9,Activo
302,DNI,78712552,Elena,Sánchez,Choque,1967-12-25,57,F,Soltero,Técnico,Empleado Público,Educación,Arequipa,Arequipa,Sur,2536.55,1099.48,35864.5,533,Regular,Referido,93,2017-05-07,7,Activo
303,DNI,28632666,Paola,Castillo,Chávez,24-04-1999,25,F,Conviviente,Postgrado,Empleado Privado,Tecnología,Piura,Piura,Norte,3603.8,1676.22,162857.12,500,Regular,Referido,93,2017/04/22,14,Activo
304,DNI,2908466,Jorge,García,Apaza,13/12/1957,67,M,Conviviente,Universitario,Empleado Privado,Agricultura,Cayma, AreQuiPa,Sur,2904.58,1396.34,171547.79,527,Regular,Referido,112,2015-10-19,6,Activo
305,DNI,56341085,Eduardo,Apaza,Flores,19/01/1980,44,M,Casado,Universitario,Empleado Público,Construcción,Pisco,Ica,Sur,4025.91,2359.35,218019.72,508,Regular,Digital,159,20/11/2011,20,Activo
306,DNI,46810548,Alejandro,Choque,Ramos,1979/04/21,45,M,Casado,Secundaria,Empleado Privado,Otro,Huancayo,Junín,Centro,3947.78,2303.21,36390.36,505,Regular,Telemarketing,152,2012-06-29,18,Activo
307,DNI,35449268,María,Quispe,Castillo,1988-09-11,36,fem,Divorciado,Secundaria,Empresario,Tecnología,Chimbote,Ancash,Centro,6151.32,4284.27,230127.38,565,Regular,Digital,171,28/11/2010,21,Activo
308,DNI,86988649,Miguel,Flores,Castro,1995/06/12,29,M,Casado,Técnico,Empleado Privado,Salud,Cusco,Cusco,Sur,2744.34,1097.47,148750.04,430,Regular,Referido,55,2020/06/11,16,Inactivo
309,DNI,37702851,Cecilia,Rivera,Flores,1968-05-01,56,F,Casado,Técnico,Empleado Privado,Servicios,Tarapoto,San Martín,Oriente,1471.0,893.73,21664.93,476,Regular,Agencia,132,2014-01-31,23,Activo
310,CE,443270185,Rosa,Herrera,Ramos,1978-07-05,46,F,Soltero ,Secundaria,Empleado Privado,Salud,El Tambo,Junín,Centro,6419.55,3437.64,315473.33,498,Premium,Digital,108,2016-02-16,19,Activo
311,DNI,19966365,Mónica,Mamani,Ramírez,1989/10/31,35,F,Casado,Postgrado,Empleado Público,Salud,Sullana,Piura,Norte,4240.61,2236.92,133139.58,421,Regular,Referido,39,2020/04/12,15,Activo
312,DNI,98909837,Diana,Rodríguez,Laime,18-02-2004,20,F,Casado,Secundaria,Independiente,Otro,Los Olivos,Lima,Lima y Callao,2644.34,1603.44,98301.51,427,Regular,Telemarketing,165,2011/05/27,4,Activo
313,DNI,8564111, FerNanDo ,Morales,Romero,1995/11/26,29,M,Casado,Técnico,Empresario,Construcción,San Juan de Lurigancho,Lima,Lima y Callao,7909.53,4541.6,228533.92,512,Premium,Agencia,88,2017/09/26,1,Activo
314,DNI,65461033,José,Rivera,  López,1989-03-01,35,M,Divorciado,Universitario,Pensionista,Salud, TRUJILLO ,La Libertad,Norte,850.0,372.36,38327.89,522,REGULAR,Digital,100,2016/10/11,10,Activo
315,DNI,48913824,Gabriela,López,Vargas,21/05/1975,49,F,Casado,Técnico,Independiente,Otro,Chimbote,Ancash,Centro,2290.98,918.56,21771.49,599,Regular,Digital,60,29/12/2019,21,Activo
316,DNI,94200749,Iván,Rivera,Morales,1995-04-08,29,M,Soltero,Universitario,Pensionista,Transporte,Santiago de Surco,Lima,Lima y Callao,850.0,584.49,31337.73,427,Regular,Telemarketing,1,24/01/2021,2,Activo
317,DNI,46398554,Sofía,Martínez,Rivera,1983-04-13,41,F,Conviviente,Universitario,Independiente,Agricultura, Los Olivos ,Lima,Lima y Callao,2744.14,1306.77,78361.26,473,Regular,Agencia,36,24-12-2021,4,Bloqueado
318,DNI,87681180,César,Castillo,Rodríguez,1978/01/23,46,M,Conviviente,Universitario,,Salud,San Juan de Lurigancho,Lima,Lima y Callao,1569.59,1059.67,62245.09,571,Regular,Referido,3,2022-11-12,1,Activo
319,DNI,4531943,Elena,Jiménez,Medina,1983/10/13,41,F,Soltero,técnico,,Transporte,Chiclayo,Lambayeque,Norte,11128.46,7119.97,658330.38,542,Premium,Agencia,50,2020/11/08,12,Activo
320,DNI,83999219,Elena,Reyes,García,1977-10-04,47,F,Soltero,Secundaria,Estudiante,Agricultura,La Esperanza,La Libertad,Norte,850.0,496.65,11703.84,516,Regular,Telemarketing,146,2012-12-18,9,Inactivo
321,DNI,60566418,Silvia,Gutiérrez,Díaz,31-01-1975,49,F,Casado,Técnico,Empleado Privado,Comercio,Iquitos,Loreto,Oriente,5829.79,4024.53,252092.9,515,Regular,Telemarketing,144,2013-02-04,22,Activo
322,DNI,61332541,José,Cusi,Romero,1974-08-05,50,M,Casado ,,Empleado Privado,Salud,El Tambo,Junín,Centro,2888.41,1277.47,35394.76,579,Regular,Digital,7,2021/06/11,19,Activo
323,DNI,19971791,Valeria,Ortiz,Morales,15-11-1991,33,F,Soltero,Secundaria,Empleado Público,Comercio,víctor larco herrera  ,La Libertad,Norte,4041.0,2775.43,207266.57,495,Regular,Agencia,134,2013-12-04,11,Inactivo
324,DNI,66196399,Patricia,López,romero  ,2000-12-09,24,F,Soltero,Técnico,Empleado Privado,Educación,Iquitos,Loreto,Oriente,2622.64,1522.13,29953.42,423,Regular,Telemarketing,15,2020-06-04,22,Activo
325,DNI,39284567,Héctor, RoDrÍgUeZ ,Quispe,24/04/1972,52,M,Divorciado,Técnico,Empleado Privado,Manufactura,Pisco,Ica,Sur,2211.0,976.36,29494.43,477,Regular,Agencia,18,2023-06-22,20,Activo
326,DNI,54508920,Óscar,Castro,Condori,2004-02-07,20,M,Soltero,Universitario,Independiente,Tecnología,Lima,Lima,Lima y Callao,1415.94,679.06,76505.42,319,Regular,Telemarketing,38,28-09-2020,5,Activo
327,DNI,99594652,Fernando,Díaz,González,2002-07-16,22,M,Soltero,Universitario,Empleado Privado,Comercio,Sullana,Piura,Norte,3534.73,1881.3,155442.34,503,Regular,Digital,154,2012-04-16,15,Inactivo
328,DNI,5015081,Diana,Cruz,Quispe,1977-02-27,47,F,Soltero,Técnico,Empleado Privado,Otro,Víctor Larco Herrera,La Libertad,Norte,1822.89,973.13,87415.08,491,Regular,Digital,97,2017/01/06,11,Activo
329,DNI,2410261,Carlos,Díaz,Díaz,19/08/1983,41,M,Casado,Técnico,Empleado Privado,Salud,Víctor Larco Herrera,La Libertad,Norte,1583.99,1050.7,71880.69,567,Regular,Agencia,142,26/04/2013,11,Activo
330,DNI,59630993,Isabel,Castro,González,14/11/1972,52,F,Conviviente,Técnico,Empleado Privado,Construcción,Arequipa,Arequipa,Sur,2743.61,1853.94,135355.18,504,Regular,Agencia,137,2013/09/18,7,Activo
331,DNI,85787255,Patricia,Condori,Huanca,1980-09-26,44,F,Casado,Técnico,Independiente,Salud,  Pisco,Ica,Sur,850.0,536.43,41762.08,474,Regular,Digital,17,30-07-2021,20,Activo
332,DNI,92548121,Fabiola,Martínez,Reyes,1991/09/19,33,fem,Soltero,universitario,Empresario,Manufactura,Arequipa,Arequipa,Sur,2930.41,-1537.49,59159.11,479,Regular,Digital,79,23-06-2018,7,Activo
333,DNI,41514888,CecIliA,Romero,Quispe,1961-06-09,63,F,Casado,Universitario,Empleado Público,Manufactura,Chiclayo,Lambayeque,Norte,3160.42,2014.58,77383.08,504,Regular,Agencia,7,31-12-2021,13,Activo
334,DNI,28404456,Fernando,Castillo,Díaz,1976/02/02,48,M,Conviviente,Universitario,Empleado Privado,Otro,La Esperanza,La Libertad,Norte,5994.62,2858.65,302185.01,554,Regular,Agencia,49,2020-11-30,9,Activo
335,DNI,75153663,Patricia,Rojas,Cruz,17/09/1982,42,F,Casado,Universitario,Independiente,Comercio,El Tambo,Junín,Centro,1482.72,663.01,29882.15,524,Regular,Agencia,142,2013/04/09,19,Activo
336,DNI,90902259, Manuel ,García,Huanca,1978-02-09,46,M,Casado,Universitario,Empresario,Finanzas,Chiclayo,Lambayeque,Norte,10111.79,4942.07,301287.46,564,Regular,Digital,177,2010-06-01,13,Activo
337,DNI,21820970,Pablo,González,Cusi,1970/07/01,54,M,Soltero,Secundaria,Empleado Privado,Educación,SuLlAnA  ,Piura,Norte,2377.68,986.18,89435.91,578,Regular,Agencia,164,15/06/2011,15,Activo
338,Pasaporte,286716323,Carmen,Quispe,López,1980-07-07,44,F,Soltero,Universitario,Empleado Público,Otro,Piura, PiUrA ,Norte,4912.95,2137.06,258935.96,477,Regular,Digital,101,2016-09-09,14,Activo
339,DNI,38597779,Fabiola,Díaz,Condori,31-01-1962,62,F,Soltero,Secundaria,Empleado Público,Otro,Sullana,Piura,Norte,2629.98,1169.14,156579.61,499,Regular,Telemarketing,17,2023-05-15,15,Activo
340,DNI,62916032,Diana,RamOs  ,Rojas,1988-03-02,36,F,Soltero,Universitario,Empresario,Agricultura,Cayma,Arequipa,Sur,4517.71,2945.32,133646.26,526,REGULAR,Referido,159,17/11/2011,6,Activo
341,DNI,43807017,Sandra,Huanca,Álvarez,1976-04-04,48,FEMENINO,Casado,Universitario,Empleado Privado,Manufactura,Wanchaq,Cusco,Sur,2235.21,1113.12,105682.15,495,Regular,Agencia,84,2018-01-24,17,Activo
342,DNI,22091241,Jorge,Vargas,Quispe,14/05/1957,67,M,Casado,Técnico,Empleado Público,Servicios,Sullana,Piura,Norte,5008.79,2035.65,211196.51,564,Regular,Referido,36,2021-09-04,15,Activo
343,DNI,81647090,César,Jiménez,Gómez,1982/09/23,42,M,Soltero,Técnico,Independiente,Manufactura,Sullana,Piura,Norte,2536.42,1688.39,90498.29,521,Regular,Telemarketing,179,18/04/2010,15,Activo
344,CE,122068155,Luis,Rodríguez,Álvarez,1995-12-25,29,M,Casado,Secundaria,Estudiante,Manufactura,IquItoS,Loreto,Oriente,850.0,414.7,15293.11,373,Regular,Telemarketing,17,2023/08/02,22,Activo
345,DNI,14950136,Ricardo,Reyes,Sánchez,14/07/1978,46,M,Soltero,Universitario,Empleado Privado,Servicios,San Juan de Lurigancho,Lima,Lima y Callao,4055.95,1560.72,170380.82,470,Regular,Referido,100,2016/10/08,1,Activo
346,DNI,57150997,Fabiola,Rivera,Ortiz,1964/11/28,60,F,Casado,Universitario,Independiente,Manufactura,Iquitos,Loreto,Oriente,1123.59,779.83,49672.12,431,regular ,Digital,178,15/05/2010,22,Activo
347,DNI,32630397,Carlos, Torres ,Ramos,1980-09-12,44,M,Divorciado,Técnico,Independiente,Agricultura,Santiago de Surco,Lima,Lima y Callao,4927.05,3066.2,198204.6,588,Regular,Agencia,36,2020/05/14,2,Activo
348,DNI,39685270, José ,Chávez,Rodríguez,1988/09/14,36,M,Soltero,Técnico,Empresario,Manufactura,Iquitos,Loreto,Oriente,10458.57,5082.93,215414.61,512,Regular,Agencia,64,2019-09-04,22,Bloqueado
349,DNI,42336293,Patricia,Pérez,Gómez,13/03/1985,39,F,Soltero,Universitario,,Otro,Wanchaq,Cusco,Sur,2936.47,1863.12,54698.84,540,Regular,Agencia,21,2022-06-04,17,Inactivo
350,CE,706614982,David,Rojas,Medina,2001/10/13,23,M,Casado,Secundaria,Empleado Público,Educación,Piura,Piura,Norte,3260.68,1680.11,129411.5,556,Regular,Digital,40,2021-05-05,14,Activo
351,DNI,57666567,Víctor,Mamani,González,1990/07/23,34,M,Soltero,Postgrado,Empleado Privado,Servicios,Arequipa  ,Arequipa,Sur,3261.26,1729.0,52329.11,504,Regular,Digital,2,2022-11-11,7,Activo
352,DNI,50663370,Mónica,Laime,Rivera,1979/10/05,45,F,Conviviente,Técnico,Independiente,Otro,Cajamarca,Cajamarca,Norte,1622.54,1113.5,78054.01,453,Regular,Agencia,90,25-07-2017,24,Activo
353,DNI,66918362,Víctor,Quispe,Flores,1983-09-03,41,M,Viudo,Técnico,Empleado Privado,Agricultura,Los Olivos,Lima,Lima y Callao,5080.92,2871.07,215712.71,521,Premium,Digital,24,2020-05-06,4,Activo
354,DNI,64027011,Fabiola,Ramos,Álvarez,1987-11-26,37,F,Divorciado,Técnico,Empleado Privado,Educación,Lima,Lima,Lima y Callao,4030.81,2270.3,199411.29,326,Regular,Referido,69,2019-04-09,5,Activo
355,DNI,23467912,David,Gómez,Ramírez,1969-10-05,55,M,Soltero,Secundaria,Empleado Público,Servicios,El Tambo,Junín,Centro,1155.78,625.09,15871.62,504,Regular,Agencia,55,2020-05-06,19,Activo
356,DNI,6984775,Paola,Huanca,Sánchez,1997-01-03,28,F,Casado,Técnico,Empleado Privado,Otro,El Tambo,Junín,Centro,1332.79,827.1,11163.16,528,Regular,Telemarketing,11,17/03/2022,19,Bloqueado
357,DNI,62091843,daniela,Rojas,Medina,1988-03-03,36,F,Casado,Universitario,Empleado Privado,Otro,Los Olivos,Lima,Lima y Callao,3233.18,1596.96,81389.72,477,Regular,Telemarketing,1,2022-04-11,4,Activo
358,DNI,76915671,María,Vargas,Rodríguez,22/02/1977,47,F,Divorciado,Técnico,Empleado Público,Manufactura,Víctor Larco Herrera,La Libertad,Norte,2258.36,891.24,112902.21,444,Regular,Referido,174,2010/09/02,11,Inactivo
359,DNI,17833321,Diana,Condori,Martínez,1971/11/10,53,F,Soltero,Postgrado,Empleado Público,Comercio,Huancayo,Junín,Centro,,765.26,96218.63,437,Regular,Agencia,120,17-02-2015,18,Inactivo
360,DNI,15399156,Gabriela,Cruz,Ortiz,1988-02-04,36,F,Conviviente,Universitario,Empleado Público,Educación,Lima,Lima,Lima y Callao,3671.19,2449.43,52869.18,548,Regular,Referido,137,2013-09-10,5,Activo
361,DNI,19525690,Cecilia,Cruz,Cruz,1987/08/31,37,F,Soltero,Universitario,Empleado Privado,Manufactura,Cajamarca,Cajamarca,Norte,2301.33,939.08,29077.88,462,Regular,Telemarketing,152,2012/06/08,24,Bloqueado
362,DNI,43772942,David,Ramírez,Apaza,1958/02/12,66,M,Divorciado,Universitario,Independiente,Comercio,huancayo,Junín,Centro,3600.75,1624.25,102823.9,540,Regular,Digital,118,13-04-2015,18,Activo
363,DNI,33027642,Rosa,Gutiérrez,Laime,15-05-1970,54,F,Conviviente,Universitario,Independiente,Transporte,Chiclayo,Lambayeque,Norte,3006.86,1350.16,69632.1,492,Regular,Digital,16,2020/10/14,13,Activo
364,DNI,59047292,Pablo,Rojas,González,15-04-1985,39,M,Casado,Técnico,Independiente,Construcción,Tarapoto,San Martín,Oriente,2167.6,1019.54,121384.12,480,Regular,Agencia,141,2013/05/21,23,Activo
365,DNI,1572018,Rodrigo,García,Herrera  ,25/03/1974,50,M,Casado,Universitario,Empleado Privado,Construcción,Chiclayo,Lambayeque,Norte,3100.45,1957.5,163202.73,541,Regular,Digital,110,28/11/2015,13,Activo
366,DNI,17647501,Ricardo,Rojas,Huanca,1983-08-10,41,M,Soltero,Secundaria,Independiente,Otro,ChiClaYo,Lambayeque,Norte,2445.31,1676.16,102569.61,376,Regular,Referido,178,24/04/2010,13,Activo
367,DNI,49215182,Óscar,Laime,Mamani,1972-08-26,52,M,Casado,Universitario,Independiente,Educación,Chiclayo,Lambayeque,Norte,3197.28,1311.71,124149.45,559,Regular,Digital,124,2014-10-05,13,Activo
368,DNI,92087510,Paola,González,Apaza,2004-03-12,20,F,Soltero ,Técnico,Empleado Público,Construcción,Arequipa,Arequipa,Sur,4054.23,2602.92,169825.35,470,Regular,Agencia,169,16-01-2011,7,Activo
369,DNI,84872975,Carmen,Torres,Condori,1969-08-15,55,F,Casado,Postgrado,Empleado Público,Transporte,Iquitos  , Loreto,Oriente,1529.14,847.47,45872.16,559,Regular,Digital,1,24-11-2024,22,Activo
370,DNI,54296184,Adriana,Martínez,Morales,21/12/1995,29,F,Soltero,,Empleado Privado,Construcción,Lima,Lima,Lima y Callao,1879.81,894.61,96427.95,572,Regular,Digital,155,22-03-2012,5,Activo
371,DNI,98926256,José,Flores,Cusi,1985-09-28,39,M,Casado ,Postgrado,Empleado Privado,Manufactura,Tarapoto,San Martín,Oriente,3103.28,1906.83,185447.92,532,Regular,,166,2011/05/08,23,Activo
372,DNI,40163611,IVÁN,Álvarez,González,28-07-1977,47,M,Soltero,Universitario,Independiente,Agricultura,La Esperanza,La Libertad,Norte,2689.1,1334.07,68149.6,515,Regular,Digital,38,2021-10-21,9,Activo
373,DNI,88967924,David,Laime,Chávez,1954-04-11,70,M,Soltero,Universitario,Empleado Privado,Construcción,Víctor Larco Herrera,La Libertad,Norte,3354.48,1381.04,35202.22,527,Regular,Referido,100,2016/10/09,11,Activo
374,DNI,44683414,Gabriela,López,Herrera,1970-01-17,54,F,Casado,Técnico,Independiente,Servicios,Sullana,Piura,Norte,5515.78,3293.08,164087.15,577,Regular,Digital,91,16-06-2017,15,Activo
375,DNI,27788160,Luis,Rivera,Laime,15-12-1975,49,M,Casado,Postgrado,Empleado Privado,Comercio,San Juan de Lurigancho ,Lima,Lima y Callao,1693.68,798.52,95419.61,586,Regular,Referido,109,28/12/2015,1,Activo
376,DNI,28506762,Claudia,Apaza,Martínez,1988-03-03,38,F,Casado,Secundaria,Empleado Público,Otro,Wanchaq,Cusco,Sur,2129.04,923.86,120013.22,444,Regular,Agencia,58,2020/03/22,17,Activo
377,CE,807970509,Rosa,Chávez,Ramos,1983/05/09,41,F,Casado,tecnico,Empleado Privado,Servicios,El Tambo,Junín,Centro,3331.79,1493.25,154519.55,505,Regular,Agencia,101,2016/09/08,19,Inactivo
378,CE,24376545, David,García,Sánchez,1977/06/06,47,M,Casado,Secundaria,Empleado Público,Agricultura,Lima,Lima,Lima y Callao,4176.18,1700.2,145099.57,543,Regular,Agencia,106,14/04/2016,5,Activo
379,DNI,66502374,Lucía,Ramírez,Jiménez,1985-06-02,39,F,Soltero,Técnico,Empleado Privado,Salud,Los Olivos,Lima,Lima y Callao,4507.7,2987.45,202302.92,552,Regular,Referido,49,2020-12-13,4,Activo
380,DNI,30569067,Pablo,Condori,Medina,1997/11/01,27,M,Soltero,Técnico,Empleado Privado,Educación,Lima,Lima,Lima y Callao,3403.5,1410.82,30971.56,505,Regular,Agencia,89,2017-08-24,5,Activo
381,DNI,18923923,Ricardo,Gutiérrez,Torres,1986/08/29,38,M,Soltero,Técnico,Estudiante,Agricultura,Arequipa,Arequipa,Sur,1109.39,509.38,56214.67,999,Regular,Campaña Institucional,122,2014-12-02,7,Inactivo
382,DNI,8604145,Víctor,Díaz,Pérez,16-12-1981,43,M,Soltero,Técnico,Empleado Público,Educación,Yanahuara,Arequipa,Sur,1983.87,1087.14,88100.22,509,Regular,Agencia,57,16-04-2020,8,Inactivo
383,CE,554110825,Carlos,López,Vargas,1996-09-21,32,M,Casado,Universitario,Empleado Privado,Finanzas, Piura ,Piura,Norte,1239.35,582.06,49002.83,552,Regular,Digital,48,2021-01-13,14,Activo
384,DNI,71189547,Sandra,  Medina,Pérez,1993/11/15,31,F,Conviviente,Técnico,Empleado Privado,Construcción,El Tambo,Junín,Centro,1590.46,982.31,22677.46,351,Regular,Agencia,168,2011/02/17,19,Activo
385,DNI,80294240,Gabriela,Choque,Jiménez,1990/07/06,34,F,Conviviente,Secundaria,Empleado Público,Manufactura,Miraflores,Lima,Lima y Callao,1167.63,711.72,64644.85,583,Regular,Referido,124,2014/10/12,3,Activo
386,DNI,2939087,Isabel,González,Rivera,1970/06/04,54,F,Casado,Universitario,Independiente,Agricultura,Chiclayo,Lambayeque,Norte,1571.51,790.36,76261.22,628,Regular,Agencia,156,2012/03/01,13,Activo
387,DNI,3381059,Rocío,Torres,Rivera,1971/09/22,53,F,Conviviente,Técnico,,Tecnología,Lima,Lima,Lima y Callao,2623.11,1196.74,26316.92,367,Regular,Agencia,72,2019-01-03,5,Activo
388,Pasaporte,891649837,Sofía,Vargas,López,1955/03/04,69,F,Soltero,Técnico,Empresario,Finanzas,La Esperanza,La Libertad,Norte,3001.44,1931.9,58235.56,445,Regular,Digital,46,2020-12-29,9,Inactivo
389,DNI,24042269,César,Cruz,Castro,1970/07/10,54,M,Soltero,Secundaria,Empleado Privado,Educación,Cayma,Arequipa,Sur,10523.6,5612.05,355592.25,598,Regular,Agencia,49,2020/12/04,6,Inactivo
390,DNI,31429001,Rosa,Apaza,Ramírez,1977-01-06,48,F,Casado,Universitario,Independiente,Servicios,San Juan de Lurigancho,LimA ,Lima y Callao,3696.97,1851.89,33558.24,546,Regular,Agencia,165,2011-05-15,1,Activo
391,DNI,1841862,Alejandra,Rivera,Ramos,28/07/1973,51,F,Soltero,Técnico,Empleado Público,Manufactura,La Esperanza,La Libertad,Norte,2522.29,1155.26,91466.75,527,Regular,Digital,161,24-09-2011,9,Activo
392,DNI,15109226,Claudia,Medina,Torres,1983-05-05,41,F,Casado,Universitario,Empleado Privado,Otro,Trujillo,la libertad,Norte,1938.95,805.14,25769.2,469,Regular,Digital,92,2017/06/09,10,Inactivo
393,DNI,22526771,Elena,Chávez,Jiménez,2003-11-14,21,F,Soltero,Técnico,Empleado Privado,Agricultura,La Esperanza,La Libertad,Norte,2280.26,1230.79,62009.05,401,Regular,Agencia,20,2020-10-04,9,Activo
394,DNI,36687887,Pablo,Jiménez,Vargas,29-04-1996,28,M,Casado,Universitario,Empleado Público,Educación,Chimbote,Ancash,Centro,2027.03,1220.06,59848.28,562,Regular,Agencia,86,2017/12/04,21,Activo
395,CE,105524728,Diana,Cruz,  pérez,1971/09/16,53,F,Conviviente,Postgrado,Empleado Público,Manufactura,Chiclayo,LAMBAYEQUE ,Norte,1219.66,542.81,63704.0,467,Regular,,143,2013/03/19,12,Activo
396,DNI,92025213,Rosa,Flores,Medina,1972-01-01,53,F,Soltero,Universitario,Independiente,Educación,Los Olivos,Lima,Lima y Callao,1270.02,655.21,13731.88,1050,Regular,Agencia,170,27-12-2010,4,Activo
397,DNI,928206,Silvia,Apaza,Ramos,1976-05-17,48,F,viudo,Universitario,Empleado Público,Salud,Tarapoto,San Martín,Oriente,1497.57,730.74,72830.78,520,Regular,Digital,4,2023-12-08,23,Activo
398,DNI,90362891,Isabel,Ramos,Cruz,1999/06/05,25,F,Viudo,Técnico,Pensionista,Transporte,Chiclayo,Lambayeque,Norte,850.0,396.94,10863.59,476,Regular,Referido,33,2022-03-24,13,Activo
399,DNI,81139043,Juan,Herrera,Castro,2002-09-29,22,M,Casado,Universitario,Empleado Privado,Comercio,Víctor Larco Herrera,La Libertad,Norte,3012.19,1245.26,80908.88,457,Regular,Agencia,8,15/07/2022,11,Activo
400,DNI,56521568,Ana,Laime,Mamani,20-12-1976,48,F,Soltero,Universitario,Empleado Privado,Construcción,Chiclayo,Lambayeque,Norte,3330.56,1364.96,80091.48,573,Regular,Agencia,73,21-12-2018,12,Activo
401,DNI,22889857,Juan,Chávez,Rivera,26-10-1981,43,M ,Divorciado,Técnico,Independiente,Transporte,Tarapoto,San Martín,Oriente,1739.67,704.92,70542.82,494,Regular,Digital,60,2019/12/30,23,Inactivo
402,DNI,2481717,Enrique,Medina,Morales,28/09/1976,48,M,Soltero,Postgrado,Estudiante,Construcción,El Tambo,Junín,Centro,850.0,488.07,49144.29,495,Regular,Agencia,161,2011-09-26,19,Activo
403,DNI,19705466,Luis,Gómez,Quispe,1991/08/30,33,M,Conviviente,Postgrado,Estudiante,Construcción,Sullana,Piura,Norte,850.0,589.15,40531.07,394,Regular,Digital,167,2011-03-16,15,Activo
404,Pasaporte,38021462,Valeria,Herrera,Pérez,1962-02-01,62,F,Casado,Universitario,Empleado Público,Manufactura,Iquitos,Loreto,Oriente,1477.37,774.19,79224.33,494,Regular,Agencia,11,2020/04/01,22,Activo
405,DNI,15597371,César,Quispe,Cusi,1991-05-16,33,M,Soltero,Secundaria,Empleado Privado,Construcción,Chiclayo,Lambayeque,Norte,4151.95,1817.26,56608.16,461,Regular,Telemarketing,111,2015-11-13,13,Activo
406,DNI,6442121,Óscar,Martínez,Medina,1968-12-14,56,M,Soltero,Secundaria,Pensionista,Salud,Cusco,Cusco,Sur,885.27,438.81,26881.85,521,Regular,Telemarketing,55,2020/06/24,16,Activo
407,DNI,82659608,Gabriela,Gómez,López,1993-11-22,31,F,Divorciado,Universitario,Empresario,Servicios,Arequipa,Arequipa,Sur,19045.12,9848.82,1106426.63,459,VIP,Referido,90,28-07-2017,7,Activo
408,DNI,7279103,héctor,Vargas,García,1979/10/27,45,M,Divorciado,Secundaria,Empresario,Tecnología,Iquitos,Loreto,Oriente,8580.33,5824.52,291483.89,547,PREMIUM,Referido,105,2016-05-09,22,Activo
409,DNI,77665586,Fernando,Díaz,Laime,1986-01-03,39,M,Casado,Universitario,Empleado Público,Servicios,Trujillo,La Libertad,Norte,1957.79,971.87,46401.8,504,Regular,Telemarketing,129,2014/05/02,10,Activo
410,DNI,11110961,Iván,Rivera,Cusi,1984-06-01,40,mas,Casado,Universitario,Empleado Público,Tecnología,Piura,Piura,Norte,3055.73,1987.54,133855.13,627,Regular,Agencia,163,2011/08/03,14,Activo
411,DNI,76605384,Ana,Chávez,Álvarez,23-09-1989,35,F,Soltero,Universitario,Empleado Privado,Agricultura,Arequipa,Arequipa,Sur,1359.81,714.56,37824.68,470,Regular,Telemarketing,121,2015-01-20,7,Activo
412,DNI,96386396,Ricardo,García,Álvarez,1953/01/02,72,m,Viudo,Universitario,Empleado Privado,Finanzas,Wanchaq,Cusco,Sur,2338.92,1003.58,64248.02,604,Regular,Digital,154,2012/04/28,17,Inactivo
413,DNI,64825311,Manuel,Gómez,Rojas,1962-08-07,62,M,Soltero,secundaria,Empleado Público,Finanzas,Lima,Lima,Lima y Callao,1947.17,1012.47,25659.91,565,Regular,Agencia,130,25/04/2014,5,Activo
414,DNI,34383640,Carmen,laime,Medina,1964-01-04,61,F,Soltero,Postgrado,Independiente,Otro,Chimbote,Ancash,Centro,,862.9,64634.61,502,Regular,Agencia,92,2017/06/06,21,Bloqueado
415,DNI,36170617,Rosa,Quispe  ,Torres,16/11/1989,35,F,Conviviente,Secundaria,Empleado Privado,Otro,Miraflores,Lima,Lima y Callao,1623.96,753.25,28244.95,440,Regular,Digital,127,2014/06/30,3,Inactivo
416,Pasaporte,579980284,Alejandra,Rivera,Gómez,1997-08-08,27,F,Conviviente,Secundaria,Empleado Privado,Comercio,Pisco,Ica,Sur,2568.05,1122.69,96300.03,423,Regular,Digital,9,2024-04-02,20,Activo
417,DNI,31584776,Sandra,Herrera,Torres,22/09/1980,44,F,Casado,Técnico,Empleado Privado,Manufactura,Tarapoto,San Martín,Oriente,1328.2,563.61,16388.69,506,Regular,Agencia,33,2022-04-08,23,Activo
418,DNI,69459196,Diana,Gutiérrez,Rojas,1972-11-22,52,F,Casado,Universitario,Independiente,Transporte,Arequipa,Arequipa,Sur,850.0,531.47,20572.06,520,Regular,Telemarketing,125,2014-09-12,7,Activo
419,DNI,25625313,Juan,Condori,Ortiz,20-03-1968,56,M,Casado,Técnico,Empleado Público,Transporte,Wanchaq,Cusco,Sur,1438.62,824.68,77134.65,618,Regular,Agencia,91,29/06/2017,17,Activo
420,DNI,31849196,Andrés,Reyes,Quispe,28/03/1977,47,M,Casado,Técnico,Independiente,Transporte,Chiclayo,Lambayeque,Norte,1477.58,986.43,54973.82,490,Regular,Agencia,73,2018-12-14,13,Activo
421,DNI,9074260,Juan,Gutiérrez,Álvarez,1976/11/12,48,M,Conviviente,Postgrado,Empleado Privado,Comercio,Chiclayo,Lambayeque,Norte,3093.14,1344.79,77320.73,527,Regular,Agencia,61,2019/12/10,13,Activo
422,DNI,47715910,José,Ramos,Gutiérrez,30/07/1994,30,M,Soltero,Universitario,Independiente,Construcción,Víctor Larco Herrera,La Libertad,Norte,2386.85,1212.78,88159.28,392,Regular,Agencia,127,2014-07-08,11,Activo
423,DNI,4010414,Cecilia,Cruz,Rivera,26-11-1984,40,F,Casado,Universitario,Empleado Privado,Educación,Huancayo,Junín,Centro,1785.17,1193.79,48524.02,443,Regular,Agencia,2,2023-05-14,18,Activo
424,DNI,88397745,César,Torres,Ramírez,1968/08/04,56,M,Divorciado,tecnico,Empresario,Servicios,Piura,Piura,Norte,-12210.84,7582.58,661406.47,581,Regular,Agencia,164,29-06-2011,14,Activo
425,DNI,63715398,  Iván,Morales,Reyes,18-01-1996,28,M,CASADO,Técnico,Empleado Privado,Agricultura,San Juan de Lurigancho,Lima,Lima y Callao,2173.66,1501.92,24201.27,533,Regular,Referido,172,2010/11/09,1,Activo
426,DNI,24912711,Rosa,Ramírez,Cruz,1981-07-09,43,F,Soltero,Universitario,Empleado Público,Construcción,Chiclayo,Lambayeque,Norte,5376.36,2821.4,216478.38,536,Premium,Agencia,49,2020-06-04,13,Activo
427,DNI,74510663,Daniela,Ortiz,Torres,1980/04/05,44,F,Soltero,Técnico,Empleado Privado,Finanzas,Wanchaq,Cusco,Sur,2477.41,1283.48,39222.96,498,regular ,Agencia,111,2015-11-03,17,Activo
428,DNI,43966613,Miguel,López,Morales,1984/11/15,40,M,Divorciado,Universitario,Empleado Privado,Agricultura,La Esperanza,La libertad,Norte,3996.9,1586.79,39392.54,540,regular,Digital,62,2019/11/26,9,Activo
429,CE,325122572,Rodrigo,Chávez,Chávez,1993-01-07,32,M,Conviviente,UNIVERSITARIO,Empleado Privado,Educación,Cusco,Cusco,Sur,1353.02,732.03,60107.24,369,Regular,Agencia,79,2018/06/09,16,Activo
430,DNI,9438822,Luis,Rivera,García,1976-03-14,48,mas,Divorciado,Secundaria,Empleado Público,Transporte,Yanahuara,  ArEqUiPa,Sur,1418.84,754.29,11424.98,396,Regular,Digital,121,20-01-2015,8,Activo
431,DNI,97148026,Gabriela,Huanca,Ortiz,1978-07-10,46,F,Conviviente,Universitario,Empleado Público,Construcción,Wanchaq,Cusco,Sur,5893.12,3800.35,139425.15,520,Premium,Agencia,170,18/12/2010,17,Activo
432,DNI,87824556,Diana,Castro,Herrera,30-09-1972,52,F,Casado,Postgrado,Independiente,Agricultura,Chimbote,Ancash,Centro,2656.58,1174.29,153152.76,497,Regular,Agencia,28,2022-09-05,21,Activo
433,CE,272849824,Valeria,Torres,Castro,27-05-1971,53,F,Casado,Secundaria,Independiente,Agricultura,Los Olivos,Lima,Lima y Callao,2061.81,1306.38,53697.55,518,Regular,Agencia,3,2020-12-03,4,Activo
434,DNI,48821423,Óscar,Torres,López,1979-05-07,45,M,Casado,Postgrado,Empleado Privado,Agricultura,San Juan de Lurigancho,Lima,Lima y Callao,2085.82,1079.84,88299.38,546,Regular,Agencia,13,26-05-2021,1,Activo
435,DNI,65923426,Héctor,Medina,Castro,20-06-1985,39,M,Casado,Técnico,Pensionista,Servicios,Trujillo,La Libertad,Norte,850.0,349.69,18347.73,509,Regular,Agencia,153,29-05-2012,10,Inactivo
436,DNI,76670806,Roberto,Medina,Castro,20-11-1998,28,M,Soltero,Secundaria,Empleado Privado,Agricultura,Iquitos,Loreto,Oriente,2648.02,1380.7,64319.2,471,Regular,Referido,92,28/05/2017,22,Activo
437,DNI,87010415,Víctor,Cusi,Laime,1969/08/17,55,M,Casado,,Empleado Privado,Finanzas,Iquitos,Loreto,Oriente,3967.01,2580.28,57714.69,509,Regular,Digital,2,2020-01-02,22,Activo
438,DNI,44079311,Manuel,Condori,López,1973/01/19,51,M,Soltero,Universitario,Empleado Privado,Servicios,YaNaHuArA,Arequipa,Sur,6096.99,2598.1,283522.56,539,regular,Digital,173,2010-09-26,8,Activo
439,DNI,49791620,Carlos,ConDorI,Romero,25/06/1982,42,M,Soltero,Universitario,Empleado Privado,Otro,Cayma,Arequipa,Sur,1478.18,619.33,42921.89,427,Regular,Agencia,61,2019-12-02,6,Activo
440,DNI,17662047,Sandra,Mamani,Mamani,15/08/1986,38,F,Soltero,Técnico,Empleado Privado,Finanzas,  ChIcLaYo,Lambayeque  ,Norte,2036.44,839.03,78638.59,470,Regular,Agencia,171,2010-12-07,12,Activo
441,DNI,83586812,Elena,Romero,Martínez,1982-07-14,42,F,Casado,Técnico,Pensionista,Finanzas,La Esperanza,La Libertad,Norte,1295.13,686.07,59057.14,481,Regular,Agencia,3,2021-11-26,9,Activo
442,DNI,88425995,Gabriela,Ramos,Rojas,1977/12/09,47,F,Casado,Universitario,Empresario,Servicios,Iquitos,Loreto,Oriente,6187.9,3628.85,170657.22,414,Regular,Agencia,47,2020-02-15,22,Inactivo
443,DNI,26610941,Miguel,Sánchez,Huanca,1994-01-26,30,M,Soltero,Universitario,Empleado Público,Salud,Cajamarca,Cajamarca,Norte,1810.83,1128.46,106891.62,422,Regular,Referido,61,2019-12-25,24,Activo
444,DNI,74332683,Lucía,Vargas,Sánchez,21/01/1975,49,F,SOLTERO,Secundaria,Empleado Público,Otro,Huancayo,Junín,Centro,4098.85,1732.29,168645.46,588,Regular,Agencia,52,2020-09-17,18,Activo
445,DNI,39785598,Carlos,Herrera,Álvarez,1985-03-26,39,M,Conviviente,Universitario,Empleado Público,Salud,Cajamarca,Cajamarca,Norte,3743.55,1508.76,66020.6,514,Regular,Digital,165,28/05/2011,24,Activo
446,DNI,44651241,Luis,Ramírez,Apaza,1987-08-11,37,M ,Casado,Técnico,Empleado Privado,Tecnología,Huancayo,Junín,Centro,2016.61,-1088.14,21531.16,462,Regular,Telemarketing,85,2018-01-07,18,Activo
447,DNI,35023850,Juan,Cusi,Torres,18-03-1987,37,M,Soltero,Secundaria,Empleado Público,Finanzas,San Juan de Lurigancho,Lima,Lima y Callao,2173.38,1463.91,47116.18,508,Regular,Telemarketing,9,2022/06/07,1,Activo
448,DNI,1078356,Ana,Jiménez,González,1982/06/12,42,F,Casado,Universitario,Independiente,Manufactura,Huancayo,Junín,Centro,3166.38,1823.77,38600.9,554,Regular,Agencia,123,2014/11/20,18,Activo
449,DNI,68217195,Sandra,Cusi,Medina,30/01/1971,53,F,Casado,Técnico,Independiente,Comercio,Chiclayo,Lambayeque,Norte,893.46,344.69,29549.41,360,Regular,Agencia,97,21/12/2016,13,Activo
450,DNI,24055934,José,Cusi,Laime,22/12/1971,53,M,Soltero,Técnico,Estudiante,Otro,Santiago de Surco,Lima,Lima y Callao,850.0,327.05,38616.35,488,Regular,Agencia,20,2021-10-02,2,Activo
451,DNI,58438458,Iván,Reyes,Huanca,1997/01/11,27,M,Casado,Secundaria,Independiente,Educación,Yanahuara,Arequipa,Sur,850.0,420.09,47247.46,491,Regular,,114,2015/07/30,8,Activo
452,Pasaporte,771070449,Fernando,Ramírez,Apaza,1973/09/17,51,M,Casado,Universitario,Empleado Privado,Servicios,Cajamarca,Cajamarca,Norte,2280.59,1270.17,32801.49,358,Regular,Agencia,37,2020/12/03,24,Inactivo
453,DNI,8509549,Carlos,Medina,Medina,1989-05-27,35,M,Soltero,Secundaria,Empleado Privado,Finanzas,Piura,Piura,Norte,3280.99,1462.78,57713.25,397,Regular,Digital,137,29-09-2013,14,Activo
454,DNI,98426732,Silvia,López,Sánchez,1980/04/03,44,F,Conviviente,Técnico,Empleado Público,Otro,Huancayo,Junín,Centro,2128.99,1300.42,92088.22,542,Regular,Campaña Institucional,119,2015-03-11,18,Activo
455,DNI,90149542,Iván,Chávez,Castillo,25/03/1981,43,M,Casado,Secundaria,Empleado Público,Comercio,Iquitos,Loreto,Oriente,1440.59,831.18,38619.53,573,Regular,Digital,65,2019/08/05,22,Inactivo
456,DNI,44472322,Iván,Reyes,Álvarez,1984-12-12,40,M,Conviviente,Universitario,Independiente,Manufactura,Huancayo,Junín,Centro,2253.2,913.57,123129.05,433,Regular,Agencia,81,2018-05-05,18,Activo
457,DNI,58093511,  Alejandra,Vargas,Martínez,1988-04-01,36,F,Casado,Secundaria,Independiente,Servicios,La Esperanza,La Libertad,Norte,1198.24,478.65,54108.42,466,Regular,Agencia,66,2019-07-31,9,Activo
458,Pasaporte,574902504,Héctor,Álvarez,González,22-02-1962,62,M,Conviviente,Postgrado,Empleado Público,Comercio,Pisco ,Ica,Sur,1403.61,660.52,13031.28,444,Regular,Agencia,93,2017/05/02,20,Activo
459,Pasaporte,113989868,EnRiQuE,Condori,  JiMéNeZ,27/09/1965,59,M,Divorciado,Universitario,Empleado Público,Tecnología,Lima,Lima,Lima y Callao,2190.54,1240.85,92368.69,496,Regular,Referido,98,19-11-2016,5,Activo
460,DNI,53751376,Isabel,Romero,Vargas,30/08/1970,54,F,Casado,Técnico,Empleado Privado,Tecnología,Víctor Larco Herrera,La Libertad,Norte,2295.47,1294.82,127113.06,606,Regular,Agencia,63,2019-10-04,11,Activo
461,CE,929445511,Ricardo,Romero,Álvarez,18-09-1974,50,M,Casado,Universitario,Independiente,Construcción,Huancayo,Junín,Centro,1757.75,1132.99,25513.08,617,regular ,Digital,63,2019-10-05,18,Activo
462,DNI,60212886,Lucía,Quispe,García,1990-10-16,34,F,Conviviente,Técnico,Empleado Privado,Educación,Cusco,Cusco,Sur,3877.77,1800.37,142849.67,495,Regular,Referido,26,2022/06/23,16,Activo
463,DNI,47229812,Andrés,Castillo,Sánchez,1967-12-23,57,Masculino,Conviviente,Universitario,Empleado Privado,Transporte,Chimbote,Ancash,Centro,6924.87,4671.74,397458.39,521,Regular,Referido,116,30-05-2015,21,Activo
464,DNI,64565220,Roberto,Condori,Gutiérrez,1992-11-20,32,M,Viudo,Universitario,Empleado Privado,Manufactura,Wanchaq,Cusco,Sur,3313.28,1782.06,34825.8,437,Regular,Digital,135,2013/11/11,17,Activo
465,CE,491342138,Valeria,Sánchez,Jiménez,1958-08-25,66,F,Viudo,Universitario,Empleado Privado,Comercio,Yanahuara,Arequipa,Sur,3604.04,1701.5,120032.76,497,Regular,Digital,44,2021/05/12,8,Activo
466,DNI,27411767,Rocío,Díaz,García,1980-05-06,44,Femenino,Soltero,Universitario,Empresario,Agricultura,El Tambo,Junín,Centro,2594.76,1007.41,48167.38,457,Regular,Referido,110,2015/11/26,19,Activo
467,DNI,50618538,Luis,Cruz,González,31/07/1968,56,M,Casado,Universitario,Empleado Privado,Comercio,Cajamarca,Cajamarca,Norte,2268.44,1105.43,71637.63,450,Regular,Telemarketing,132,2014-02-06,24,Activo
468,DNI,18306178,Óscar,Medina,Cruz,1976-02-03,48,M,Casado,Universitario,Empleado Privado,Comercio,Cusco,Cusco,Sur,5387.26,2857.6,178826.72,542,Premium,Digital,73,2018-12-29,16,Activo
469,DNI,69587413,Óscar,Morales,Jiménez,1971/05/12,53,M,Soltero,Universitario,Empleado Público,Agricultura,Yanahuara,Arequipa,Sur,1688.87,1157.53,90608.32,444,Regular,Digital,75,2018/10/13,8,Activo
470,DNI,79630448,José,Torres,Gómez,1964-05-23,60,M,Soltero,UNIVERSITARIO,Pensionista,Educación,Chiclayo,Lambayeque,Norte,1046.55,618.93,27287.83,498,Regular,Agencia,33,2022-03-23,13,Activo
471,DNI,4763928,Andrés ,Álvarez,Rojas,1967-06-03,57,M,soltero,Universitario,Empleado Público,Finanzas, Cusco ,Cusco,Sur,2935.43,1360.35,31822.81,556,Regular,Digital,57,2020-04-16,16,Activo
472,DNI,35832863,Silvia,Rodríguez,Medina,1957-12-02,67,F,Soltero,Secundaria,Independiente,Transporte,Huancayo,Junín,Centro,1767.76,860.28,46563.56,564,Regular,Agencia,17,2022/05/07,18,Activo
473,DNI,30416624, MaRíA,Martínez,Rodríguez,17-04-1982,42,F,Conviviente,Secundaria,Empleado Privado,Tecnología,Cayma,Arequipa,Sur,3257.72,1652.77,108204.51,573,Regular,Referido,73,2018-12-24,6,Activo
474,DNI,80447314,Carlos,Cusi,Flores,1976/11/25,48,M,Conviviente,Universitario,Independiente,Educación,Pisco,IcA,Sur,3553.71,2251.77,64332.0,558,Regular,Agencia,80,2018/05/12,20,Activo
475,DNI,58173906,Rocío,Gutiérrez  ,Mamani,1987/08/18,37,F,Divorciado,Técnico,Empresario,Salud,San Juan de Lurigancho,Lima,Lima y Callao,3335.4,1836.56,69109.25,444,Regular,Digital,128,2014-06-04,1,Activo
476,DNI,89307464,Rodrigo,Pérez,Sánchez,2004-03-24,20,M,Divorciado,Universitario,Empleado Privado,Comercio,Lima,Lima,Lima y Callao,6636.04,4358.19,222109.56,402,Premium,Agencia,104,28/05/2016,5,Activo
477,DNI,78811616,Carlos,Gutiérrez,Reyes,1985-03-29,39,M,Soltero,Secundaria,Independiente,Tecnología,Chimbote,Ancash,Centro,1877.56,1041.27,45581.23,499,Regular,Referido,61,2019-12-18,21,Activo
478,DNI,41644859,Miguel,Martínez,Castro,1973/05/05,51,M,Conviviente,Universitario,Empleado Privado,Construcción,Cajamarca,Cajamarca,Norte,4678.27,2980.1,155945.71,473,Regular,Agencia,141,2013-05-20,24,Activo
479,DNI,70562271,Víctor,Herrera,Apaza,1985/03/07,39,M,Conviviente,Secundaria,Empleado Privado,Manufactura,Cajamarca,Cajamarca,Norte,3206.03,1693.17,181725.89,471,Regular,Agencia,35,2020-07-03,24,Activo
480,DNI,34469459,Miguel,López,Quispe,1963/03/18,61,M,Divorciado,Postgrado,Empleado Privado,Tecnología,Yanahuara,Arequipa,Sur,4164.93,2049.75,154419.43,558,Regular,Digital,89,2017-08-20,8,Activo
481,DNI,99497320,Jorge,Sánchez,Reyes,1975/08/23,49,M,Divorciado ,,Empleado Privado,Servicios,Chimbote,Ancash,Centro,5393.22,3022.2,78679.6,514,Regular,Telemarketing,99,2016/11/03,21,Activo
482,DNI,13866675,Diego,García,Vargas,29-11-1998,26,M,Soltero,Universitario,Empresario,Tecnología,Iquitos,Loreto,Oriente,6406.63,2541.51,221724.97,455,Regular,Agencia,121,2015/01/13,22,Activo
483,DNI,52057563,Roberto,Gutiérrez,Flores,1989/05/31,35,M,Casado,Universitario,Independiente,Manufactura,Iquitos,Loreto,Oriente,3329.09,1787.16,163212.58,547,REGULAR,Agencia,31,2022-05-29,22,Activo
484,DNI,9404760,María,Díaz,Romero,1982/07/11,42,F,Conviviente,Universitario,Empleado Público,Agricultura,Los Olivos,Lima,Lima y Callao,2387.55,911.56,57636.21,601,regular,Digital,95,2017/02/12,4,Bloqueado
485,DNI,22216107,Diana,Mamani,QUISPE ,1980-05-05,44,F,Casado,Secundaria,Empleado Privado,Servicios,Los Olivos,Lima,Lima y Callao,10618.65,6583.35,442505.92,538,Regular,Telemarketing,10,27/09/2021,4,Activo
486,DNI,66013824,Ángela,Rodríguez,Castillo,27-01-2004,20,fem,Soltero,Técnico,Empresario,Agricultura,El Tambo,Junín,Centro,7511.36,3615.02,337140.37,505,Regular,Digital,94,2017/03/27,19,Activo
487,CE,111212590, RODRIGO ,García,RamOs ,1967/08/28,57,M,Divorciado,universitario ,Independiente,Manufactura,Tarapoto,San Martín,Oriente,4160.31,1737.63,134149.69,506,Regular,Digital,23,2020/11/28,23,Activo
488,DNI,33432447,Claudia,Ramos,Díaz,1997/11/01,27,F,Soltero,Técnico,Empleado Privado,Finanzas,La Esperanza,La Libertad,Norte,2274.12,1140.2,52140.98,418,Regular,Agencia,36,2020/12/22,9,Activo
489,DNI,43588418,Ángela,Rivera,Martínez,16/03/1989,35,F,Divorciado,Técnico,Empleado Público,Salud,Tarapoto,San Martín,Oriente,2528.63,1396.17,47928.83,589,Regular,Agencia,112,2015-10-09,23,Inactivo
490,DNI,15026755,Rodrigo,Gómez,Mamani,1978-11-02,46,M,Casado,Secundaria,Empleado Público,Transporte,Iquitos,Loreto,Oriente,1347.48,651.31,50282.58,536,Regular,Agencia,151,2012/07/09,22,Activo
491,DNI,57640381,Carlos,Romero,Quispe,1968-03-17,56,M,Casado,Universitario,Independiente,Finanzas,Yanahuara,Arequipa,Sur,1683.19,873.9,48417.53,499,Regular,Digital,65,2019-08-07,8,Activo
492,DNI,25762702,Marco,Apaza,DíAz,27-03-1982,42,M,Soltero,Secundaria,Independiente,Agricultura,Santiago de Surco,Lima,Lima y Callao,1346.22,567.52,34091.2,521,Regular,Agencia,24,2023/01/02,2,Activo
493,DNI,63767316,Luis,Morales,Flores,26-01-1984,40,M,Soltero,Universitario,Independiente,Construcción,Cayma,Arequipa,Sur,3080.64,1935.24,25437.24,437,Regular,Agencia,89,2017-09-06,6,Activo
494,DNI,23555809,Héctor,Castro,Rojas,1988/04/11,36,M,Casado,Técnico,Empleado Privado,Servicios,El Tambo,Junín,Centro,3901.67,2092.31,181436.68,461,Regular,Digital,7,2024/05/28,19,Activo
495,DNI,70462268,Fernando,Ramos,Castro,1962/11/30,62,M,Viudo,Técnico,Empleado Privado,Servicios,Trujillo,La Libertad,Norte,2685.84,1582.75,80943.13,527,Regular,Agencia,80,2018/05/25,10,Activo
496,CE,660464197,Mónica,García,Rivera,1971/08/04,53,f,Casado,Universitario,Empleado Privado,Transporte,San Juan de Lurigancho,Lima,Lima y Callao,1518.3,823.27,66330.78,405,Regular,Telemarketing,125,2014/09/05,1,Bloqueado
497,DNI,97607401,Roberto,Castro,Cusi,2001-06-24,23,M,Conviviente,Técnico,Empresario,Comercio,Tarapoto,San Martín,Oriente,10473.72,4248.17,87578.63,465,Regular,Telemarketing,152,2012-06-29,23,Activo
498,DNI,91508632,Andrés,Chávez,Rodríguez,1952-04-16,72,M,Soltero,Secundaria,Empleado Privado,Construcción,  sullana,Piura  ,Norte,2636.37,1249.21,78266.26,525,Regular,Digital,84,2018/01/28,15,Activo
499,DNI,68154660,César,Morales,Apaza,1964-03-30,60,M,Soltero,Universitario,Empleado Público,Otro,CajAmaRca,Cajamarca,Norte,5349.5,2163.83,146497.97,654,Premium,Referido,164,2011/06/18,24,Activo
500,DNI,97364248,Rosa,Díaz, LaImE,1968/09/03,56,F,Casado,Universitario,Estudiante,Construcción,Yanahuara,Arequipa,Sur,1061.38,612.4,38248.1,538,Regular,Referido,178,2010/04/24,8,Activo
501,DNI,53194979,Carlos,Álvarez, Ramírez ,26/08/1973,51,M,Casado,Universitario,Empleado Privado,Tecnología,Víctor Larco Herrera,La Libertad,Norte,2309.65,1320.44,135684.26,456,Regular,Agencia,25,2020-06-11,11,Inactivo
502,DNI,46091785,Andrés, Vargas,JimÉneZ,29/05/1983,41,M,Soltero,Universitario,Empleado Privado,Tecnología,Huancayo,Junín,Centro,2596.17,1696.32,88131.36,461,Regular,Agencia,179,2010-04-14,18,Activo
503,DNI,48736826,Héctor,Quispe,Rodríguez,1974/10/26,52,M,Casado,Universitario,Independiente,Servicios,Piura,Piura,Norte,4827.3,2091.93,126883.51,509,Regular,Agencia,107,23/02/2016,14,Activo
504,DNI,15888636,Marco,Gómez,Rivera,24-06-1965,59,M,Casado,Técnico,Independiente,Salud,Pisco,Ica,Sur,1183.76,583.18,22873.95,500,Regular,Agencia,72,22/01/2019,20,Inactivo
505,Pasaporte,630932998,Carlos,Cusi,Castillo,17/05/1991,33,M,Conviviente,Universitario,Independiente,Educación,El Tambo,Junín,Centro,850.0,508.87,11145.88,466,Regular,Telemarketing,168,2011/03/02,19,Activo
506,CE,753273524,Óscar,Mamani,Pérez,1984-07-05,40,M,Soltero,Secundaria,Empleado Privado,Finanzas,Wanchaq,Cusco,Sur,5978.62,3422.34,293393.32,526,Regular,Digital,50,26/10/2020,17,Activo
507,DNI,10068761,Claudia,Gómez,Quispe,27-04-1988,38,F,Divorciado,Postgrado,Independiente,Tecnología,Cayma,Arequipa,Sur,7697.68,4904.81,396965.69,546,Regular,Agencia,63,2019-10-15,6,Activo
508,DNI,87611249,Rocío,Rodríguez,Romero,1976/05/11,48,F,Divorciado,Secundaria,Empresario,Construcción,Cajamarca,Cajamarca,Norte,5234.62,2089.3,262811.66,469,Regular,Agencia,11,2022/05/22,24,Activo
509,DNI,45475749,Ricardo,Mamani,Reyes,28-08-1987,37,M,soltero ,Secundaria,Empleado Privado,Construcción,Tarapoto,San Martín,Oriente,4723.23,2765.22,55977.91,588,Regular,Agencia,126,2014-08-02,23,Activo
510,DNI,42229464,David,Laime,Herrera,19-08-1964,60,M,Casado,Secundaria,Empleado Privado,Manufactura,Trujillo,La Libertad,Norte,2534.87,1543.91,95101.42,453,Regular,Digital,122,2014-12-02,10,Activo
511,DNI,58567287,David,Condori,Apaza,1981/06/18,43,M,Soltero,Universitario,Empleado Público,Comercio,Chimbote,Ancash,Centro,1048.02,700.08,61377.26,524,Regular,Referido,40,2020-09-12,21,Activo
512,DNI,8335061,Fernando,Cruz,Flores,21/08/1984,40,M,Conviviente,Universitario,Independiente,Agricultura,Arequipa,Arequipa,Sur,1657.38,1016.31,23565.88,395,Regular,Digital,92,27-05-2017,7,Activo
513,DNI,33720948,Carmen,López,Romero,28-03-1976,48,F,Soltero,Universitario,Empleado Público,Servicios,Cayma,Arequipa,Sur,1782.66,817.0,88166.86,451,Regular,Telemarketing,177,2010-05-20,6,Activo
514,DNI,37171731,Fernando,Cruz,Morales,2004-03-12,20,M,Casado,Técnico,Independiente,Salud,Santiago de Surco,Lima,Lima y Callao,1906.27,1015.53,24991.3,551,Regular,Agencia,82,2018/03/13,2,Activo
515,DNI,47258784,MIGUEL ,Romero,Díaz,1963/03/21,61,M,Conviviente,Técnico,Empresario,Tecnología,San Juan de Lurigancho,Lima,Lima y Callao,4987.59,2875.91,158232.44,506,Regular,Agencia,65,2019/08/06,1,Activo
516,DNI,64175823,Sofía  ,Romero,Torres,1977/10/11,47,f,Divorciado,universitario ,Empleado Público,Manufactura,Cusco,Cusco,Sur,1468.96,708.25,86178.64,530,Regular,Agencia,127,2014-07-22,16,Activo
517,DNI,25879643,Paola,Sánchez,Ramos,1973-03-07,51,F,Conviviente,Técnico,Empleado Privado,Agricultura,ChIcLaYo,Lambayeque,Norte,5619.02,3343.34,139552.87,502,Premium,Agencia,44,2021-04-24,13,Activo
518,DNI,27403344,Silvia,Vargas,Romero,1985-08-06,39,F,Viudo,Secundaria,Empleado Público,Educación,Chiclayo,Lambayeque,Norte,1451.43,734.33,43093.58,455,Regular,Referido,15,2023-09-25,13,Activo
519,CE,67349960,Sandra,Reyes,Condori,30-05-1985,39,F,Soltero,Universitario,Empresario,Agricultura,Cusco,Cusco,Sur,6987.78,2894.25,144249.91,562,Premium,,152,2012-06-22,16,Activo
520,DNI,81735984,Diego,Ramírez,González,1992-07-26,32,M,Casado,Universitario ,Estudiante,Comercio,Lima,Lima,Lima y Callao,1121.08,688.77,57022.79,455,Regular,Agencia,151,28/07/2012,5,Activo
521,DNI,44902166,Diana,Vargas,Herrera,1983/05/28,41,F,Casado,Técnico,Independiente,Comercio,Yanahuara ,Arequipa,Sur,1371.74,615.55,33890.06,350,Regular,Telemarketing,118,2015-04-12,8,Activo
522,DNI,51191818,Daniela,Rodríguez,Laime,1972/06/04,52,F,Soltero,Universitario,Estudiante,Servicios,Víctor Larco Herrera,La Libertad,Norte,894.21,614.44,47751.0,484,Regular,Digital,138,2013-08-16,11,Activo
523,DNI,95786069,Sandra,González,Castro,1982/08/23,42,F,Soltero,Universitario,Empleado Público,Educación,Lima,Lima,Lima y Callao,2593.76,1723.8,154863.51,422,Regular,Agencia,167,2011/04/04,5,Activo
524,DNI,92323421,Eduardo,Cruz,Vargas,1989-04-12,35,M,Soltero,Universitario,Empleado Público,Comercio,El Tambo,Junín,Centro,2745.47,1627.87,131882.08,429,Regular,Referido,91,2017-06-13,19,Activo
525,CE,502716073,Valeria,Vargas,Cruz,1979/02/10,45,F,Casado,Técnico,Empleado Privado,Educación,La Esperanza,La Libertad,Norte,1478.33,705.07,44442.66,516,Regular,Agencia,60,2019/12/29,9,Activo
526,DNI,55633185,Rosa,  Pérez,Gómez,27/04/1983,41,F,Casado,Universitario,Empresario,Salud,Arequipa,Arequipa,Sur,2159.87,1321.51,30947.9,569,Regular,Agencia,31,2020/03/09,7,Activo
527,DNI,67045023,Miguel,Jiménez,Herrera,1991-08-04,33,M,Soltero,Secundaria,Empresario,Tecnología,Trujillo,La Libertad,Norte,3286.96,1705.69,171204.68,507,Regular,,59,2020-02-04,10,Activo
528,DNI,25120734,Ana,Reyes,Chávez,1969-07-08,55,F,Casado,Técnico,Independiente,Agricultura,Cayma,Arequipa,Sur,1258.08,809.5,37491.33,508,Regular,Digital,133,24/01/2014,6,Activo
529,DNI,53161177, Carlos ,Mamani,Martínez,31/10/1977,47,M,Conviviente,Universitario,Empresario,Tecnología,Wanchaq,Cusco,Sur,9022.99,3563.0,249087.87,538,Regular,Digital,44,2021-05-16,17,Inactivo
530,DNI,17793238,María,Ramos, Mamani ,1987-05-15,37,F,Soltero,Postgrado,Empresario,Manufactura,Huancayo,Junín,Centro,3358.73,1552.39,83261.49,506,Regular,Referido,94,2017-03-24,18,Activo
531,DNI,89425652,Sofía,Sánchez,Morales,15/09/1995,29,FEMENINO,Casado,Postgrado,Empleado Privado,Comercio,Tarapoto,San Martín,Oriente,850.0,521.57,20108.98,489,Regular,Referido,119,2015-03-03,23,Activo
532,DNI,75396737,Sandra,Gómez,García,1972/11/01,52,F,Casado,Universitario,Independiente,Servicios,Chiclayo,Lambayeque,Norte,850.0,550.22,17312.06,444,Regular,Referido,83,2018/03/08,13,Activo
533,DNI,84156082,Andrés,Castillo,Gómez,1975-09-05,49,M,Soltero,Postgrado,Empleado Privado,Servicios,Los Olivos,Lima,Lima y Callao,8390.94,5529.89,403976.81,511,Regular,Agencia,172,19/10/2010,4,Activo
534,DNI,83230358,David,Ramos, Romero,1991-05-31,33,M,Casado,Secundaria,Independiente,Tecnología,Wanchaq,Cusco,Sur,1911.88,1301.33,111361.68,548,regular ,Digital,47,2021/02/08,17,Activo
535,CE,289634064,Ricardo,Apaza,Rivera,1990-07-02,34,M,Casado,Universitario,Empleado Privado,Educación,Pisco,Ica,Sur,1794.3,1072.5,73593.54,448,Regular,Telemarketing,58,2020/03/01,20,Activo
536,CE,62272362,Marco,García,González,1994-09-02,30,M,Casado,Técnico,Independiente,Manufactura,Cajamarca,Cajamarca,Norte,2310.1,1371.73,43557.51,558,Regular,Agencia,157,2012/01/20,24,Activo
537,DNI,50184819,Eduardo,Ramírez,Rojas,1979-11-10,45,m,Casado,Universitario,Independiente,Agricultura,Arequipa,Arequipa,Sur,1998.82,1134.33,85870.31,475,Regular,Referido,114,17-08-2015,7,Activo
538,DNI,92743811,Patricia,González,Castillo,2001/08/20,23,F,Conviviente,Universitario,Pensionista,Finanzas,La Esperanza,La Libertad,Norte,1277.06,502.03,65864.15,452,Regular,Telemarketing,29,22/04/2022,9,Activo
539,DNI,64510173,Paola,Castro,Álvarez,1985/12/12,39,F,Casado,Técnico,Independiente,Educación,La Esperanza,LA LIBERTAD ,Norte,21304.51,13993.94,480855.26,537,Premium,Referido,65,2019/08/10,9,Activo
540,DNI,91911359,Diana,Huanca,Choque,1992-03-04,32,F,Casado,Postgrado,Empresario,Educación,Iquitos,Loreto,Oriente,4104.72,2053.44,143608.85,559,Regular,Referido,98,2016-12-12,22,Activo
541,CE,392051460,Rodrigo,Romero,Quispe,1981-03-24,43,M,Divorciado,Universitario,Empresario,Agricultura,Chimbote,Ancash,Centro,2438.33,955.65,70058.15,559,Regular,Agencia,111,29-10-2015,21,Activo
542,DNI,85652715,Ricardo,Gutiérrez,Romero,1991/12/16,33,M,Casado,Universitario,Empleado Privado,Manufactura,Cayma,Arequipa,Sur,6771.78,4088.21,277710.57,542,Regular,Agencia,54,2020/07/08,6,Activo
543,DNI,75225013,Carmen,Rojas,Vargas,26-02-1988,36,F,Casado,Postgrado,Empleado Público,Otro,la esperanza,La Libertad,Norte,3362.28,1478.0,93808.32,504,Regular,Digital,125,2014/09/14,9,Activo
544,DNI,85626149,Mónica,González,Díaz,27-11-1972,52,F,Casado,Secundaria,Empleado Privado,Manufactura,Chiclayo, Lambayeque,Norte,3904.48,2230.83,209282.15,459,Regular,Digital,68,28-05-2019,13,Activo
545,DNI,20430977,Adriana,Gutiérrez,Rodríguez,1990-05-01,34,F,Casado,Universitario,Empleado Privado,Finanzas,Yanahuara,Arequipa,Sur,4478.07,2697.7,86815.04,461,Regular,Agencia,113,31-08-2015,8,Activo
546,DNI,35851253,Pablo,Laime,Medina,1987/08/30,37,M,Divorciado,Universitario,Independiente,Servicios,La Esperanza,La Libertad,Norte,1149.74,798.16,57231.94,501,Regular,Campaña Institucional,111,2015/11/08,9,Activo
547,Pasaporte,374907977,Diego,Cusi,Vargas,1958-11-25,66,M,Casado,Secundaria,Empresario,Construcción,Tarapoto,San Martín,Oriente,3572.51,2048.15,162354.59,538,Regular,Agencia,180,2010-02-28,23,Activo
548,DNI,97626374,Daniela,MamAni,Flores,1966-12-14,58,F,Casado,Universitario,Independiente,Transporte,El Tambo, junín,Centro,2472.91,991.47,112223.57,536,Regular,Agencia,65,2019/08/02,19,Activo
549,DNI,19186233,José,Flores,Cusi,25-01-1995,29,M,Conviviente,Universitario,Independiente,Construcción,SaNtIaGo dE SuRcO,Lima,Lima y Callao,2837.35,1861.51,165945.83,458,Regular,Telemarketing,92,24/05/2017,2,Activo
550,DNI,52145264,Silvia,Torres,Castillo,1971-11-30,53,F,Casado,Secundaria,Empleado Privado,Educación,Piura,Piura,Norte,5587.15,2844.63,248339.25,653,Regular,Agencia,98,21-11-2016,14,Activo
551,DNI,20800564,Carmen,Castillo,Romero,1976/11/25,48,F,Soltero,Postgrado,Empleado Público,Finanzas,Huancayo,Junín,Centro,2513.07,971.37,99317.26,527,Regular,Agencia,16,2020/04/02,18,Activo
552,DNI,72827090,Rodrigo,Huanca,Gómez,1987/04/11,37,M,Conviviente,Universitario,Empleado Privado,Servicios,Lima,Lima,Lima y Callao,3245.79,1591.99,173159.81,465,Regular,Referido,154,27-04-2012,5,Activo
553,DNI,67181535,David,Gómez,Apaza,18/10/1980,44,M,Soltero,Postgrado,Empresario,Salud,Víctor Larco Herrera,La Libertad  ,Norte,12836.97,6922.31,505547.8,476,Regular,Agencia,117,2015/04/24,11,Activo
554,DNI,34527346,Diego,Sánchez,Apaza,29-11-1969,55,M,Casado,Técnico,Independiente,Salud,Huancayo,Junín,Centro,6440.75,3108.16,228141.34,508,Regular,Agencia,134,2013/12/17,18,Activo
555,DNI,31499825,Elena,Medina,Ramos,2004-04-26,20,F,Divorciado,Universitario,Estudiante,Comercio,Tarapoto,San Martín,Oriente,850.0,532.64,40871.25,523,Regular,Campaña Institucional,15,2022/02/20,23,Activo
556,DNI,72351373,Iván,López,Castro,26/04/1983,41,M,Casado,Universitario,Empleado Público,Comercio,Tarapoto,San Martín,Oriente,1404.12,613.67,38308.39,476,Regular,Telemarketing,12,2020/04/11,23,Activo
557,DNI,2293946,Sofía,García,Morales,1972/02/11,52,F,Casado,Universitario,Empresario,Otro,Yanahuara,Arequipa,Sur,8565.98,5533.77,507010.95,521,Regular,Agencia,96,13-01-2017,8,Inactivo
558,DNI,60723111,GaBrIeLa,Álvarez,García,1987/06/12,37,F,Soltero,Universitario,,Servicios,Arequipa,Arequipa,Sur,4362.58,2184.27,226055.72,453,Regular,Agencia,125,2014-09-17,7,Activo
559,DNI,31873280,Gabriela,Rojas,Chávez,17-04-1963,61,F,Casado,Secundaria,Empleado Privado,Manufactura,Los Olivos,Lima,Lima y Callao,2773.34,1813.11,59898.48,582,Regular,Agencia,102,2016-07-20,4,Activo
560,DNI,33509025,Enrique,González,Morales,1964-06-06,60,M,Conviviente,Tecnico,Independiente,Construcción,Santiago de Surco,Lima,Lima y Callao,5330.17,2772.73,82209.63,496,Regular,Agencia,170,2010/12/16,2,Activo
561,DNI,71398482,Mónica,Medina,Flores,16-08-1978,46,F,Soltero,Postgrado,Empleado Público,Comercio,Víctor Larco Herrera,La Libertad,Norte,2153.1,973.36,87448.39,463,Regular,Agencia,169,2011/01/21,11,Activo
562,DNI,69130981,Carlos,Rivera,Vargas,1979-07-07,45,M,Soltero,Universitario,Empleado Privado,Salud,San Juan de Lurigancho, Lima ,Lima y Callao,1615.57,1079.99,70413.75,556,Regular,Telemarketing,98,2016-12-13,1,Activo
563,CE,278532426,Víctor,Medina,Romero,1988-09-10,36,M,Conviviente,Universitario,Independiente,Transporte,Chimbote,Ancash,Centro,2562.61,1476.15,66493.59,494,Regular,Referido,117,2015/05/08,21,Activo
564,CE,667776755,JUAN,Quispe,Álvarez,1986/01/12,38,M,Casado,Técnico,Empresario,Tecnología,Chimbote,Ancash,Centro,7908.81,5160.81,469383.5,486,Premium,Agencia,91,2017-07-05,21,Activo
565,DNI,18749603,Fernando,Herrera, QuIsPe,1972-04-08,52,M,Soltero,Universitario,Empresario,Construcción,Trujillo,La Libertad,Norte,2751.57,1743.02,75641.94,530,Regular,Referido,55,13/06/2020,10,Inactivo
566,DNI,69326573,César,RoDrÍgUeZ,Reyes,1959-07-04,65,M,Conviviente,Secundaria,Independiente,Salud,Iquitos,Loreto,Oriente,1359.51,591.59,80413.51,475,Regular,Agencia,145,2013-01-09,22,Inactivo
567,DNI,53234159,Silvia,Martínez,Sánchez,1976/12/10,48,F,Conviviente,Universitario,Empleado Privado,Salud,Santiago de Surco,Lima,Lima y Callao,3257.55,1246.91,172119.05,517,Regular,Digital,85,2017-12-11,2,Activo
568,DNI,74312710,Miguel,Choque,Rivera,27/10/1977,47,M,Soltero,Técnico,Empleado Privado,Educación,Piura,Piura,Norte,4060.36,1696.83,224667.99,559,Regular,Digital,41,2021-08-02,14,Activo
569,DNI,15122946,Daniela,Romero,Laime,1978-10-11,46,F,Conviviente,Secundaria,Empleado Público,Otro,Iquitos,Loreto,Oriente,1974.04,762.68,66272.25,549,Regular,Agencia,146,2012-12-23,22,Activo
570,DNI,80752034,Luis,Jiménez,Huanca,1961/01/08,64,M,Soltero,Postgrado,Independiente,Transporte,Chiclayo,Lambayeque,Norte,2479.46,1410.57,147697.7,461,Regular,,65,24-08-2019,12,Activo
571,DNI,37660465,Alejandra,Pérez,Castillo,1969-04-07,55,F,Casado,Universitario,Empleado Privado,Educación,San Juan de Lurigancho,Lima,Lima y Callao,,1941.62,165511.8,388,Regular,Digital,147,2012/12/04,1,Activo
572,DNI,58102131,Silvia,Ortiz,Choque,1972/10/07,52,F,Soltero,Secundaria,Empleado Público,Finanzas,Iquitos,Loreto,Oriente,1832.4,852.68,101688.27,516,REGULAR,Referido,22,2022/04/11,22,Activo
573,DNI,19102312,María,García,Castillo,1979-03-02,45,F,Soltero,,Empleado Privado,Comercio,Sullana, Piura,Norte,3204.18,1815.11,186526.55,532,Regular,Digital,162,15/08/2011,15,Activo
574,DNI,74907280,Enrique,Pérez,Medina,1988-07-29,36,M,Soltero,Postgrado,Independiente,Agricultura,Tarapoto,San Martín,Oriente,3187.98,1407.95,161033.31,466,Regular,Agencia,127,2014-07-08,23,Activo
575,DNI,49684364,Diana,Torres,González,1974/10/09,50,F,Viudo,Universitario,Empleado Privado,Tecnología,Cayma,Arequipa,Sur,4109.32,1984.18,244845.54,451,Regular,Agencia,102,26/07/2016,6,Inactivo
576,DNI,70159591,Sofía,Rivera,González,1969/12/14,55,F,Casado,Universitario,Empleado Privado,Transporte,Pisco,Ica,Sur,2393.32,1173.09,110359.66,551,Regular,Digital,111,17-11-2015,20,Activo
577,DNI,77567772,Diego,Ramos,Huanca,1978-08-05,46,M,Soltero,Universitario,Empleado Público,Educación,Cayma,Arequipa,Sur,4535.16,2804.5,90076.46,505,Regular,Telemarketing,11,2021/10/19,6,Inactivo
578,CE,310672453,Mónica,Flores,Rojas,1987/07/07,37,F,Soltero,Técnico,Empleado Privado,Agricultura,Cayma,Arequipa,Sur,2713.96,1718.59,115104.87,464,Regular,Referido,39,2020-04-22,6,Inactivo
579,CE,157942387,Fernando,Huanca,Huanca,1973-06-06,51,M,Viudo,Técnico,Empleado Público,Comercio,Iquitos,Loreto,Oriente,1180.77,770.47,39368.99,460,Regular,Campaña Institucional,16,2020/07/05,22,Activo
580,DNI,71075633,Marco,Castro,Torres,1995-03-08,29,M,Conviviente,Universitario,Empleado Privado,Transporte,Tarapoto,San Martín,Oriente,4129.71,1941.82,188675.51,565,regular,Digital,33,2022-04-05,23,Inactivo
581,Pasaporte,399337970,Eduardo,  Choque,Castillo,21-03-1984,40,M,Soltero,Universitario,Independiente,Educación,Víctor Larco Herrera,La Libertad,Norte,2040.69,1231.49,112026.74,487,Regular,Referido,162,2011-08-24,11,Activo
582,DNI,7330559,Diego,Quispe,Gutiérrez,1969/12/11,55,M,Casado,Secundaria,Empleado Público,Agricultura,La Esperanza,La Libertad,Norte,1599.55,1005.76,78612.51,538,Regular,Campaña Institucional,37,2021-12-06,9,Activo
583,DNI,36604432,Iván,Díaz,Díaz,15-03-1971,53,M,Soltero,Secundaria,Independiente,Otro,Arequipa,Arequipa,Sur,3587.81,1702.77,40001.47,517,Regular,Referido,135,2013-11-04,7,Activo
584,DNI,97429250,Jorge,Romero,Medina,1970-04-05,54,M,Soltero,Universitario,Empleado Privado,Tecnología,La Esperanza,La Libertad,Norte,850.0,443.81,20682.65,539,Regular,Digital,117,2015/05/15,9,Activo
585,DNI,99080271,Mónica,Choque,Rodríguez,22-02-1990,34,F,Conviviente,Secundaria,Empleado Público,Servicios,Pisco,Ica,Sur,953.1,460.96,16446.62,521,Regular,Digital,9,2023-10-24,20,Inactivo
586,DNI,62813721,David, Jiménez ,Castillo,1966-12-05,58,M,Divorciado,Universitario,Empleado Público,Manufactura,Huancayo,Junín,Centro,2239.3,1388.98,75257.71,583,Regular,Agencia,16,2023/08/23,18,Activo
587,DNI,60847068,Ana,Cruz,Mamani,26-12-1963,61,F,Soltero,Técnico,Empleado Privado,Comercio,Lima,Lima,Lima y Callao,6288.16,3915.82,360929.27,612,Regular,Agencia,129,18-05-2014,5,Activo
588,DNI,58623945,Enrique,Pérez,Herrera,1974-04-28,50,M,Soltero,universitario,Empresario,Educación,Chimbote,Ancash,Centro,6365.12,2753.15,121347.66,439,Regular,Agencia,160,2011-11-01,21,Activo
589,DNI,43945703,Víctor,Condori,Rojas,28-09-1985,39,M,Casado,Universitario,Empleado Privado,Agricultura,Cajamarca,Cajamarca,Norte,1825.99,-718.22,91009.28,601,Regular,Agencia,53,18-08-2020,24,Activo
590,DNI,77894319,Roberto,Castillo,Reyes,30/04/1985,39,M,Soltero,Secundaria,Pensionista,Comercio, Chiclayo ,Lambayeque,Norte,1075.76,542.55,26918.37,510,Regular,Digital,155,2012-03-15,13,Inactivo
591,DNI,51460401,María,Ramos,Romero,1982/06/30,42,F,Soltero,Técnico,Independiente,Manufactura,Chimbote,Ancash,Centro,7639.01,5252.48,99735.67,464,Regular,Agencia,49,2020-12-09,21,Activo
592,DNI,9712316,María,Mamani,Gómez,1981-01-04,44,F,Casado,Secundaria,Empleado Privado,Salud,El Tambo,Junín,Centro,1994.78,1220.68,63180.1,417,Regular,Digital,178,2010-05-02,19,Activo
593,DNI,4337009,Carlos,Laime,Martínez,1990-02-07,34,M,Viudo,Técnico,Empleado Privado,Salud,Trujillo,La Libertad,Norte,2626.61,1644.92,59368.72,452,Regular,Referido,123,2014/11/18,10,Activo
594,DNI,88255629,Sofía,Herrera,Pérez,1991-03-09,33,F,Casado,Técnico,Empleado Público,Transporte,Chiclayo,Lambayeque,Norte,1120.29,719.93,40687.5,487,Regular,Referido,169,16/01/2011,12,Activo
595,DNI,77820582,Paola,Cusi,Álvarez,2001-07-06,23,F,Casado,Universitario,Pensionista,Construcción,Lima,Lima,Lima y Callao,1215.73,495.61,25732.65,461,Regular,Telemarketing,86,2017-11-09,5,Activo
596,DNI,82357155,Sandra,Rojas,Pérez,2000/06/06,24,F,Casado,Técnico,Empresario,Otro,Wanchaq,Cusco,Sur,4114.86,2867.9,149319.34,442,Regular,Referido,27,2021/02/22,17,Activo
597,DNI,81721436,José,Sánchez,Cruz,19/02/1979,45,M,Soltero,Técnico,Independiente,Otro,Tarapoto,San Martín,Oriente,6095.32,2619.92,268712.35,-5,Regular,Agencia,1,2023-09-23,23,Activo
598,DNI,56094565,Carlos,Chávez,Torres,27/09/1981,43,M,Soltero,Técnico,Empleado Privado,Finanzas,La Esperanza,La Libertad,Norte,2649.08,1664.53,31019.35,526,Regular,Telemarketing,116,19/06/2015,9,Activo
599,DNI,99570607,Adriana,Huanca,Martínez,1980/05/01,44,F,Divorciado,Secundaria,Empleado Privado,Agricultura,Chiclayo,Lambayeque,Norte,1985.33,774.15,88213.85,472,Regular,Digital,138,2013-08-07,13,Activo
600,DNI,73961029,DiAnA,Sánchez,Quispe,28-06-1992,32,F,Conviviente,Universitario,Independiente,Tecnología,Santiago de Surco,Lima,Lima y Callao,4577.52,2093.03,270842.76,478,Regular,Digital,83,2018-02-27,2,Activo
601,DNI,74204956,Enrique,Laime,Medina,17/04/1960,64,M,Soltero,Secundaria,Independiente,Servicios,Tarapoto,San Martín,Oriente,2607.58,1031.53,100272.86,476,Regular,Agencia,133,13-01-2014,23,Activo
602,DNI,11222990,Manuel,Gómez,Medina,15-12-2001,23,M,Casado,Técnico,Empleado Privado,Educación,El Tambo,Junín,Centro,989.8,446.89,52468.71,369,Regular,Agencia,127,2014/07/20,19,Activo
603,DNI,57683210,Ángela,Cusi,Sánchez,1979-06-12,45,F,Soltero,Universitario,Empleado Público,Otro,Piura,Piura,Norte,2645.07,1241.2,97811.09,425,Regular,Agencia,18,2020/07/10,14,Activo
604,DNI,24260508,Rocío,Ortiz,Mamani,1972-12-10,52,F,Divorciado,Secundaria,Estudiante,Otro,Los Olivos,Lima,Lima y Callao,,501.5,32529.73,507,Regular,Agencia,144,2013-03-03,4,Activo
605,DNI,81228217,Jorge, VaRgAs ,Morales,16-05-1963,61,M,Casado ,Postgrado,Empresario,Finanzas,Los Olivos,Lima,Lima y Callao,11238.15,4948.98,367346.99,537,Regular,Agencia,45,26-10-2020,4,Activo
606,DNI,56793279,Rodrigo,Herrera,Cruz,1993/08/27,31,M,Conviviente,Universitario,Empleado Público,Educación,Víctor Larco Herrera,La Libertad,Norte,850.0,527.64,8696.57,448,Regular,Digital,102,2016/08/15,11,Activo
607,DNI,20546475,Víctor,Apaza,Chávez,1985-05-01,39,M,Soltero,Universitario,Independiente,Transporte,Miraflores,lima ,Lima y Callao,1141.93,592.06,10971.13,473,Regular,Telemarketing,144,2013-03-02,3,Inactivo
608,DNI,58891444,Diego,Medina,Choque,27-01-1982,42,M,Conviviente,Universitario,Independiente,Manufactura,Cusco,Cusco,Sur,1992.39,1178.54,75406.74,451,Regular,Agencia,87,2017-11-06,16,Inactivo
609,DNI,39243588,Fabiola,Díaz,Jiménez,1980-08-08,44,F,CASADO,Universitario,Empleado Privado,Finanzas,La Esperanza,La Libertad,Norte,3606.51,1757.09,155646.9,433,Regular,Digital,68,2019-05-13,9,Activo
610,DNI,74978524,Sofía,Morales,Reyes,1966-03-15,58,F,Casado,,Independiente,Educación,Chimbote,Ancash,Centro,2440.33,1575.78,42754.7,512,Regular,Referido,128,16-06-2014,21,Bloqueado
611,DNI,6791766,  Fernando,Ortiz,Huanca,26-05-1974,50,M,Soltero,Secundaria,Pensionista,Servicios,Wanchaq,Cusco,Sur,1220.01,678.58,61854.79,549,Regular,Agencia,146,21-12-2012,17,Activo
612,DNI,90015944,Luis,Gutiérrez,Sánchez,1979/04/07,45,M,Casado,Técnico,Empleado Público,Finanzas,Cajamarca,Cajamarca,Norte,1689.16,710.76,21935.96,530,Regular,Digital,176,2010/07/05,24,Activo
613,DNI,21994711,Daniela,Morales,Flores,27-12-1996,28,F,Soltero,Técnico,Independiente,Manufactura,Chiclayo,Lambayeque,Norte,2249.27,1082.69,43710.87,464,Regular,Digital,53,2020-08-07,13,Activo
614,DNI,11677269,Ricardo,Gutiérrez,Sánchez,1986-01-09,39,M,Divorciado,Secundaria,Empleado Privado,Agricultura,Pisco,Ica,Sur,2610.32,1249.61,99560.62,380,Regular,Agencia,99,2016-10-30,20,Activo
615,DNI,19626335,Alejandro,Castillo,Vargas,1989-12-30,35,M,Casado,Técnico,Empleado Público,Agricultura,Pisco,Ica,Sur,2073.8,1196.59,106981.92,505,Regular,Telemarketing,53,2020-08-13,20,Activo
616,DNI,67616453,María,Laime,Morales,1995/02/12,29,F,Soltero,Postgrado,Independiente,Agricultura,Chiclayo,Lambayeque,Norte,5099.03,2675.56,252938.57,426,Regular,Digital,93,2017/04/30,12,Activo
617,DNI,80418472,Ángela,Apaza,Apaza,1971/10/06,53,F,Soltero,Universitario,Empresario,Agricultura,Miraflores,Lima,Lima y Callao,8029.26,5566.94,216450.67,500,Regular,Telemarketing,41,2020-07-10,3,Activo
618,DNI,62303911,Roberto,Apaza,González,20/09/1961,63,M,Divorciado,Técnico,Empresario,Construcción,Cajamarca,Cajamarca,Norte,3248.48,1879.9,122713.51,587,Regular,Digital,46,13/03/2021,24,Activo
619,DNI,88062207,Daniela,Gómez,Flores,1970/04/16,54,F,Soltero,Secundaria,Pensionista,Finanzas,Cayma,Arequipa,Sur,874.15,400.89,7390.78,579,regular ,Telemarketing,70,2019-03-17,6,Activo
620,DNI,47876886,Ricardo,Quispe,Gómez,1986-01-12,38,M,Conviviente,Técnico,,Otro,Santiago de Surco,Lima,Lima y Callao,3190.92,1466.0,131743.76,497,Regular,Telemarketing,18,24-04-2023,2,Activo
621,DNI,54196664,Diana,Rojas,Ortiz,1984/04/17,40,F,Casado,,Pensionista,Manufactura,Lima,Lima,Lima y Callao,1427.31,618.61,75093.91,526,Regular,Referido,10,2020-09-24,5,Activo
622,DNI,77537260,Patricia,Romero,Ramírez,2003/02/08,21,F,Soltero,Secundaria,Independiente,Otro,Yanahuara,Arequipa,Sur,4886.61,2476.71,75255.73,369,Regular,Telemarketing,113,2015-09-12,8,Activo
623,DNI,48201284,César,Medina,Castro,1970-12-06,54,MASCULINO,Soltero,Universitario,Independiente,Otro,Cusco,Cusco,Sur,5598.16,-2762.85,193994.15,452,Regular,Digital,18,2023-06-29,16,Activo
624,DNI,76808981,Víctor,Quispe,Jiménez,26-02-1987,37,MASCULINO,Conviviente,Secundaria,,Educación,El Tambo,Junín,Centro,1576.59,784.75,78299.21,466,Regular,Agencia,32,2022/04/18,19,Activo
625,DNI,40236936,Ángela,Gutiérrez,Flores,1986/10/30,38,F,Divorciado,Universitario,Independiente,Educación,La Esperanza,La Libertad,Norte,3902.91,1728.31,156418.74,556,Regular,Digital,101,2016/09/07,9,Activo
626,DNI,11759574,María,González,Rivera,1966/12/27,58,F,Casado,Universitario,Empleado Privado,Transporte,Sullana,PiuRa,Norte,2411.04,1288.59,27574.18,500,Regular,Digital,43,22/05/2021,15,Activo
627,DNI,84760944,Héctor,Apaza,Gutiérrez,2003/03/08,21,M,Soltero,Secundaria,,Manufactura,Piura,Piura,Norte,1115.56,511.48,56197.96,506,Regular,Telemarketing,124,2014/10/17,14,Activo
628,DNI,32971506,Alejandra,Flores,Sánchez,1963/01/24,61,F,Casado,Técnico,Empleado Público,Educación,Piura,Piura,Norte,1473.25,730.96,68669.99,500,Regular,Digital,146,24-12-2012,14,Activo
629,DNI,39252959,ROSA,Ramos,Morales,1983/05/07,41,F,Casado,Secundaria,Empresario,Servicios,Chiclayo,Lambayeque,Norte,6734.37,3619.02,389450.38,470,Regular,Agencia,111,2015/10/23,13,Activo
630,DNI,55910245,José,Huanca,Pérez,20-01-1977,47,M,Soltero,Postgrado,Independiente,Servicios,Cayma,Arequipa,Sur,1737.11,1211.44,14085.42,493,Regular,Campaña Institucional,9,2020/08/02,6,Activo
631,DNI,21794281,Sandra,Rivera,Rojas,1976/05/06,48,F,Casado,Técnico,Empleado Privado,Agricultura,Wanchaq,Cusco,Sur,2987.38,1702.44,119503.04,473,Regular,Agencia,19,21-10-2021,17,Inactivo
632,CE,453372201,Diana,Mamani,Romero,1984/07/11,40,F,Soltero,Universitario,Pensionista,Construcción,Chiclayo,Lambayeque,Norte,996.13,476.2,41818.98,461,Regular,Agencia,108,2016/01/23,13,Activo
633,DNI,94370526,Luis,Chávez,Castillo,1986-01-23,38,M,Soltero,Secundaria,Empleado Privado,Comercio,Chimbote,Ancash,Centro,6142.83,2804.58,202977.73,520,Regular,Telemarketing,172,25/10/2010,21,Activo
634,DNI,92024617,Diego,Quispe,Rojas,1989/01/12,37,M,Conviviente,Técnico,Empresario,Comercio,Tarapoto,San Martín,Oriente,8449.72,4426.6,426040.14,495,Regular,Telemarketing,109,2015/12/28,23,Activo
635,DNI,17833258,Gabriela,Díaz,Gómez,1968-06-15,56,F,Soltero,Técnico,Empleado Privado,Tecnología,Víctor Larco Herrera,La Libertad,Norte,3789.97,1451.38,101411.38,505,Regular,Campaña Institucional,158,29/12/2011,11,Activo
636,DNI,91767993,Cecilia,martínez,Quispe,16/03/1977,47,F,Conviviente,Universitario,Empleado Público,Manufactura,Santiago de Surco ,Lima,Lima y Callao,1168.31,645.39,55261.33,-5,Regular,Digital,73,23-12-2018,2,Activo
637,DNI,1488608,Ana,Cruz,Ortiz,1997/06/19,27,F,Conviviente,Universitario,Empleado Privado,Otro,Sullana,Piura,Norte,2711.7,1490.99,27410.67,561,Regular,Referido,62,16-11-2019,15,Activo
638,DNI,83061537,Paola,Reyes,Cusi,14/02/1956,68,F,Soltero,Secundaria,,Agricultura,Chiclayo,Lambayeque,Norte,4363.01,2746.5,228936.57,546,Regular,Agencia,144,2013-02-09,13,Activo
639,DNI,12103142,Roberto,CasTro,Reyes,2004-10-14,20,M,soltero,Tecnico,Empleado Público,Servicios,Huancayo,Junín,Centro,1415.3,884.32,32575.23,429,Regular,Digital,178,2010-05-02,18,Activo
640,DNI,38409112,Isabel, Torres ,Mamani,1990/02/01,34,F,Soltero,Secundaria,Independiente,Tecnología,Miraflores,Lima,Lima y Callao,1947.43,1229.53,51656.5,448,Regular,Agencia,91,2017-07-06,3,Bloqueado
641,DNI,79137876,DaNiElA ,Rodríguez,Castillo,20-06-2004,20,F,Casado,Técnico,Independiente,Comercio,Chiclayo,Lambayeque,Norte,3280.34,1700.42,163945.82,397,Regular,Agencia,55,20-06-2020,13,Activo
642,DNI,19277885,María,Herrera,Castillo,1980/06/13,44,F,Soltero,Universitario,Independiente,Otro,Lima,Lima,Lima y Callao,10111.05,3866.26,246596.87,455,Regular,Agencia,25,2020-01-09,5,Activo
643,DNI,24561851,Sofía,Martínez,Sánchez,2004-12-08,20,f,Casado,Universitario,Pensionista,Educación,Tarapoto,  San Martín,Oriente,850.0,503.83,50929.42,512,Regular,Agencia,67,2019/06/05,23,Bloqueado
644,DNI,12939130,Enrique,Pérez,Ramírez,1959/04/24,65,M,Soltero,Universitario,Independiente,Tecnología,Los Olivos,Lima,Lima y Callao,1157.97,755.58,31093.43,539,Regular,Referido,68,2019/05/08,4,Inactivo
645,CE,461540211,Enrique,Choque,Laime,22/01/1988,36,M,Conviviente,Universitario,Empleado Público,Servicios,Los Olivos,Lima,Lima y Callao,1930.61,1293.55,81492.56,643,Regular,Telemarketing,104,23/05/2016,4,Activo
646,DNI,91073228,Mónica,Cusi,Sánchez,2001-08-24,23,F,Soltero,Técnico,Empleado Privado,Otro,Yanahuara,Arequipa,Sur,2768.18,1884.27,150980.07,485,Regular,Digital,21,2023-02-12,8,Activo
647,DNI,69694439,Sandra,HuaNca,Choque,15-09-1957,69,F,Conviviente,Secundaria,Empleado Privado,Educación,Arequipa,Arequipa,Sur,3285.95,1470.54,140237.38,526,Regular,Agencia,136,21-10-2013,7,Activo
648,DNI,3301623,Miguel,Rojas,Díaz,1987-09-03,37,M,Soltero,SECUNDARIA,Independiente,Comercio,El Tambo,Junín,Centro,2708.8,1529.16,136391.34,462,Regular,Referido,31,2020-06-05,19,Activo
649,Pasaporte,684732365,María,Álvarez,Sánchez,23-07-1975,49,F,Soltero,Universitario,Empleado Privado,Otro,Los Olivos, lima ,Lima y Callao,2493.28,1062.64,113853.98,519,Regular,Agencia,95,2017-03-03,4,Activo
650,DNI,61424426,Juan,Ortiz,García,1983-06-04,41,m,Divorciado,Técnico,Empleado Público,Tecnología,Santiago de Surco,Lima,Lima y Callao,3285.6,1313.09,178160.7,505,Regular,Agencia,118,2015/04/07,2,Activo
651,CE,37638821,Ricardo,Romero,Díaz,2004-01-19,20,M,Soltero,Técnico,Empresario,Agricultura,CuScO,Cusco,Sur,10191.6,6610.57,592156.68,1050,Premium,Referido,57,2020-04-12,16,Activo
652,DNI,89982780,Sofía,Rojas,Rodríguez,1990-12-08,34,F,Soltero,Secundaria,Independiente,Tecnología,Trujillo,La Libertad,Norte,1443.76,957.41,29660.23,549,Regular,Digital,65,2019-08-05,10,Activo
653,DNI,16793350,Roberto,Sánchez,Ramos,2004-06-02,20,M,Conviviente,Técnico,Empleado Privado,Manufactura,Iquitos,Loreto,Oriente,-11396.26,7264.77,438550.91,530,Regular,Digital,155,21-03-2012,22,Activo
654,DNI,11872333,Iván,Rodríguez,González,1980-11-20,44,M,Casado,Secundaria,Independiente,Comercio,Santiago de Surco,Lima,Lima y Callao,2278.11,965.55,66881.29,506,Regular,Telemarketing,53,2020/08/10,2,Activo
655,DNI,30748207,Ángela,Romero,Reyes,26/11/1976,48,F,Viudo,Técnico,Empleado Privado,Educación,La Esperanza,La Libertad,Norte,4111.52,1873.81,58287.02,530,Regular,Telemarketing,154,2012-04-21,9,Activo
656,DNI,19043223,Ricardo,Laime,Gutiérrez,1982-01-11,43,M,Divorciado,Universitario,Empleado Público,Manufactura,Sullana,Piura,Norte,1964.71,965.98,52180.31,500,Regular,Referido,143,2013/03/12,15,Activo
657,DNI,46212760,Juan,Romero,Cruz,28/02/1985,39,M,Soltero,secundaria,Empleado Privado,Construcción,Arequipa,Arequipa,Sur,4906.83,2049.68,272017.7,520,Regular,Referido,94,23/03/2017,7,Inactivo
658,DNI,88995729,Roberto,Reyes,González,19/10/2004,20,M,Casado,Universitario,Empleado Público,Salud,Cayma,Arequipa,Sur,2285.93,1186.58,101458.15,485,Regular,Digital,69,2019/04/10,6,Activo
659,DNI,87191203,Gabriela,Vargas,Ortiz,1983-03-07,41,F,Divorciado,Universitario,,Servicios,San Juan de Lurigancho,Lima,Lima y Callao,2327.67,1430.8,112040.29,547,Regular,Digital,51,2020-10-11,1,Activo
660,DNI,81388158,Diana,Ramírez,López,1971/04/24,53,F,Casado,Técnico,Empleado Privado,Transporte,Yanahuara,Arequipa,Sur,2096.64,1384.32,103878.09,526,Regular,Digital,13,2023/11/21,8,Activo
661,DNI,81572450,Diego,Reyes,Ramírez,1994-09-18,30,M,Soltero,Secundaria,Independiente,Comercio,Sullana,Piura,Norte,850.0,347.31,13333.74,432,Regular,Referido,19,2023/05/28,15,Activo
662,DNI,17850902,Silvia,Rodríguez,PéReZ,1972-08-01,52,F,Conviviente,tecnico,Empleado Privado,Otro,Miraflores,Lima,Lima y Callao,-4934.84,3047.28,202950.42,536,Regular,Agencia,22,23-06-2021,3,Inactivo
663,DNI,12248905,Sofía,Ortiz,Rivera,1974-12-01,50,F,Casado,Secundaria,Empleado Público,Educación,Huancayo,Junín,Centro,2751.22,1175.71,117596.68,485,Regular,Digital,123,15/11/2014,18,Activo
664,DNI,69136248,Héctor,Ortiz,Morales,1977/07/03,47,M,Soltero,Técnico,Empleado Privado,Otro,Wanchaq,Cusco,Sur,4411.07,2158.23,118200.23,540,Regular,Agencia,71,15-02-2019,17,Activo
665,DNI,98795098,Óscar,Medina,Martínez,1968-04-07,56,M,Soltero,Secundaria,Independiente,Agricultura,Arequipa,Arequipa,Sur,4234.86,2456.24,45558.24,531,Regular,Referido,62,2019/11/15,7,Inactivo
666,CE,738363816,Gabriela,Apaza,Torres,1970-04-05,54,F,Soltero,Secundaria,Empresario,Servicios,Chimbote,Ancash,Centro,6158.49,3795.61,133045.6,484,Regular,Agencia,46,2020-09-10,21,Activo
667,DNI,62586314,Silvia,Rivera,  ApAzA,24/03/1984,40,F,Conviviente,Técnico,Independiente,Salud,Trujillo,La Libertad,Norte,1363.47,809.13,32709.4,445,Regular,Telemarketing,41,2021-05-01,10,Activo
668,DNI,55824301,Rodrigo,Medina,Rivera,13-07-1984,40,M,Casado,Técnico,Pensionista,Agricultura,SaNtIaGo dE SuRcO ,Lima,Lima y Callao,850.0,424.64,19645.05,464,regular ,Telemarketing,48,2021/01/09,2,Activo
669,DNI,45279050,Isabel,ConDorI  ,Rodríguez,2004-09-12,20,FEMENINO,Soltero,Universitario,Independiente,Agricultura,Wanchaq,Cusco,Sur,2256.28,1123.35,83294.4,454,Regular,Agencia,133,23/01/2014,17,Inactivo
670,DNI,11197871,David,Díaz,Apaza,1992-08-30,32,M,casado ,Universitario,Independiente,Manufactura,CajAmaRca,Cajamarca,Norte,3419.26,2265.99,49077.94,526,Regular,Agencia,57,2020-04-01,24,Activo
671,DNI,19875617,Paola,Reyes,Ramírez,13-06-2002,22,F,Conviviente,Universitario,Independiente,Tecnología,Piura,Piura,Norte,1160.12,811.88,11646.42,413,Regular,Referido,9,2019-12-19,14,Activo
672,DNI,3657744,Roberto,Reyes,Rodríguez,1994-12-24,30,M,Viudo,Universitario,Independiente,Educación,Huancayo,Junín,Centro,3788.82,1845.41,112077.77,461,Regular,Telemarketing,33,29-02-2020,18,Inactivo
673,DNI,41843368,Mónica,Herrera,Jiménez,1986-11-03,38,F,Casado,Universitario,Empresario,Finanzas,Los Olivos,Lima,Lima y Callao,1671.37,675.9,65838.53,535,Regular,Agencia,135,2013-11-09,4,Bloqueado
674,DNI,14042886,Manuel,Rivera,Reyes,1997-03-03,27,M,Conviviente,Secundaria,Independiente,Transporte,La Esperanza,La Libertad,Norte,2155.58,921.13,44162.24,480,Regular,Digital,86,2017/11/28,9,Activo
675,DNI,308356,Diego,Rojas, Castro,1966/06/07,58,M,Casado,Universitario,Pensionista,Comercio,Los Olivos,Lima,Lima y Callao,850.0,525.3,29754.8,342,Regular,Agencia,30,22/06/2022,4,Activo
676,DNI,91776829,Manuel,reyes,Sánchez,14-10-1980,44,M,Soltero,Universitario,Independiente,Agricultura,Piura,Piura,Norte,8348.89,3851.25,214631.07,570,Premium,Agencia,131,2014/03/12,14,Inactivo
677,DNI,88260335,Marco,Choque,García,16/04/1980,44,M,Casado,Secundaria,Estudiante,Servicios,Yanahuara,Arequipa,Sur,850.0,535.23,21943.33,532,Regular,Referido,123,2014-10-28,8,Activo
678,DNI,7492699,Elena,López,Condori,1994-07-04,30,F,Casado,Universitario,Estudiante,Finanzas,Trujillo,La Libertad,Norte,850.0,480.99,9665.92,494,Regular,Digital,74,2018-11-15,10,Activo
679,DNI,59140849,Sofía,Choque,Quispe,30-11-1970,54,Femenino,Casado,Postgrado,,Manufactura,Chiclayo,Lambayeque,Norte,32770.88,15552.25,1174303.83,608,VIP,Campaña Institucional,164,25-06-2011,13,Inactivo
680,DNI,87261760,Ricardo,Chávez,Flores,1989/06/03,35,M,Casado,Secundaria,Empleado Público,Manufactura,Piura,PIURA,Norte,1977.86,1105.92,112246.54,399,Regular,Agencia,160,19-10-2011,14,Inactivo
681,DNI,4056129,Isabel,Cruz,Vargas,1991/01/31,33,F,Casado,Técnico,Independiente,Tecnología,Wanchaq,Cusco,Sur,1631.69,1094.07,68220.73,443,Regular,Referido,36,2021-01-12,17,Activo
682,DNI,13087612,David,Cusi,Flores,1981-06-03,43,M,Divorciado,Universitario ,Independiente,Transporte,El TamBo  ,Junín,Centro,1321.26,541.61,48400.3,548,Regular,Digital,97,2017-01-01,19,Bloqueado
683,DNI,273008,Gabriela,Díaz,Gutiérrez,21-06-1982,42,F,Casado,Técnico,Empleado Público,Educación,Trujillo  ,La Libertad,Norte,2102.26,960.72,103865.82,489,Regular,Agencia,131,2014-03-21,10,Activo
684,DNI,9414915,Mónica,Condori,Díaz,1981/12/04,43,F,Soltero,Técnico,Empleado Privado,Construcción,San Juan de Lurigancho,Lima,Lima y Callao,4335.47,1915.7,172630.93,445,Regular,Telemarketing,13,2023/12/05,1,Activo
685,DNI,46207266,Alejandra,Álvarez,Flores,1990/12/15,34,F,Casado,Universitario,Independiente,Transporte,San Juan de Lurigancho,Lima,Lima y Callao,1771.11,798.0,39937.84,400,Regular,Agencia,127,13-07-2014,1,Activo
686,DNI,88413337,Paola,Mamani,Medina,15/12/1992,32,F,Soltero ,Postgrado,Estudiante,Transporte,Miraflores,Lima,Lima y Callao,850.0,476.79,48015.84,517,Regular,Agencia,68,2019-06-01,3,Inactivo
687,DNI,20613638,Pablo,Sánchez,Quispe,1979/04/09,45,M,Conviviente,Técnico,Pensionista,Salud,Cayma,Arequipa,Sur,1157.94,612.04,21602.17,536,Regular,Digital,174,13/09/2010,6,Activo
688,DNI,29502648,Miguel,Díaz,Reyes,1984/05/26,40,M,Soltero,Universitario,Empleado Privado,Educación,La Esperanza,La Libertad,Norte,3409.95,2024.56,79894.67,481,Regular,Agencia,152,2012-07-06,9,Bloqueado
689,DNI,21021798,Fernando,Ortiz,Sánchez,23-06-1979,45,M,Viudo,Secundaria,Empleado Público,Manufactura,Sullana,Piura,Norte,1709.33,708.77,26276.18,376,Regular,Agencia,128,2014/06/06,15,Inactivo
690,DNI,82856053,Óscar,Cusi,Castillo,1984/05/04,40,M,Casado,Técnico,Independiente,Comercio,Yanahuara,Arequipa,Sur,6217.63,3729.14,191331.47,543,Regular,Digital,139,25/07/2013,8,Activo
691,CE,368205068,Ángela,Castro,Rojas,1971-01-31,53,F,Soltero,Universitario,Pensionista,Construcción,Santiago de Surco,Lima,Lima y Callao,1861.21,778.13,61183.01,508,Regular,Agencia,104,2016/05/20,2,Activo
692,DNI,46921821,Roberto,Pérez,Rojas,30/01/1980,44,M,Conviviente,,Empresario,Finanzas,Huancayo,Junín,Centro,4019.59,1998.27,194624.13,496,Regular,Agencia,115,23-06-2015,18,Activo
693,DNI,5093869,Ana,Choque,Cusi,29/01/1965,61,F,Casado,Técnico,Empleado Privado,Agricultura,Huancayo,Junín,Centro,5475.85,2834.23,217204.99,496,Premium,Digital,5,2020/03/16,18,Activo
694,DNI,7152386,Silvia,Condori,Choque,22-02-1988,36,F,Casado,Técnico,Empleado Privado,Tecnología,Chimbote,Ancash,Centro,2719.58,1106.56,70797.54,512,Regular,Referido,140,2013/06/16,21,Activo
695,DNI,87682996,Víctor,Romero,Gutiérrez,26-06-2000,24,M,Casado,Universitario,Independiente,Construcción,Chimbote,Ancash,Centro,850.0,585.08,9605.86,427,Regular,Telemarketing,170,2010/12/31,21,Activo
696,DNI,35040566,Fernando,Huanca,Martínez,1997/02/12,27,M,Divorciado,Técnico,,Salud,Chimbote,Ancash,Centro,1526.3,912.88,12262.36,475,Regular,Digital,48,31/12/2020,21,Activo
697,DNI,59423289,Eduardo,Cusi,Gómez,1988-07-18,36,M,Conviviente,Universitario,Empresario,Manufactura,Sullana,Piura,Norte,13087.97,6097.2,228946.73,538,Premium,Telemarketing,152,2012-06-25,15,Activo
698,DNI,72562926,Fabiola,Sánchez,Castillo,1979/06/19,45,F,Conviviente,Técnico,Empleado Privado,Manufactura,Víctor Larco Herrera,La Libertad,Norte,3976.13,1612.22,172514.47,432,Regular,Agencia,48,2020/08/29,11,Activo
699,DNI,68509574,Rosa,Cruz,Condori,1970-11-21,54,F,Viudo,Técnico,Independiente,Manufactura,Chimbote,Ancash,Centro,2412.61,1218.83,65193.11,542,Regular,Agencia,126,2014/08/10,21,Activo
700,DNI,93401536,Isabel,Laime,González,1995/11/12,29,F,Soltero,técnico,Empresario,Salud,Arequipa,Arequipa,Sur,2035.62,1163.72,33730.99,532,Regular,Agencia,134,2013-12-03,7,Activo
701,DNI,75009421,Fernando,Gómez,Herrera,1978-03-01,46,mas,Soltero,Universitario,Empresario,Servicios,Wanchaq,Cusco,Sur,3439.6,2206.89,112627.96,468,Regular,Agencia,25,2022/12/05,17,Activo
702,DNI,45238885,VícTor  ,Apaza,Torres,1969/01/23,55,M,Casado,Universitario,Independiente,Transporte,Cajamarca,Cajamarca,Norte,1114.13,591.96,12397.37,595,Regular,Digital,34,2020/03/19,24,Inactivo
703,DNI,27585485,Cecilia,López,Vargas,1993-03-16,31,F,Divorciado,Técnico,Empleado Público,Transporte,Sullana,Piura,Norte,2496.97,1581.92,78376.25,473,Regular,Referido,72,2019-01-23,15,Activo
704,Pasaporte,20002453,Elena,Chávez,Gómez,1975-05-01,49,F,Casado,Universitario,Empleado Privado,Servicios,miraflores,Lima,Lima y Callao,2284.96,1568.77,126461.82,489,Regular,Campaña Institucional,178,2010/05/06,3,Activo
705,DNI,82144488,Rosa,Vargas,Vargas,1982-12-07,42,F,Casado,Técnico,Empleado Privado,Finanzas,Wanchaq,Cusco,Sur,1725.71,834.68,56926.89,527,Regular,Campaña Institucional,53,2020/08/04,17,Activo
706,DNI,2582543,Enrique,Cruz,Castro,25-05-1989,35,M,Conviviente,Secundaria,Empresario,Manufactura,Trujillo,La Libertad,Norte,4735.49,2994.84,215023.26,447,regular ,Referido,165,31-05-2011,10,Activo
707,DNI,10601836,Rosa,Ramírez,Díaz,2004/12/04,20,F,Soltero,Secundaria,Empleado Privado,Tecnología,Chimbote,Ancash,Centro,2157.39,1238.57,115831.41,587,regular ,Digital,2,2023/01/06,21,Activo
708,DNI,58472629,Diego,Rojas,Apaza,17-01-1973,51,M,Conviviente,Técnico,Empleado Privado,Finanzas, Chiclayo ,Lambayeque,Norte,3013.37,1584.82,147414.04,488,Regular,Agencia,123,2014-11-10,12,Activo
709,DNI,17217337,Silvia,Quispe,Medina,1982/02/09,42,F,Divorciado,Universitario,Independiente,Finanzas,Huancayo,Junín,Centro,3420.26,2098.19,97168.8,424,Regular,Referido,47,2021/01/29,18,Inactivo
710,DNI,16591438,María,Vargas,Gómez,18-10-1969,55,F,Casado,Técnico,Empleado Privado,Construcción,Arequipa,Arequipa,Sur,4474.32,3067.87,247435.98,550,Regular,Agencia,106,20/03/2016,7,Activo
711,DNI,73264309,Fabiola,Cusi,Reyes,1977/08/02,47,F,Casado,Universitario,Independiente,Finanzas,Cusco,Cusco,Sur,2453.81,1174.34,72950.59,532,Regular,Referido,166,2011/04/30,16,Activo
712,DNI,12053978,Silvia,Torres,Gómez,1975/05/30,49,Femenino,Conviviente,Universitario,Independiente,Manufactura,San Juan de Lurigancho,Lima,Lima y Callao,1916.65,1248.39,73365.19,465,Regular,Digital,48,2021-01-03,1,Inactivo
713,DNI,8320048,Óscar,Choque,Apaza,1981/09/09,43,M,Casado,Universitario,Empleado Privado,Otro,Lima,Lima,Lima y Callao,6226.35,2421.96,268427.12,428,Regular,Telemarketing,94,31-03-2017,5,Activo
714,DNI,38600304,Óscar,Romero,Jiménez,22-01-2000,24,M,Conviviente,Técnico,Empleado Privado,Educación,Chiclayo,Lambayeque,Norte,2671.15,1647.55,119287.02,464,Regular,Digital,171,29/11/2010,12,Activo
715,CE,102929501,Fabiola,Vargas,Torres,1980/05/21,44,F,Soltero,Técnico,Empleado Privado,Otro,Arequipa ,Arequipa,Sur,3266.59,2114.33,53821.14,480,Regular,Telemarketing,147,2012/11/06,7,Activo
716,CE,260221321,Fernando,García,LAIME,1965-06-17,59,M,Conviviente,Postgrado,Estudiante,Salud,Cusco,Cusco,Sur,850.0,345.48,37155.39,464,Regular,Digital,24,2022/12/23,16,Activo
717,DNI,72587339,Miguel,Pérez,Torres,1984/11/14,40,M,Divorciado,técnico,Empleado Público,Agricultura,Santiago de surco,Lima,Lima y Callao,1077.01,445.28,59764.18,492,Regular,Digital,31,2022-05-27,2,Activo
718,DNI,42114086,Iván,García,Gómez,28/05/1963,61,M,Casado,Secundaria,Independiente,Transporte,Wanchaq,Cusco,Sur,2706.97,1604.82,64090.73,528,Regular,Telemarketing,27,21/09/2021,17,Activo
719,DNI,10399529,Jorge,Flores, CháVez,29/06/1998,26,M,Casado,Secundaria,Empleado Privado,Servicios,Tarapoto,San Martín,Oriente,1839.22,1193.28,71275.04,442,Regular,Agencia,94,2017-04-01,23,Activo
720,CE,202706159,Fernando,Castro,Jiménez,1975/04/04,51,M,Soltero,Técnico,Empleado Privado,Salud,Arequipa,Arequipa,Sur,5242.42,2607.27,125614.4,518,Regular,Agencia,7,2023-04-22,7,Activo
721,CE,155420340,Alejandra,Pérez,Castro,1996/06/03,28,F,Soltero,Secundaria,Empresario,Finanzas,Trujillo,La Libertad,Norte,5944.81,2301.6,118102.36,521,Premium,Agencia,136,2013-10-10,10,Inactivo
722,DNI,23471247,Fabiola,Romero,Herrera,1969/06/12,55,F,Casado,Secundaria,Empresario,Tecnología,Iquitos,Loreto,Oriente,16264.57,7784.92,184991.33,499,Premium,Agencia,90,30-07-2017,22,Activo
723,DNI,17268080,Rosa,Martínez,Reyes,1992/12/26,32,F,Casado,Universitario,Empresario,Otro,Yanahuara,Arequipa,Sur,2492.8,1534.91,73422.39,480,Regular,Agencia,26,2019/12/11,8,Activo
724,DNI,73510458,Silvia,Sánchez,Castillo,17-01-1977,47,F,Conviviente,Técnico,Empleado Privado,Manufactura,Piura,Piura,Norte,4843.22,1971.28,166775.7,496,Regular,Referido,116,2015-06-19,14,Activo
725,DNI,94703180,María,Rodríguez,Laime,1986-06-02,38,F,Casado,Postgrado,Empleado Privado,Manufactura,Chiclayo,Lambayeque,Norte,2979.75,1639.28,105668.97,437,Regular,Digital,115,2015/07/09,12,Activo
726,DNI,70004666,Alejandra,Ortiz,Castro,1957-06-30,67,F,Soltero,Postgrado,Empleado Público,Otro, Miraflores,Lima,Lima y Callao,1319.31,564.21,34787.77,542,Regular,Digital,135,2013/11/22,3,Activo
727,DNI,88194905,Ana,Romero,Huanca,1958/02/10,66,F,Soltero,Postgrado,Empleado Público,Servicios,Cajamarca,Cajamarca,Norte,2500.54,-1681.51,24860.96,524,Regular,Agencia,168,2011/03/07,24,Activo
728,Pasaporte,313797166,Víctor,Condori,Martínez,1987/03/15,37,M,Casado,Universitario,Empleado Privado,Servicios,Chiclayo,Lambayeque,Norte,2504.08,1616.74,127029.49,556,Regular,Digital,156,2012/02/22,13,Activo
729,DNI,89949919,Fernando,Huanca,Chávez,2004/12/11,20,m,Casado,Secundaria,Empleado Público,Agricultura,Cayma,Arequipa,Sur,3247.17,1827.27,67893.69,398,Regular,Agencia,83,2018/02/23,6,Activo
730,DNI,2041813,Adriana,Ramírez,Rodríguez,1986/09/23,38,F,Casado,Universitario,Empleado Público,Finanzas,Huancayo,Junín,Centro,1723.34,939.19,87253.25,532,Regular,Digital,44,19-01-2020,18,Activo
731,DNI,48018644,Fabiola,Romero,Flores,2002-11-10,22,F,Casado,Secundaria,Empleado Privado,Servicios,Huancayo,Junín,Centro,3045.05,1590.2,27909.36,570,Regular,Digital,129,2014/05/08,18,Inactivo
732,DNI,48067571,Alejandro,Cruz,Laime,27/05/1999,25,M,Viudo,Secundaria,Estudiante,Manufactura,Huancayo,Junín,Centro,850.0,424.67,48016.81,422,Regular,Agencia,45,2021/03/01,18,Activo
733,DNI,82769704,Carmen,Pérez,Rivera,26-04-1977,47,F ,Soltero,Técnico,Empresario,Servicios,Pisco,Ica,Sur,6021.89,3587.78,233061.34,487,REGULAR,Agencia,172,2010-11-02,20,Activo
734,DNI,88356517,Cecilia,Torres,Jiménez,1977/06/08,47,F,Casado,Universitario,Empleado Privado,Otro,Trujillo,La Libertad,Norte,7286.96,4866.73,301687.39,494,Premium,Referido,173,18/09/2010,10,Activo
735,DNI,84217028,Juan,Álvarez,Chávez,1974/03/07,50,M,Casado,Técnico,Empleado Público,Construcción,Pisco,Ica,Sur,1334.11,740.4,60646.58,465,Regular,Campaña Institucional,110,2015/12/19,20,Activo
736,DNI,83906246,Ángela,Álvarez,Gutiérrez,1977/04/10,47,F,Casado,Postgrado,Empleado Público,Tecnología,Yanahuara,Arequipa,Sur,3965.21,1507.22,231244.65,537,Regular,Digital,69,15-04-2019,8,Activo
737,DNI,92361337,Víctor,González,Pérez,1986-08-10,38,M,Casado,Universitario,Empleado Privado,Transporte,Cajamarca,Cajamarca,Norte,2761.04,1931.59,38304.47,413,Regular,,64,2019/09/18,24,Activo
738,CE,472419165,Valeria,Choque,Condori,1975-11-26,49,F,Casado,Universitario,Empleado Público,Agricultura,Cayma,  Arequipa,Sur,3162.42,1990.82,140466.0,494,Regular,Agencia,93,13/04/2017,6,Activo
739,DNI,8806782,Luis,Mamani ,Mamani,1988-12-07,36,M,Soltero,Secundaria,Independiente,Agricultura,Huancayo,Junín,Centro,2681.37,1127.7,57520.69,455,Regular,Digital,147,2012-11-10,18,Activo
740,CE,969874869,Ricardo,Vargas,Gómez,1983/06/24,41,M,Soltero,Universitario,Independiente,Servicios,Huancayo,Junín,Centro,-10063.69,6874.5,366193.33,488,Regular,Agencia,159,15-11-2011,18,Activo
741,DNI,53605117,Adriana,López,Torres,1987-11-08,37,F,Soltero,Universitario,Independiente,Comercio,Santiago de Surco,Lima,Lima y Callao,1425.95,871.49,61793.83,519,Regular,Agencia,176,24/06/2010,2,Activo
742,DNI,55906700,Rocío,Rojas,Reyes,1985/06/09,39,F,Soltero,Universitario,Empleado Privado,Finanzas,Lima,Lima,Lima y Callao,2011.85,1028.97,90304.99,555,Regular,Agencia,26,2021/08/22,5,Activo
743,DNI,76056420,Fabiola,Ortiz,Gómez,1965/12/22,59,F,Viudo,,Empleado Privado,Transporte,La Esperanza,La Libertad,Norte,2381.35,1191.69,65492.66,410,Regular,Digital,143,15-03-2013,9,Activo
744,DNI,90623546,Valeria,Cusi,Rodríguez,1970/03/28,54,F,Conviviente,Universitario,Empleado Público,Otro,Yanahuara,Arequipa,Sur,1750.48,1199.0,83911.5,567,Regular,Agencia,50,2020/04/09,8,Activo
745,CE,622122427,Ana,Sánchez,Rojas,17/02/2004,20,F,Casado,Universitario,,Otro,Santiago de Surco,Lima,Lima y Callao,3708.81,2131.22,73816.11,390,Regular,Digital,3,2023-04-02,2,Activo
746,CE,848860080,Elena,González,Medina,1974/12/30,50,F,Soltero,Universitario,Empleado Privado,Educación,Los Olivos,Lima,Lima y Callao,3042.59,1328.4,136537.23,448,Regular,Digital,24,2022/09/11,4,Activo
747,DNI,64261212,Sandra,Pérez,Gómez,21-03-1987,37,F,Soltero,Universitario,Independiente,Manufactura,San Juan de Lurigancho,Lima,Lima y Callao,3627.49,2471.65,112788.07,488,Regular,Referido,70,19/03/2019,1,Inactivo
748,DNI,21838545,José,Jiménez,Medina,1975-04-16,49,M,DIVORCIADO,Postgrado,Empleado Privado,Agricultura,Chiclayo,Lambayeque,Norte,8057.68,-4490.66,472442.34,423,Regular,Agencia,68,16/05/2019,12,Activo
749,CE,274897917,Marco,Herrera,Chávez,1963/02/17,61,M,Casado,Universitario,Empleado Público,Manufactura,Miraflores,Lima,Lima y Callao,2516.71,1552.12,133972.67,485,Regular,Agencia,29,15-03-2022,3,Activo
750,DNI,75080196,Silvia,Rivera,huanca,1998-10-13,26,F,Conviviente,Universitario,Empleado Privado,Agricultura,ChIcLaYo,Lambayeque,Norte,2277.23,1497.59,83949.22,514,Regular,Agencia,176,2010/07/13,13,Activo
751,DNI,40018167,Víctor,Cruz,Vargas,1984-04-06,40,M,Casado,Técnico,Empleado Público,Servicios,Yanahuara,Arequipa,Sur,3803.52,1621.61,153870.28,427,Regular,Telemarketing,85,2017/12/11,8,Activo
752,DNI,99378105,Eduardo,Ortiz,Herrera,1983-08-31,41,M,Soltero,Universitario,Empleado Privado,Construcción,Huancayo,Junín,Centro,1511.24,600.14,53876.19,504,Regular,Digital,93,2017/04/20,18,Inactivo
753,DNI,90457927,Eduardo,Cusi,Medina,1972/03/01,52,M,Soltero,Universitario,Independiente,Otro,Wanchaq,Cusco,Sur,1868.67,964.58,71923.13,358,Regular,,40,21-08-2021,17,Activo
754,DNI,28339121,Luis,Cusi,Medina,14/01/1980,44,M,Conviviente,Universitario,Empleado Privado,Salud,Huancayo,Junín,Centro,3597.14,1675.17,197975.96,515,Regular,Agencia,167,2011-04-07,18,Inactivo
755,DNI,1023200,Óscar,Reyes,Gómez,1968/04/25,56,M,Soltero,universitario ,Empresario,Salud,Huancayo,Junín,Centro,3336.44,2254.53,150166.21,568,Regular,Digital,55,2020/06/20,18,Activo
756,DNI,40384531,Isabel,Choque,Mamani,1968/07/01,56,F,Casado,Universitario,Empleado Privado,Salud,Arequipa,Arequipa,Sur,1294.65,718.89,65414.98,524,Regular,Agencia,96,30/01/2017,7,Activo
757,DNI,7620545,Rocío,Ramírez,Díaz,1989/08/01,35,F,Conviviente,Universitario,Empleado Privado,Salud,Iquitos,Loreto,Oriente,2589.55,1701.94,99988.95,496,Regular,Telemarketing,26,2022-11-11,22,Activo
758,DNI,11340785,Ana,Castro,Castro,1988/02/02,36,F,Soltero,Universitario,Empleado Público,Finanzas,Chimbote,Ancash,Centro,1537.15,716.27,18198.22,498,Regular,Agencia,101,16/08/2016,21,Activo
759,DNI,99962697,Víctor,García,Herrera,1996-03-26,28,M,Divorciado,Universitario,Independiente,Tecnología,Trujillo,La Libertad,Norte,974.86,504.56,35590.39,501,Regular,Digital,142,2013/04/29,10,Activo
760,DNI,96257197,Fabiola,Torres,Mamani,1996-04-12,28,F,Conviviente,Secundaria,Estudiante,Finanzas, Pisco ,Ica,Sur,850.0,502.63,28250.04,489,Regular,Agencia,19,2022/06/08,20,Activo
761,Pasaporte,809521755,José,Jiménez,Quispe,17/02/2003,21,M,Casado,Postgrado,Empleado Público,Servicios,Chiclayo,Lambayeque,Norte,1353.15,756.28,72230.41,539,Regular,Digital,4,2022/09/05,13,Activo
762,DNI,82419962,Adriana,Ramírez,Huanca,1994/08/10,30,F,Casado,Secundaria,Empleado Público,Construcción,Huancayo,Junín,Centro,1593.07,699.61,18926.74,513,Regular,Digital,173,21/09/2010,18,Activo
763,DNI,54570568,Luis,Romero,López,16-01-1973,51,M,Soltero,Universitario,Empresario,Construcción,La Esperanza,La Libertad,Norte,5268.62,3542.05,114568.03,494,Regular,Agencia,34,2022-01-07,9,Inactivo
764,DNI,32472828,Carlos,Laime,Rodríguez,21-12-1965,59,M,Casado,Universitario,Empleado Privado,Agricultura,Piura,Piura,Norte,7670.08,3894.68,430427.4,577,Regular,Agencia,71,2019/03/02,14,Activo
765,CE,850710580,IsaBel ,Gómez,Rivera,1981/01/24,44,f,Soltero,Universitario,Empleado Privado,Comercio,Piura,Piura,Norte,1915.82,1005.5,24301.51,442,Regular,Digital,19,2021-01-13,14,Activo
766,DNI,70923007,Rosa,Pérez,Vargas,1976-10-09,48,F,soltero ,Técnico,Empleado Público,Transporte,Chiclayo,Lambayeque,Norte,2607.9,1614.84,26778.49,594,Regular,Referido,59,2020-01-31,12,Activo
767,DNI,98769893,Enrique,Pérez,Condori,26/03/1975,49,M,Conviviente,Técnico,Independiente,Construcción,Trujillo,La Libertad,Norte,857.49,480.0,21450.88,553,Regular,Digital,59,2020-02-01,10,Activo
768,DNI,81310450,Miguel,Álvarez,Pérez,23-02-1994,30,MASCULINO,Soltero,Universitario,Independiente,Otro,Cusco,Cusco,Sur,1620.35,882.6,24864.33,482,Regular,Digital,52,29-08-2020,16,Activo
769,DNI,48606739,César,Chávez,Reyes,1959/07/17,65,M,Casado,Postgrado,Empleado Público,Agricultura,Lima,Lima,Lima y Callao,8596.23,4708.03,462718.43,580,Premium,Telemarketing,108,2016/02/01,5,Inactivo
770,DNI,5507740,Iván,Ramos,Gómez,1985/08/01,39,M,Casado,Técnico,Empresario,Transporte,Trujillo,La Libertad,Norte,7724.88,3881.29,456020.2,562,Regular,Agencia,104,18-05-2016,10,Activo
771,DNI,40913111,Fernando,Laime,Gómez,1987/01/06,38,M ,Casado,Universitario,Independiente,Educación,Los Olivos,Lima,Lima y Callao,7945.53,4394.43,201275.67,505,Regular,Agencia,11,22-10-2021,4,Bloqueado
772,DNI,53541201,Andrés,Chávez,Romero,28/01/1977,47,M,Casado,Secundaria,Empleado Público,Transporte,Chimbote,Ancash,Centro,2858.46,1714.38,49198.88,539,Regular,Referido,7,2020-10-04,21,Inactivo
773,DNI,25947950,Juan,García,Rivera,1972/06/14,52,M,Casado,Secundaria,Independiente,Salud,Víctor Larco Herrera,La Libertad,Norte,1628.53,983.44,17327.95,470,Regular,Agencia,29,2022/08/04,11,Activo
774,CE,100649340,Jorge,Quispe,Choque,13/12/1996,28,M,soltero ,Universitario ,Pensionista,Servicios,Chiclayo,Lambayeque,Norte,1116.74,677.48,43188.95,507,Regular,Agencia,165,2011-06-13,12,Activo
775,CE,359928553,Sandra,Castro ,Martínez,28/04/1977,47,F,Conviviente,Universitario,Independiente,Transporte,Trujillo,La Libertad,Norte,7815.09,5401.3,178019.86,505,Premium,Agencia,161,2011-09-22,10,Activo
776,CE,801867740,Juan,Álvarez,HuaNca,28-03-1974,50,M,Divorciado,Universitario,Pensionista,Salud,El Tambo,Junín,Centro,850.0,326.55,7649.59,475,Regular,Digital,110,2015/11/20,19,Activo
777,DNI,76255032,Fernando,Díaz,Laime,19/08/1974,50,M,Casado,Universitario,Empleado Privado,Servicios,Yanahuara,Arequipa,Sur,4618.75,2788.08,273894.76,488,Regular,Digital,6,15/05/2020,8,Bloqueado
778,DNI,92334511,Jorge,Rojas,Gómez,18/08/1983,41,M,Soltero,Universitario,Empleado Privado,Finanzas,Santiago de Surco,Lima,Lima y Callao,-1323.38,730.4,23233.33,464,Regular,Agencia,161,2011-10-06,2,Inactivo
779,DNI,21166732,Héctor,Martínez,Jiménez,1972-09-10,52,M,Casado,Secundaria,Empleado Privado,Otro,  PiuRa,Piura,Norte,4085.16,2551.5,147607.95,533,Regular,Agencia,131,21-03-2014,14,Bloqueado
780,DNI,64260336,Valeria,Laime,Choque,1982/04/08,42,F,Casado,Universitario,Empleado Público,Comercio,Miraflores,Lima,Lima y Callao,2116.06,1384.55,111636.12,470,Regular,Telemarketing,44,2021-05-03,3,Activo
781,CE,115238023,Alejandro,Gómez,González,1974-09-05,50,M,Casado,Postgrado,Empleado Público,Servicios,Pisco,Ica,Sur,2648.42,1399.1,24584.05,547,Regular,Digital,33,2021/01/01,20,Activo
782,DNI,11863855,Carmen,Jiménez,Apaza,1989/11/07,35,F,Casado,Secundaria,Empleado Público,Finanzas,Iquitos,loreto,Oriente,850.0,570.48,38747.29,554,Regular,Telemarketing,94,2017/03/25,22,Activo
783,DNI,93186928,Diego,Rivera,Sánchez,1988/06/28,36,M,Conviviente,Técnico,Independiente,Construcción,Víctor Larco Herrera,La Libertad,Norte,1216.86,479.72,12920.48,514,Regular,Referido,61,2019-12-13,11,Activo
784,DNI,94823220,Sofía,López,Sánchez,1987-04-22,37,F ,Soltero,Técnico,Empleado Privado,Salud,San Juan de Lurigancho,Lima,Lima y Callao,4655.67,2845.37,152669.42,518,Regular,Campaña Institucional,14,23/09/2023,1,Activo
785,DNI,20203042,Silvia, Apaza ,Torres,1974/12/11,50,F,Soltero,Secundaria,Empleado Público,Salud,Pisco,Ica,Sur,1295.88,887.83,34619.28,584,Regular,Digital,51,2020/10/01,20,Inactivo
786,DNI,64630059,Miguel,Morales,Herrera,1979/10/05,45,M,Soltero,Universitario,Empleado Privado,Salud,Miraflores,Lima,Lima y Callao,2421.94,1522.41,35828.79,500,Regular,Digital,107,2016/03/08,3,Activo
787,DNI,17469029,Elena,Cusi,Cruz,2004-10-30,20,F,Divorciado,Universitario,Independiente,Servicios,Pisco,Ica,Sur,2586.92,1549.08,108370.18,398,Regular,Telemarketing,23,23/01/2020,20,Activo
788,DNI,8056856,Manuel,Cusi,Gutiérrez  ,1999/12/04,25,M,Conviviente,Postgrado,Independiente,Salud,Miraflores,Lima,Lima y Callao,850.0,429.59,13466.94,520,Regular,Campaña Institucional,52,2020-09-20,3,Inactivo
789,DNI,44076634,Ricardo,Rojas,Flores,27/11/1990,34,M,Casado,secundaria ,Independiente,Manufactura,El Tambo,Junín,Centro,6409.76,4085.18,171952.33,454,Premium,Digital,74,2018/11/09,19,Activo
790,DNI,24362585,Víctor,Medina,Rivera,19-05-2003,21,M,Soltero,Secundaria,Empleado Privado,Otro,Piura,Piura,Norte,1370.53,892.05,38426.51,522,Regular,Digital,31,13/06/2022,14,Activo
791,DNI,41996433,Ana,Cusi,Huanca,1984-03-12,40,F,Casado,Universitario,Pensionista,Construcción,Piura, PiUrA ,Norte,850.0,491.01,39503.81,490,Regular,Referido,38,2021/10/28,14,Inactivo
792,DNI,11587605,César,Gómez,Herrera,1976-02-06,48,M,Conviviente,Técnico,Empleado Privado,Salud,Arequipa,Arequipa,Sur,5206.38,2864.14,102542.09,582,Premium,Referido,9,2021-09-17,7,Activo
793,DNI,53536597,Adriana,Gutiérrez,Huanca,1987/07/25,37,F,Conviviente,Técnico,Independiente,Educación,Cajamarca,Cajamarca,Norte,886.82,450.9,39933.09,454,Regular,Telemarketing,69,2019-04-09,24,Activo
794,CE,959481526,Luis,Castro,Reyes,1979-08-22,45,M,Casado,Técnico,Empleado Privado,Transporte,San Juan de Lurigancho,Lima,Lima y Callao,,785.64,41108.58,438,Regular,Digital,138,2013-08-09,1,Activo
795,DNI,61404893,Lucía ,Torres,Morales,1979/01/06,46,F,Soltero,Universitario,Empleado Público,Educación,Chiclayo,Lambayeque,Norte,2132.14,1479.42,32214.21,515,Regular,Referido,151,2012/08/03,12,Activo
796,DNI,817852,Marco,Reyes,López,1992-05-22,32,M,Soltero,Secundaria,Independiente,Transporte,Yanahuara,Arequipa,Sur,1834.32,826.18,88151.25,420,Regular,Referido,27,2019-12-09,8,Activo
797,CE,744701732,Rocío,Gutiérrez,Vargas,1972-10-25,52,F,Conviviente,Postgrado,Empleado Privado,Otro,Cayma,Arequipa,Sur,5141.69,3295.86,217045.95,406,Regular,Agencia,111,22-10-2015,6,Activo
798,DNI,70140052,Silvia,Flores,Cruz,1994/05/26,30,F,Viudo,Postgrado,Empleado Público,Servicios,Iquitos,Loreto,Oriente,1054.23,445.16,32005.04,451,Regular,Agencia,83,23-02-2018,22,Inactivo
799,DNI,57316094,Alejandro,Martínez,Martínez,1984/12/29,40,M,Soltero,Universitario,Pensionista,Servicios,Cajamarca,Cajamarca,Norte,850.0,454.61,36962.89,430,Regular,Referido,33,2021/10/08,24,Activo
800,DNI,20929735,Rodrigo,Pérez,Huanca,1995/10/16,29,M,Soltero,Técnico,Empresario,Finanzas,Chiclayo,Lambayeque,Norte,5855.7,2597.04,107171.09,499,Regular,Agencia,40,21/03/2020,12,Inactivo
801,DNI,89920457,Sandra,Morales,Flores,1991/10/15,33,F,Casado,Universitario,Empleado Privado,Manufactura,Yanahuara,Arequipa,Sur,2899.46,1744.99,146026.78,445,Regular,Referido,180,2010-03-01,8,Activo
802,DNI,26971823,José,Pérez,Condori,15-07-1986,38,M,Casado,Secundaria,Estudiante,Salud,Santiago de Surco,Lima,Lima y Callao,1287.48,682.69,16434.91,553,Regular,Agencia,142,2013/04/19,2,Activo
803,DNI,64846735,Iván,Cruz,Choque,1998-01-25,26,M,Casado,Técnico,Independiente,Construcción,Cusco,cusco ,Sur,3663.19,2519.58,163805.12,510,Regular,Agencia,171,2010-11-20,16,Inactivo
804,DNI,92225606,Enrique,Flores,Flores,17-10-1996,28,M,Soltero,Universitario,Empresario,Transporte,Trujillo,La Libertad,Norte,8380.29,4547.77,343646.38,583,Regular,Agencia,65,26-08-2019,10,Activo
805,DNI,13075384,Claudia,Mamani,Morales,1996-12-04,28,F,Divorciado,Universitario,Empresario,Transporte,Chiclayo,Lambayeque,Norte,2956.82,1232.16,32175.93,543,Regular,Agencia,176,23/06/2010,13,Inactivo
806,DNI,56154705,Pablo,Gómez,Rojas,1979-02-08,45,M,Soltero,Universitario,Empleado Privado,Construcción,Yanahuara,Arequipa,Sur,3837.97,2421.97,163215.24,513,Regular,Telemarketing,147,2012/11/08,8,Activo
807,DNI,19693957,José,Gutiérrez,González,1978-12-04,46,M,Casado,Técnico,Independiente,Construcción,Piura,Piura,Norte,949.38,639.75,24489.72,548,Regular,Agencia,70,2019-04-02,14,Activo
808,DNI,12413936,María,Ortiz,Rivera,1968-06-06,56,F,Conviviente,Universitario,Estudiante,Salud,Chimbote,Ancash,Centro,850.0,504.33,9943.53,503,Regular,Digital,128,24-06-2014,21,Activo
809,DNI,22760759,Óscar,Apaza,Mamani,2001/09/18,23,M,Conviviente,Universitario,Empleado Privado,Salud,Yanahuara,Arequipa,Sur,3153.29,1628.47,171684.69,492,Regular,Digital,21,30-05-2021,8,Activo
810,DNI,89523120,Rodrigo,Reyes,Laime,1983/01/19,41,M,Soltero,Universitario,Independiente,Transporte,Chiclayo,Lambayeque,Norte,5084.39,2262.38,200000.23,473,Regular,Telemarketing,85,2017-12-29,13,Activo
811,DNI,87644867,Pablo,Gutiérrez,Chávez,1976/03/30,48,M,Casado,Universitario,Independiente,Finanzas,San Juan de Lurigancho,Lima,Lima y Callao,1194.13,759.29,27193.69,493,Regular,Digital,13,2020-05-17,1,Activo
812,DNI,55373096,Cecilia,Díaz,Medina,1985/07/17,39,F,Conviviente,Universitario,Empleado Público,Finanzas, víctor larco herrera,La Libertad,Norte,2256.62,1572.85,48202.4,482,Regular,Agencia,9,28/06/2021,11,Activo
813,DNI,2551282,Rodrigo,Laime,Jiménez,1984-11-01,40,mas,Casado,Universitario,Independiente,Educación,Santiago de Surco, Lima,Lima y Callao,4094.72,2054.12,101127.31,464,Regular,Agencia,178,2010-05-08,2,Bloqueado
814,DNI,34544344,Elena,Chávez,Apaza,2002/02/23,22,F,Divorciado,Universitario,Empresario,Agricultura,Chiclayo,Lambayeque,Norte,13904.05,9023.15,663215.33,576,Premium,Digital,73,20-12-2018,12,Activo
815,DNI,64088223,Fabiola,Morales,Morales,1998/01/11,26,F,Soltero,Técnico,Pensionista,Educación,Trujillo,La Libertad,Norte,1213.37,561.44,46196.16,433,Regular,Agencia,58,2020/03/09,10,Activo
816,DNI,9720217,Sandra,Laime  ,Cusi,18-02-1979,45,F,Divorciado,Técnico,Independiente,Agricultura,La Esperanza,La Libertad,Norte,2930.47,1603.45,154209.97,480,Regular,Telemarketing,26,2020-08-28,9,Activo
817,DNI,44964612,Rodrigo,Álvarez,Herrera,20/07/1992,32,M,Divorciado,Técnico,Empleado Público,Comercio,Lima,Lima,Lima y Callao,1479.55,839.49,77935.98,440,Regular,Referido,10,20-06-2020,5,Activo
818,DNI,63595708,Daniela,Sánchez,Ramírez,1992/11/11,32,F,Conviviente,Postgrado,Empleado Privado,Servicios,Chiclayo,Lambayeque,Norte,2545.59,1670.95,64486.31,433,Regular,Telemarketing,92,26-05-2017,13,Activo
819,DNI,50342362,Gabriela,Herrera,Choque,14-08-1974,50,F,Conviviente,Universitario,Empleado Privado,Comercio,Miraflores,Lima,Lima y Callao,6354.71,3829.63,181875.21,475,Premium,Telemarketing,58,27/02/2020,3,Activo
820,DNI,68008529,Roberto,Ortiz,Álvarez,27-09-1980,44,M,Conviviente,Técnico,Independiente,Finanzas,Sullana,Piura,Norte,3358.69,1296.42,67387.13,518,Regular,Campaña Institucional,149,22-09-2012,15,Activo
821,DNI,23850228,Carmen,Huanca,Romero,18-08-1982,42,F,Casado,,Empleado Privado,Educación,Trujillo,La Libertad,Norte,4129.16,1917.25,246364.03,517,Regular,Agencia,54,29/06/2020,10,Activo
822,DNI,69133030, RoBeRtO ,Díaz,Díaz ,1997/10/31,27,M,Soltero,Técnico,Empleado Público,Salud,San Juan de Lurigancho,Lima,Lima y Callao,2647.9,1136.11,130400.62,534,Regular,Digital,35,28-07-2021,1,Activo
823,DNI,53024530,José,Quispe,Herrera,1993/01/03,32,M,Soltero,Postgrado,Empleado Público,Manufactura,Pisco,Ica,Sur,1980.06,1022.89,95730.15,529,Regular,Referido,157,2012/01/28,20,Activo
824,DNI,71901722,Diego,Rivera,Morales,1985-12-27,39,M,Casado,Secundaria,Empleado Privado,Comercio,Lima,Lima,Lima y Callao,4759.93,2900.49,273408.43,618,Regular,Telemarketing,12,2020/08/10,5,Activo
825,DNI,75461992,Silvia,Álvarez,Ortiz,1992/02/05,32,F,Conviviente,Secundaria,Empresario,Transporte,Los Olivos,Lima,Lima y Callao,2314.8,1222.27,111947.83,509,Regular,Digital,122,2014-12-04,4,Activo
826,DNI,95668448,Alejandra,Flores,Mamani,1974-02-25,50,f,Divorciado,Secundaria,Empleado Privado,Manufactura,Cayma,Arequipa,Sur,2691.61,1458.46,151857.86,580,Regular,Digital,40,2020-10-01,6,Activo
827,DNI,58690170,Luis,Gómez,  Sánchez,1999-11-02,25,M,Conviviente,Técnico,Empleado Privado,Comercio,Sullana,Piura,Norte,3508.97,2433.07,49826.47,431,Regular,Referido,132,2014-02-26,15,Inactivo
828,DNI,27643387,Daniela,Sánchez,Ortiz,1962-01-26,62,F,Soltero,Secundaria,Empleado Público,Agricultura,Los Olivos,Lima,Lima y Callao,5391.47,3080.78,249255.04,498,Regular,Agencia,127,2014-07-24,4,Activo
829,DNI,33444704,Héctor,Vargas,Ortiz,1989/03/13,35,mas,Casado,Universitario,Empresario,Tecnología,Cajamarca,Cajamarca,Norte,9097.48,4570.57,526033.84,489,Regular,Digital,1,2023/05/12,24,Inactivo
830,DNI,53774926,César,Rodríguez,Rivera,1984/01/06,41,M,Casado,Universitario,,Construcción,Chiclayo,Lambayeque,Norte,,3331.64,159701.73,407,Regular,Telemarketing,19,15-11-2021,12,Activo
831,DNI,61658129,Ricardo,Gutiérrez,Gómez,25-05-1983,41,M,Soltero,Universitario,Pensionista,Finanzas,Cayma,Arequipa,Sur,850.0,451.97,41929.74,456,Regular,Referido,92,24-05-2017,6,Activo
832,DNI,63726294,Rosa,González,Vargas,19-06-1965,59,F,Casado,Postgrado,Empleado Privado,Comercio,Iquitos,Loreto,Oriente,,735.07,42065.43,556,Regular,Digital,180,2010-03-02,22,Activo
833,DNI,498321,Elena,Condori,Rodríguez,14-02-1986,38,F,Viudo,Secundaria,Independiente,Construcción,Cajamarca,Cajamarca,Norte,1859.17,908.55,33680.08,524,Regular,Agencia,28,2020/02/26,24,Activo
834,DNI,64019185,Daniela,Chávez,Condori,1978-02-07,46,F,Soltero,Universitario,Empresario,Educación,Piura,Piura,Norte,8322.42,3462.53,227780.08,578,Premium,Agencia,140,19/06/2013,14,Activo
835,DNI,35856646,Héctor,García,Martínez,26/06/1986,38,M,Divorciado,Universitario,Empleado Privado,Servicios,Cusco,Cusco,Sur,2033.67,1376.76,113091.26,421,Regular,Digital,114,2015-08-01,16,Activo
836,DNI,10429483,Héctor,Gómez,Torres,1992/03/02,32,M,Divorciado,Secundaria,Empleado Privado,Salud,Arequipa,Arequipa,Sur,11501.75,-7794.18,575668.25,559,Premium,Telemarketing,47,2021/02/20,7,Inactivo
837,DNI,94981283,Diana,Torres,Pérez,1999/05/11,25,F,Soltero,Universitario,Empresario,Comercio,Piura,Piura,Norte,2260.05,1181.74,115081.48,508,Regular,,151,2012-07-18,14,Activo
838,DNI,31050524,Manuel,Rivera,García,1976/12/12,48,M,Soltero,Universitario,Empleado Privado,Manufactura,Huancayo,Junín,Centro,3918.18,2662.79,183746.1,485,Regular,Digital,87,2017/11/02,18,Activo
839,DNI,62763328,Enrique,Rivera,Álvarez,1984/03/01,40,M,Conviviente,Técnico,Empleado Privado,Tecnología,Santiago de Surco,Lima,Lima y Callao,3304.9,2079.02,158304.48,491,Regular,Digital,16,2020/07/07,2,Activo
840,CE,626713684,Sandra,Reyes,Mamani,2004-06-11,20,Femenino,Conviviente,Secundaria,Empresario,Servicios,Los Olivos,Lima,Lima y Callao,4164.23,1693.41,106119.44,431,Regular,Agencia,162,25/08/2011,4,Activo
841,DNI,18750677, Sandra ,Cruz,Flores,22/11/1980,44,F,Casado,Universitario,Independiente,Educación,Cayma,AreQuiPa,Sur,19133.72,12469.97,880470.09,544,VIP,Referido,119,2015-03-01,6,Activo
842,DNI,76178159,Lucía,García,Cusi,1986-04-18,38,F,Casado,Universitario,Empleado Privado,Otro,Miraflores,Lima,Lima y Callao,4379.18,2580.83,95697.58,512,Regular,Agencia,160,2011-11-06,3,Activo
843,DNI,95912573,Diego,Gómez,Rodríguez,27-10-1977,47,M,Soltero,Universitario,Independiente,Finanzas,Chiclayo,Lambayeque,Norte,3701.39,1852.91,163558.58,611,regular ,Telemarketing,137,18/09/2013,13,Activo
844,DNI,74729669,Víctor,  Gutiérrez,Castro,1996-02-21,28,M,Conviviente,Técnico,Independiente,Salud,Lima,Lima,Lima y Callao,2904.2,1813.61,134711.47,416,Regular,Digital,149,2012-09-08,5,Activo
845,DNI,64183984,Carlos,Choque,Quispe,1976/08/08,48,M,Soltero,Técnico,Independiente,Agricultura,Iquitos ,Loreto,Oriente,1281.59,691.25,47515.97,471,Regular,Telemarketing,159,2011/11/13,22,Activo
846,DNI,9286052,Sandra,Rojas,Cusi,1986-04-12,38,F,Soltero,Universitario,Empleado Privado,Comercio,Huancayo,Junín,Centro,4499.07,2257.91,217633.95,536,Regular,Agencia,8,2020/06/16,18,Activo
847,DNI,58130889,Pablo,Rojas,Chávez,1997-03-30,27,M,Casado,Universitario,Independiente,Comercio,Cayma,Arequipa,Sur,2148.05,858.33,110996.4,425,Regular,Agencia,70,2019-03-16,6,Activo
848,DNI,27500030,Rocío,Morales,Mamani,26/08/1998,26,F,Casado,Universitario,Empresario,Otro,Chiclayo,Lambayeque,Norte,4425.18,2734.43,59789.88,470,Regular,Digital,107,2016/02/20,12,Activo
849,DNI,84679087,Elena,Jiménez,Reyes,1954/01/10,71,F,Conviviente,Postgrado,Empresario,Otro,La Esperanza,La Libertad,Norte,9071.26,6205.66,255310.01,472,Premium,Agencia,145,2013/01/27,9,Activo
850,DNI,44429906,Rodrigo,Martínez, RoDrÍgUeZ ,1989-11-13,35,M,Casado,Universitario,Independiente,Educación,Tarapoto,San Martín,Oriente,4514.13,2010.12,123519.17,596,Regular,Digital,32,2020-08-01,23,Inactivo
851,DNI,72562221,Daniela,Rivera,Ramos,2002/12/18,22,F,casado ,Técnico,Empleado Público,Manufactura,Víctor Larco Herrera,La Libertad,Norte,,537.17,12371.23,577,Regular,Telemarketing,89,2017-08-21,11,Activo
852,DNI,96521383,Carlos,Ortiz,Huanca,1978/08/08,46,M,Soltero,Técnico,Empleado Público,Servicios,Iquitos,Loreto,Oriente,1536.13,774.85,55518.14,541,Regular,Campaña Institucional,84,26-01-2018,22,Activo
853,DNI,21173277,Sandra,Sánchez,Rivera,2004/01/12,20,F ,Soltero,Universitario,Empresario,Tecnología,Cajamarca,CaJaMaRcA,Norte,4789.55,3198.61,52352.38,497,Regular,Digital,64,17/09/2019,24,Activo
854,DNI,51618575,Rocío,Vargas,Vargas,1971/04/06,53,F,Casado,Técnico,Empleado Privado,Comercio,Cayma,Arequipa,Sur,1858.61,813.89,79486.91,507,Regular,Agencia,175,22/07/2010,6,Activo
855,DNI,35247841,Ana,Herrera,Ramos,1994/03/08,30,F,Viudo,Universitario,Empleado Privado,Servicios,Cusco,Cusco,Sur,2942.07,1539.98,70542.98,421,Regular,Agencia,59,2020-02-02,16,Activo
856,DNI,3318361,Fabiola,Quispe,Díaz,30-08-1987,37,F,Conviviente,Secundaria,Empleado Privado,Manufactura,Víctor Larco Herrera,La Libertad,Norte,1665.64,1113.34,30922.73,514,Regular,Agencia,60,2020/01/12,11,Activo
857,DNI,78730486,  Lucía,Castro,Martínez,26-04-1972,52,fem,Soltero,Universitario,Empleado Público,Transporte,Huancayo,Junín,Centro,2066.61,1139.08,35347.91,524,Regular,Agencia,18,2020-11-06,18,Activo
858,DNI,56734467,Andrés, Reyes ,Vargas,13-09-2000,24,M,Soltero,técnico,Empleado Público,Educación,Los Olivos,Lima,Lima y Callao,1616.49,1031.08,55957.4,476,Regular,Telemarketing,132,2014/02/09,4,Activo
859,DNI,45099990,Luis,  Ramos,Cruz,1951/10/04,73,M,Casado,Secundaria,Empresario,Tecnología,  La Esperanza,La Libertad,Norte,3634.61,1539.97,143346.34,617,Regular,Digital,97,23-12-2016,9,Activo
860,DNI,44246488,Carlos,Cusi,Cruz,1971/01/29,53,M,Soltero,Universitario,Independiente,Otro,Huancayo,Junín,Centro,3074.74,1329.49,137201.45,602,regular ,Digital,153,25-05-2012,18,Activo
861,DNI,90221797,Roberto,Choque,Herrera,1978-05-06,46,M,Divorciado,,Empleado Privado,Otro,Wanchaq,Cusco,Sur,3565.01,2164.65,93130.66,493,Regular,Telemarketing,33,15/03/2020,17,Activo
862,DNI,44514367,Sofía,Apaza,Cusi,1968/10/10,56,F,Divorciado,SECUNDARIA,Independiente,Educación,San Juan de Lurigancho,Lima,Lima y Callao,5557.04,3725.09,175026.57,480,Premium,Campaña Institucional,85,14-12-2017,1,Activo
863,DNI,78145900,Fernando,  RodRígUez,Reyes,1998-04-12,26,Masculino,Divorciado,Universitario,Empleado Público,Finanzas,Los Olivos,Lima,Lima y Callao,1709.72,1061.11,89151.48,438,Regular,Digital,21,2020/12/07,4,Activo
864,DNI,15880705,César,Laime,López,1983-07-06,41,M,Soltero,Universitario,Empleado Privado,Comercio,Arequipa,Arequipa,Sur,5248.0,2935.14,158026.32,466,Regular,Referido,57,2020/03/31,7,Activo
865,DNI,55136090,Fabiola,Pérez,García,1983/09/06,41,F,Casado,Técnico,Pensionista,Tecnología,Cusco,Cusco,Sur,1064.32,585.85,55714.2,530,Regular,Referido,79,2018/07/02,16,Inactivo
866,CE,873662713,Ana,Chávez,Vargas,2004-12-05,20,F,Casado,Universitario,Empresario,Finanzas,Arequipa,Arequipa,Sur,3321.42,1580.29,149998.48,488,Regular,Digital,103,2016/07/14,7,Activo
867,DNI,47315663,Víctor,López, garcía,1964-02-29,62,M,Casado,UNIVERSITARIO,Empleado Privado,Transporte,Piura,Piura,Norte,2463.51,1189.78,131646.0,405,Regular,Agencia,24,2021/06/28,14,Inactivo
868,DNI,2896660,Marco,Morales,Rojas,1975/01/31,49,M,Casado,Técnico,Independiente,Construcción,Yanahuara,Arequipa,Sur,1574.05,930.59,81209.33,431,Regular,,121,2015/01/08,8,Activo
869,DNI,84640510,Luis,Álvarez,González,1990-12-23,34,M,Soltero,Universitario,Empresario,Comercio,Víctor Larco Herrera,La Libertad,Norte,4823.49,2795.23,213302.1,467,Regular,Agencia,163,15/07/2011,11,Bloqueado
870,DNI,47189395,Jorge,Huanca,Álvarez,21-09-2004,20,M,Divorciado,Postgrado,Empleado Público,Finanzas,Los Olivos,Lima,Lima y Callao,2517.43,1708.73,86785.19,545,Regular,Digital,68,2019/05/12,4,Activo
871,DNI,45513587,Pablo,Ortiz,García,28/03/1975,49,M,Soltero,Técnico,Empleado Privado,Salud,La Esperanza,La Libertad,Norte,1698.19,920.1,81009.83,485,regular ,Agencia,158,24-12-2011,9,Activo
872,DNI,39881873,Cecilia,Choque,Choque,1983/11/11,41,F,Casado,Técnico,Independiente,Transporte,  La Esperanza,La Libertad,Norte,3519.38,2190.53,181724.85,525,Regular,Campaña Institucional,9,17/11/2021,9,Activo
873,DNI,15386028,Pablo,Chávez,Mamani,1991/05/24,33,M,Soltero,Secundaria,Empleado Privado,Agricultura,San Juan de Lurigancho,Lima,Lima y Callao,2765.2,1272.94,55559.8,500,Regular,Referido,155,2012-04-08,1,Inactivo
874,DNI,41007941,Carmen,Rivera,Cruz,1965-12-03,59,F,Casado,Secundaria,Independiente,Transporte,Sullana,Piura,Norte,4310.41,2636.81,114299.89,560,Regular,Campaña Institucional,35,15/02/2022,15,Activo
875,DNI,87264963,CARMEN,López,Mamani,1981-03-02,43,F,Soltero,Técnico,Empleado Privado,Salud,La Esperanza,La libertad,Norte,5809.59,3982.59,325494.13,518,Premium ,Telemarketing,140,18/06/2013,9,Activo
876,DNI,86163070,Carlos,Ortiz,Reyes,1993-10-12,31,M,Soltero,Técnico,Empleado Público,Otro,Santiago de Surco,Lima,Lima y Callao,3390.81,1405.57,173198.29,531,Regular,Agencia,10,28/06/2020,2,Inactivo
877,DNI,89005779,Juan,Martínez,Castillo,1988/09/10,36,M,Soltero,Secundaria,Empleado Público,Salud,Miraflores,Lima,Lima y Callao,1662.65,1058.82,75675.46,513,Regular,Agencia,147,2012-11-23,3,Activo
878,DNI,11386908,María,Rodríguez,Quispe,24/09/1977,47,F,Casado,Secundaria,Independiente,Educación,SanTiaGo De SurCo,Lima,Lima y Callao,,1135.5,130983.91,513,Regular,Digital,168,2011/03/01,2,Activo
879,DNI,44360234, EduArdO,Vargas,Gutiérrez,1962/06/22,62,M,Soltero,Universitario,Independiente,Construcción,Miraflores,Lima,Lima y Callao,5685.34,3977.54,78286.48,531,Premium,Agencia,122,2014/11/28,3,Activo
880,DNI,44772690,María,Flores,Castillo,1971-10-14,53,F,Soltero,Secundaria,Empleado Privado,Otro,Lima,Lima,Lima y Callao,1841.38,1046.03,87055.1,525,Regular,Digital,171,22-11-2010,5,Activo
881,DNI,55985160,Jorge,Mamani,Álvarez,1961/12/07,63,M,Soltero,Secundaria,Independiente,Otro,Huancayo,Junín,Centro,2320.39,1329.25,54774.23,468,Regular,Agencia,7,2022/12/01,18,Inactivo
882,DNI,64786862,Carmen,Rivera,Castro,1990/04/08,34,F,Soltero,Técnico,Empresario,Comercio,Cajamarca,Cajamarca,Norte,2802.28,1955.65,124875.68,453,Regular,Telemarketing,156,13/02/2012,24,Activo
883,DNI,74992164,césar,Ortiz,Rodríguez,1987/04/24,37,M,Soltero,Técnico,Independiente,Tecnología,Miraflores,Lima,Lima y Callao,850.0,442.22,35854.83,478,Regular,Telemarketing,145,30-01-2013,3,Activo
884,DNI,8213986,Sandra,Rojas,Ramírez,1972/10/04,52,F,Soltero,Técnico,Independiente,Construcción,La Esperanza,La Libertad,Norte,1328.87,921.55,29882.74,584,Regular,Referido,131,2014-03-16,9,Activo
885,DNI,30000886,Roberto,Díaz,Huanca,27-01-1976,48,M,Soltero,Técnico,Pensionista,Educación,Víctor Larco Herrera,La Libertad,Norte,1654.36,707.21,14486.12,459,Regular,Digital,1,2020-02-04,11,Activo
886,DNI,9169232,María,Apaza,Apaza,27/03/1972,52,F,Casado,Técnico,Independiente,Salud,La Esperanza,La libertad,Norte,1168.13,656.26,14810.75,549,Regular,Referido,31,2019-12-24,9,Activo
887,DNI,86746300,Fabiola,Quispe,MARTÍNEZ,1980/06/27,44,F,soltero,Universitario,Empleado Privado,Finanzas,Huancayo,Junín,Centro,3812.92,2419.11,97288.93,428,Regular,Digital,22,26/02/2020,18,Activo
888,DNI,54582942,Miguel,Sánchez,Morales,1993/05/25,31,M,Conviviente,Secundaria,Empleado Privado,Agricultura,Víctor Larco Herrera,La Libertad,Norte,3519.56,1445.69,189647.21,421,Regular,Referido,24,21-12-2022,11,Activo
889,DNI,94667201,Fernando,Vargas,Morales,1977-08-23,47,M,Soltero,Secundaria,Empleado Público,Otro,El Tambo,Junín,Centro,1267.51,493.81,31340.31,559,Regular,Referido,156,2012/02/19,19,Activo
890,DNI,62085817,Rocío,Pérez,Condori,1997-10-22,27,F,Soltero,Técnico,,Construcción,Pisco,Ica,Sur,1158.38,682.1,40188.4,497,Regular,Digital,74,2018/12/03,20,Activo
891,DNI,91828518,Fernando,Álvarez,Ramos,1991/10/20,33,M,Soltero,Técnico,Pensionista,Servicios,  SAN JUAN DE LURIGANCHO,Lima,Lima y Callao,1232.35,555.95,73668.38,486,Regular,Digital,3,2022-09-05,1,Activo
892,DNI,30466001,Daniela,Laime,Rodríguez,1989-08-16,35,F,Soltero,Técnico,Independiente,Construcción,Santiago de Surco,Lima,Lima y Callao,1090.09,725.48,15206.71,366,regular,Digital,16,2023-03-01,2,Activo
893,DNI,48507665,Silvia,Gómez,Díaz,1978/11/08,46,F,Soltero,Universitario,Independiente,Agricultura,Miraflores,Lima,Lima y Callao,850.0,592.34,34519.88,495,Regular,Agencia,90,2017/08/08,3,Activo
894,DNI,53057347,Sofía,Gómez,Flores,30-05-1986,38,F,Conviviente,Técnico,Empleado Público,Transporte,Chiclayo,Lambayeque,Norte,2684.83,1208.18,109993.94,485,Regular,Digital,7,2021/07/22,13,Activo
895,CE,670866656,José,Cusi,Rivera,19/10/1986,38,M,Conviviente,Universitario,Pensionista,Agricultura,Lima,Lima,Lima y Callao,1361.67,847.23,63959.78,498,Regular,Campaña Institucional,118,2015/04/02,5,Inactivo
896,DNI,29035006,Alejandra,Álvarez,Cusi,1979/05/31,45,F,Conviviente,Secundaria,Empleado Público,Tecnología,Trujillo,La Libertad,Norte,2603.65,1692.84,127801.62,428,Regular,Agencia,122,2014-12-10,10,Activo
897,DNI,12156495,Patricia,Ramírez,Morales,1973-08-06,51,F,Soltero,Técnico,Empresario,Construcción,Piura,Piura,Norte,8847.83,5660.33,212305.23,478,Premium,Agencia,97,26/12/2016,14,Activo
898,DNI,73063435,Sofía,Pérez,Torres,1985/11/20,39,F,Casado,Universitario,Independiente,Tecnología,Huancayo,Junín,Centro,2217.16,1277.06,106986.23,475,Regular,Telemarketing,141,31-05-2013,18,Activo
899,DNI,10212543,LUIS,Apaza,Apaza,24-08-1978,46,M,Casado,Técnico,Independiente,Construcción, La eSpErAnZa,La Libertad,Norte,6543.96,3365.74,60246.01,561,Regular,Agencia,5,2021-09-13,9,Activo
900,DNI,320319,Ana,Ramos,Apaza,1998/06/04,26,F,Casado,Universitario,Empleado Privado,Finanzas,Los Olivos,Lima,Lima y Callao,3416.29,2332.33,115562.52,538,Regular,Digital,165,2011/05/17,4,Inactivo
901,DNI,78601625,Eduardo,Martínez,García,27-09-1978,46,M,Casado,Universitario,Empleado Privado,Comercio,Tarapoto,San Martín,Oriente,5063.59,3442.09,254653.77,609,Premium,Referido,128,2014/06/04,23,Activo
902,DNI,21072887, SofÍa ,Quispe,Apaza,1970/07/30,54,F,Casado,Secundaria,Empresario,Construcción,Sullana,Piura,Norte,7266.9,4903.74,295702.43,593,Premium,Referido,88,2017-10-02,15,Activo
903,Pasaporte,223996477,Ricardo,Quispe,Torres,13-06-1981,43,M,Divorciado,,Empleado Privado,Salud,Los Olivos,Lima,Lima y Callao,2904.41,1129.23,127484.69,470,Regular,Agencia,158,2011-12-25,4,Activo
904,DNI,78002443,José,Choque,Sánchez,1965-01-12,60,M,Divorciado,Secundaria,,Educación,Cajamarca,Cajamarca,Norte,2149.75,1014.2,18866.35,598,Regular,Campaña Institucional,141,22/05/2013,24,Activo
905,DNI,6751691,Mónica,Martínez,Medina,1977-03-10,47,F,Soltero,,Independiente,Transporte,Sullana,Piura,Norte,908.83,456.57,23925.31,512,Regular,Referido,67,2019-06-19,15,Inactivo
906,DNI,35084243,Carmen,Vargas,López,2004-11-07,20,F,Casado,Universitario,,Finanzas,San Juan de Lurigancho,Lima,Lima y Callao,6956.78,4635.22,353539.9,532,Regular,Digital,123,2014-10-26,1,Activo
907,DNI,10530215,Iván,Chávez,Condori,1990/12/07,34,M,Conviviente,Técnico,,Transporte,Cajamarca,Cajamarca,Norte,2846.2,1090.86,157877.25,584,Regular,Referido,109,30-12-2015,24,Activo
908,DNI,10501476,Diana,Chávez,Rojas,1989/09/06,35,F,Soltero,Postgrado,Empleado Privado,Salud,Víctor Larco Herrera,La Libertad,Norte,1588.5,1044.72,63464.0,557,regular ,Digital,60,2020/01/18,11,Activo
909,DNI,77512395,Rosa,Vargas,Mamani,1959-09-13,65,F,Divorciado ,Técnico,Independiente,Servicios,Los Olivos,Lima,Lima y Callao,2745.44,1325.24,131165.47,571,Regular,Agencia,36,2021-12-30,4,Activo
910,DNI,54677205,Rodrigo,Martínez,Quispe,1966-10-25,58,m,Soltero,Secundaria,Empleado Privado,Salud,Trujillo,La Libertad,Norte,2203.18,1107.48,35212.17,484,Regular,Agencia,112,26-09-2015,10,Activo
911,DNI,17543802,David,Medina, ortiz,1968/02/16,56,M,Conviviente,Técnico,Empleado Público,Servicios,Cusco,Cusco,Sur,4579.29,3198.04,215854.91,564,Regular,Telemarketing,171,22/11/2010,16,Activo
912,Pasaporte,728840766,César,Gómez,Medina,1993-12-14,31,M,Soltero,Secundaria,Empleado Privado,Otro,Iquitos,Loreto,Oriente,7051.58,3069.43,151588.72,451,Regular,,136,2013/10/18,22,Activo
913,DNI,23868790,Luis,Reyes,Castillo,1987/09/26,37,M,Casado,Universitario,Independiente,Comercio,Piura,Piura,Norte,2851.24,1965.66,82247.18,566,regular,Referido,178,2010/05/15,14,Activo
914,DNI,89273961,Mónica,Cruz,Gómez,15-12-1972,52,F,Conviviente,Técnico,Independiente,Salud,La Esperanza, La Libertad ,Norte,3354.03,2111.88,162421.86,530,Regular,Digital,2,2020-02-12,9,Activo
915,DNI,42619038,Fernando,Vargas,Álvarez,26/05/1982,42,M,Soltero,Universitario,Empleado Privado,Salud,Sullana,Piura,Norte,3765.21,2001.51,146691.43,351,Regular,Agencia,128,2014/06/05,15,Activo
916,DNI,75769171,Alejandra,Reyes,Gómez,1986/12/11,38,F,Casado,Secundaria,Independiente,Agricultura,Cusco,Cusco,Sur,2677.51,1167.77,111010.04,419,Regular,Agencia,27,2021/09/05,16,Inactivo
917,DNI,92202698,Marco,Gutiérrez,Choque,20-06-1978,46,M,Soltero,Postgrado,Independiente,Agricultura,Los Olivos,Lima,Lima y Callao,2082.26,946.3,57240.16,589,Regular,Agencia,109,2015/12/31,4,Activo
918,Pasaporte,637050049,Luis,López,Castro,1964-04-11,60,M,Soltero,Secundaria,Empleado Privado,Salud,San Juan de Lurigancho,Lima,Lima y Callao,2564.24,1033.04,82457.66,506,Regular,Agencia,56,2020-05-01,1,Inactivo
919,DNI,90654025,Ricardo,Torres,Romero,1983/10/22,41,M,Casado,Universitario,Independiente,Tecnología,Yanahuara,Arequipa,Sur,1687.03,1063.51,51501.69,495,Regular,Agencia,143,2013/04/03,8,Activo
920,DNI,16350496,Víctor,Cruz,Ramírez,1992/05/17,32,M,Soltero,Universitario,Independiente,Educación,Huancayo,Junín,Centro,976.79,681.04,32868.33,504,Regular,Digital,23,2021/11/28,18,Activo
921,DNI,50708864,Alejandra,Rivera,Choque,18/02/1975,49,F,Viudo,Técnico,Empleado Privado,Salud,La Esperanza,La Libertad,Norte,2006.21,1389.73,77403.25,546,Regular,Campaña Institucional,160,2011-10-18,9,Activo
922,DNI,15439044,María,Rivera,Martínez,1990/04/05,34,F,CASADO,Postgrado,Empleado Privado,Finanzas,Cayma,Arequipa,Sur,3036.77,1848.66,40603.75,522,Regular,Agencia,153,2012-06-06,6,Inactivo
923,DNI,55019354,Fernando,Morales,Reyes,15-10-1983,41,M,Casado,Universitario,Empleado Privado,Comercio,Santiago de Surco,Lima,Lima y Callao,3548.41,1538.9,94356.08,460,Regular,Agencia,40,22/03/2020,2,Activo
924,DNI,36296208,Iván,Choque,Chávez  ,20/01/1985,39,M,Soltero,Universitario,Independiente,Tecnología,Yanahuara,Arequipa,Sur,1973.17,1143.67,93257.45,441,Regular,Campaña Institucional,50,29/02/2020,8,Activo
925,CE,999201237,Eduardo,Gutiérrez,Pérez,1985/10/20,39,M,Casado,Secundaria,Empresario,Salud, Pisco ,Ica,Sur,2213.49,881.88,107495.79,475,Regular,Agencia,101,2016-09-04,20,Activo
926,DNI,19226713,CarLos,Medina,Gómez,1986/03/12,38,M,Soltero,Técnico,Independiente,Educación,Arequipa,Arequipa,Sur,1890.11,880.46,24252.29,467,Regular,Agencia,115,2015/07/12,7,Activo
927,DNI,61730099,Paola,Vargas,Flores,1983-02-04,41,f,Soltero,Universitario,Empresario,Tecnología,Lima,Lima,Lima y Callao,7589.71,4413.1,218047.62,564,Regular,Telemarketing,180,2010/03/20,5,Activo
928,DNI,43219143,Juan,Díaz,Rivera,13-01-1990,34,M,Casado,Secundaria,Empleado Privado,Salud,Víctor Larco Herrera,La Libertad  ,Norte,1466.11,723.12,29284.27,416,Regular,,91,2017/07/11,11,Activo
929,DNI,45819204,Gabriela,Quispe,Ramírez,1988-07-02,36,F,Divorciado,Técnico,Independiente,Comercio,Miraflores, LIMA,Lima y Callao,1739.97,801.12,25798.88,435,Regular,Digital,129,2014/05/11,3,Activo
930,DNI,2578464,Sandra,Reyes,Morales,1998-10-12,26,F,Soltero,Universitario,Independiente,Otro,Los Olivos,Lima,Lima y Callao,1489.2,1035.85,45211.99,471,Regular,Digital,92,2017/05/15,4,Activo
931,DNI,8467292,Isabel,Díaz,Cusi,18-10-1975,49,F,Casado,Postgrado,Estudiante,Otro, Cusco ,Cusco,Sur,850.0,410.21,26126.15,472,Regular,Telemarketing,35,2020-04-08,16,Activo
932,DNI,62472863,Óscar,Rojas,Rivera,30/03/1994,30,M,Casado,Técnico,Empleado Privado,Construcción,Los Olivos,Lima,Lima y Callao,2549.01,1118.36,66832.19,423,Regular,Digital,137,2013-09-25,4,Activo
933,DNI,62702660,Lucía,Morales,Gutiérrez,1983/11/29,43,F,Soltero,Universitario,Empleado Privado,Transporte,San Juan de Lurigancho,Lima,Lima y Callao,1219.27,687.04,47416.34,474,Regular,Referido,156,2012/02/16,1,Activo
934,DNI,19335389,Cecilia,Díaz,Gómez,1979-12-09,45,F,Soltero,Secundaria,Empleado Público,Salud, Tarapoto ,San Martín,Oriente,2322.72,1094.5,23333.07,660,Regular,Agencia,60,2020/01/08,23,Inactivo
935,DNI,16076264,Carlos,Martínez,Álvarez,1979-01-02,46,M,Soltero,universitario,Pensionista,Transporte,Santiago de Surco, LiMa,Lima y Callao,850.0,362.05,28274.73,485,Regular,Agencia,83,2018-02-24,2,Activo
936,DNI,36109441,Roberto,Díaz,Gutiérrez,2004-06-03,20,MASCULINO,Conviviente,Técnico,Empleado Privado,Manufactura, Yanahuara,Arequipa,Sur,2279.85,1469.07,96368.82,408,Regular,Referido,173,2010/10/13,8,Activo
937,CE,63494290, Marco ,Torres,Díaz,1972-05-23,52,M,Viudo,Universitario,Empleado Privado,Servicios,Wanchaq,Cusco,Sur,2327.95,1234.65,126937.3,496,Regular,Digital,93,2017/04/27,17,Inactivo
938,DNI,24837444,Iván,Romero,Rodríguez,1990/11/26,34,Masculino,Soltero,Técnico,Empresario,Manufactura,Trujillo,La Libertad,Norte,15294.96,8231.94,611886.82,503,VIP,Agencia,179,2010-04-14,10,Activo
939,DNI,85362689,Fernando,Condori,MedIna  ,29-03-1961,63,M,Soltero,Universitario,Empleado Privado,Construcción,Cayma,Arequipa,Sur,4960.19,2790.04,296949.35,546,Regular,Agencia,92,2017-05-15,6,Activo
940,CE,216435990,Carmen,García,GarCía  ,14/03/1978,46,F,Viudo,Secundaria,Empleado Privado,Manufactura,Víctor Larco Herrera,La Libertad,Norte,3573.28,1930.55,91244.56,390,Regular,Digital,124,2014/10/02,11,Activo
941,DNI,43706618,Ana,Ramos,Huanca,1986-02-13,38,F,Divorciado,Universitario,Independiente,Transporte,Sullana,Piura,Norte,4086.02,2516.39,95070.25,482,Regular,Telemarketing,130,30/03/2014,15,Activo
942,DNI,18589900,César,Ramírez,Medina,1999-09-10,25,M,Soltero,Técnico,Empleado Público,Construcción,Miraflores,Lima,Lima y Callao,1800.21,1216.72,98775.92,574,Regular,Digital,95,20-02-2017,3,Activo
943,DNI,60503374,Sofía,  Castillo,Martínez,1968-01-23,56,F,Conviviente,Universitario,Empleado Público,Manufactura,San Juan de Lurigancho,Lima,Lima y Callao,2276.72,1478.05,84760.4,580,Regular,Agencia,75,2018-10-27,1,Activo
944,DNI,66794190,Adriana,Reyes,Rodríguez,1987/06/17,37,F,Divorciado,Técnico,Empleado Público,Otro,Huancayo,Junín,Centro,1026.93,650.32,56530.14,446,Regular,Digital,35,2019/12/08,18,Activo
945,DNI,98760550,Andrés,Martínez,Medina,1964-05-19,60,M,Conviviente,Universitario,Independiente,Finanzas,Iquitos,Loreto,Oriente,2187.53,1232.12,40745.41,500,Regular,Agencia,44,2020/12/16,22,Activo
946,DNI,32016290, Ana ,Ortiz,Choque,1986-06-08,38,F,Casado ,Postgrado,Independiente,Finanzas,Cajamarca,Cajamarca,Norte,8575.05,5357.26,311646.32,583,Regular,Digital,114,2015/08/21,24,Activo
947,CE,337170864,Víctor,Pérez,Laime ,1956-04-18,68,M,Casado,Secundaria,Pensionista,Finanzas,Piura,Piura,Norte,1176.93,631.98,43801.0,528,Regular,Agencia,180,2010/03/10,14,Activo
948,DNI,45996706,Fabiola,cusi,Morales,2001-11-23,23,F,Casado,Secundaria,Independiente,Transporte,Chimbote,Ancash,Centro,5613.49,2559.58,140311.52,401,Regular,Referido,154,16/04/2012,21,Activo
949,DNI,2178167,Eduardo,Apaza,Rivera,1980-08-25,44,M,Casado,Postgrado,Empleado Privado,Educación,La Esperanza,La Libertad,Norte,1670.49,1122.55,77861.46,456,Regular,Digital,169,19-01-2011,9,Inactivo
950,DNI,49281503,Ricardo,Torres,Castillo,1993-02-12,31,M,Conviviente,Universitario,Empleado Público,Servicios,Santiago de Surco,Lima,Lima y Callao,1516.75,995.57,71967.39,459,Regular,Digital,27,2022/10/01,2,Inactivo
951,DNI,17262829,Cecilia,Ramos,Martínez,1989-05-26,35,Femenino,Conviviente,Universitario,Empresario,Otro,Wanchaq,Cusco,Sur,8955.3,3986.43,310616.63,449,Regular,Telemarketing,164,15/06/2011,17,Activo
952,DNI,74116806,Alejandro,Vargas,Rodríguez,1992-02-08,34,M,Conviviente,Universitario,Empresario,Finanzas,Víctor Larco Herrera,La Libertad,Norte,12092.03,6365.8,421403.46,501,Premium,Telemarketing,145,2013/01/28,11,Activo
953,DNI,2634443,Diego,Rojas,Rojas,1991/11/03,33,M,Casado,Universitario,Empleado Privado,Otro,San Juan de Lurigancho,Lima,Lima y Callao,2365.18,923.82,35336.69,539,Regular,Referido,62,2019/11/09,1,Activo
954,DNI,53690912,Alejandro,Huanca,García,1980/12/01,44,M,Conviviente,Técnico,Empleado Privado,Manufactura,Iquitos,Loreto,Oriente,2217.02,1364.47,51772.35,517,Regular,Agencia,169,2011/02/09,22,Activo
955,DNI,24055364,César,  ROJAS,López,1996/09/02,28,M,Casado,Secundaria,Independiente,Tecnología,Lima,Lima,Lima y Callao,3358.74,1973.89,105265.21,491,Regular,Referido,76,2018/09/27,5,Activo
956,DNI,97738546,Gabriela,Rodríguez,Morales,1986/06/20,38,F,Casado,Postgrado,,Construcción,Wanchaq,Cusco,Sur,3362.92,1570.59,180297.63,454,Regular,Agencia,140,2013-06-28,17,Activo
957,DNI,4298622,César,Apaza,Álvarez,20/08/1976,48,M,Conviviente,UNIVERSITARIO,Independiente,Construcción,Cusco,Cusco,Sur,5763.07,2428.51,220361.33,468,Regular,Agencia,171,2010/11/17,16,Activo
958,DNI,99833587, César ,Laime,Álvarez,14/10/1977,47,M,Conviviente,Técnico,Empleado Privado,Tecnología,El Tambo,Junín,Centro,1041.23,510.54,41372.43,460,Regular,Digital,154,2012-04-17,19,Activo
959,DNI,31539839,Daniela,Castro,García,1983-08-10,41,fem,Soltero,Postgrado,Empleado Privado,Educación,Wanchaq,Cusco,Sur,1793.71,827.87,30454.8,433,Regular,Agencia,65,2019-08-02,17,Activo
960,DNI,30491341,Marco,López,Quispe,19/06/1991,33,M,Soltero,Universitario,Empleado Privado,Finanzas,miraflores,Lima,Lima y Callao,3071.64,1773.63,143886.78,465,Regular,Digital,79,2018/06/13,3,Activo
961,DNI,24059208,Rocío,Mamani,Ramírez,2004/12/20,20,F,Soltero,tecnico,Independiente,Manufactura,Iquitos,Loreto,Oriente,850.0,469.92,35283.69,418,Regular,Agencia,99,2016/11/04,22,Inactivo
962,Pasaporte,56820175,Cecilia,Sánchez,Ortiz,1977/04/01,47,F,Soltero,Postgrado,Empresario,Salud,El Tambo,Junín,Centro,1145.01,581.91,63661.91,485,Regular,Digital,140,2013/06/03,19,Activo
963,DNI,47412531,Cecilia,Laime,Castillo,1989-05-09,35,F,Casado,Técnico,Empleado Privado,Finanzas,Trujillo,La Libertad,Norte,5400.08,3373.07,300235.27,462,Regular,Agencia,2,2020-02-07,10,Activo
964,DNI,92025999,Diego,Huanca,Huanca,1978/10/04,46,M,Divorciado,Universitario,Independiente,Tecnología,Chiclayo,Lambayeque,Norte,,1070.11,157844.66,377,Regular,Digital,16,2020-08-24,12,Activo
965,DNI,78623510,Marco,Gómez,Chávez,1973/08/08,51,M ,Casado,Técnico,Empleado Privado,Transporte,San Juan de Lurigancho,Lima,Lima y Callao,3388.51,1774.01,124010.69,531,Regular,Agencia,70,2019/03/18,1,Activo
966,DNI,45634091,Diego,Martínez,Choque,1949-07-21,75,M,Casado,Técnico,Empleado Privado,Comercio,Cayma,Arequipa,Sur,1255.86,756.56,72805.6,607,Regular,Agencia,138,13/08/2013,6,Activo
967,DNI,16077004,Manuel,Sánchez,Vargas,24-05-1986,38,M,Soltero,Técnico,Empleado Privado,Comercio,Iquitos,Loreto,Oriente,3188.74,1944.69,128174.71,480,Regular,Referido,94,2017/04/05,22,Activo
968,DNI,39662038,Iván,Gutiérrez,Rodríguez,1988-09-04,36,M,Casado,Universitario,Independiente,Tecnología,Cayma,Arequipa,Sur,1493.81,944.55,54357.43,-5,Regular,Agencia,21,2023-01-09,6,Inactivo
969,DNI,64693335,Diana,Rodríguez,Romero,2001/04/08,23,F,Divorciado,Secundaria,Empleado Público,Comercio,Pisco,Ica,Sur,2438.91,1045.06,60309.83,456,Regular,Telemarketing,179,2010/04/09,20,Activo
970,DNI,98709201,Eduardo,Rodríguez,Condori,23-04-1996,28,M,Casado,Universitario,Empresario,Tecnología,Cusco,Cusco,Sur,3914.19,2441.94,202373.19,558,Regular,Telemarketing,11,17-12-2019,16,Activo
971,DNI,84858052,Sofía,Cruz,Pérez,1989-11-23,35,F,Viudo,Técnico,,Otro,Chiclayo,Lambayeque,Norte,3226.74,2110.19,50187.07,438,Regular,Agencia,97,2017-01-09,13,Activo
972,DNI,45447082,Marco,Quispe,Rivera,1973/10/30,51,M,Conviviente,Universitario,Empleado Privado,Servicios,  Iquitos,Loreto,Oriente,4286.39,1938.67,236005.03,606,Regular,Digital,2,2024/10/17,22,Activo
973,DNI,23596053,Luis,Laime,Castillo,1985-09-08,39,M,Conviviente,Secundaria,Independiente,Educación,Chiclayo,Lambayeque,Norte,3639.34,1873.5,179124.5,491,Regular,Agencia,105,2016/05/13,13,Activo
974,DNI,63066360,David,Huanca,Choque,1967-05-31,57,M,Casado,Secundaria,Empleado Privado,Tecnología,Santiago de Surco,Lima,Lima y Callao,2214.32,1484.02,77237.04,550,Regular,Telemarketing,85,2017/12/09,2,Activo
975,DNI,30252094,gabriela,García,Cusi,16-03-1985,39,F,Casado,Universitario,Empleado Privado,Salud,El Tambo,Junín,Centro,2695.68,1765.85,103798.15,488,Regular,Referido,31,2019/12/06,19,Activo
976,DNI,2757454,Daniela,Cruz,Torres,1979/03/24,45,F,Viudo,Postgrado,Independiente,Finanzas,Santiago de Surco,Lima,Lima y Callao,2198.65,966.82,62454.86,503,Regular,Campaña Institucional,160,19-10-2011,2,Activo
977,DNI,58344566,Iván,Chávez,Chávez,31/07/1964,60,M,Soltero,Secundaria,Empleado Privado,Otro,Los Olivos,Lima,Lima y Callao,5297.8,2166.69,195948.53,568,Regular,Agencia,141,2013/05/14,4,Activo
978,DNI,7047266,  Ana,Vargas,Álvarez,1988-06-29,36,F,Soltero,Secundaria,Empleado Privado,Servicios,Piura,Piura,Norte,1742.97,1203.07,50957.85,530,Regular,Agencia,36,2022-01-07,14,Activo
979,DNI,87905224,Fernando,García,González,1972/06/02,52,M,Soltero,,Empleado Privado,Finanzas,Los Olivos,Lima,Lima y Callao,6398.69,3917.71,367660.03,477,Regular,Agencia,81,2018/04/24,4,Activo
980,DNI,71918986,Enrique,Medina,Ortiz,1985/07/07,39,M,Casado,Universitario,Empleado Privado,Agricultura,Sullana,Piura,Norte,1226.3,732.84,30208.0,459,Regular,Telemarketing,150,2012/09/04,15,Activo
981,DNI,76805702,Andrés,Medina,Torres,1971-04-06,53,M,Conviviente,Postgrado,Empleado Privado,Salud,Cusco,Cusco,Sur,2443.74,1617.64,110215.41,539,Regular,Telemarketing,68,2019/05/12,16,Activo
982,DNI,32973239,Eduardo,MORALES ,García,1985-02-16,39,M,Conviviente,,Empleado Privado,Agricultura,Chiclayo,Lambayeque,Norte,3273.21,1438.23,30531.65,421,Regular,Agencia,111,2015-11-04,12,Inactivo
983,DNI,27739238,Valeria,Morales,Rivera,1981-06-23,43,F ,Conviviente,Universitario,Pensionista,Comercio,Pisco,Ica,Sur,850.0,566.65,27140.37,475,Regular,Agencia,152,2012/06/17,20,Activo
984,DNI,34719982,Miguel,OrtIz,García,2002-12-04,22,M,Conviviente,Secundaria,Empleado Público,Otro,Cayma,Arequipa,Sur,2900.34,1277.45,137996.9,521,Regular,Digital,133,2014/01/20,6,Activo
985,DNI,38310064,Valeria,Gutiérrez,Castillo,1977/11/09,47,F,Conviviente,Técnico,Empresario,Construcción,El Tambo,Junín,Centro,14827.98,5907.84,832606.0,487,VIP,Agencia,177,2010-05-30,19,Activo
986,DNI,6647070,Silvia, Flores ,Ramírez,1962-05-09,62,F,Soltero,Técnico,Empleado Público,Manufactura,Miraflores,Lima,Lima y Callao,3527.85,1867.63,65600.74,524,Regular,Agencia,107,19-02-2016,3,Activo
987,DNI,2740675,Lucía,Condori,  ramos,1969-11-06,55,F,Casado,TECNICO,Independiente,Educación,Chimbote,Ancash,Centro,1180.88,480.78,60051.01,459,Regular,Agencia,122,29-11-2014,21,Activo
988,DNI,64614974,José,Rivera, García,1990/12/20,34,M,Soltero,Técnico,Empleado Privado,Finanzas,Iquitos,Loreto,Oriente,2053.87,1046.55,102389.97,416,Regular,Agencia,92,2017/05/22,22,Activo
989,CE,860995504,Óscar,Laime,Huanca,1968/03/26,56,M,Casado,Universitario,Empresario,Manufactura,Miraflores,Lima,Lima y Callao,5431.55,3294.68,281299.46,554,Regular,Agencia,66,2019-07-12,3,Activo
990,DNI,89811594,Sofía,Reyes,Ramírez,1989-11-03,35,F,Casado,Técnico,Independiente,Agricultura,Chiclayo,Lambayeque,Norte,,588.3,18170.89,489,Regular,Agencia,26,2022-11-08,13,Activo
991,DNI,25678718,César,  Castro,Rivera,27/10/2004,20,M,Divorciado,Universitario,Empresario,Construcción,Tarapoto,San Martín,Oriente,4587.02,2941.74,268582.82,403,Regular,Agencia,78,21/07/2018,23,Activo
992,DNI,34956479,Paola,López,Castillo,1959-02-15,65,F,Casado,Postgrado,Empleado Público,Agricultura,Wanchaq,CusCo,Sur,3567.63,2323.61,41043.49,542,Regular,Agencia,13,25-11-2023,17,Activo
993,DNI,72361080,José,Romero,Gutiérrez,31-03-1967,57,M,Casado,Secundaria,Independiente,Servicios,Huancayo,Junín,Centro,1436.12,723.49,77474.21,538,Regular,Agencia,62,28-11-2019,18,Activo
994,DNI,65557512,Andrés,Jiménez,Vargas,1980-05-26,44,M,Soltero,Técnico,Independiente,Comercio,Cusco,cusco,Sur,2847.91,1452.53,63920.54,561,Regular,Agencia,171,2010-11-16,16,Activo
995,DNI,22444189,Alejandro,Álvarez,Apaza,1974-11-07,50,M,Casado,Postgrado,Empleado Privado,Comercio,Chiclayo,Lambayeque,Norte,3490.12,1390.45,40859.32,410,Regular,Agencia,91,2017/07/03,13,Activo
996,DNI,3630944,Alejandro,Álvarez,Cusi,1994-06-04,30,M,Soltero,Técnico,Empleado Privado,Otro, Cusco ,Cusco,Sur,2435.3,1529.78,125412.75,475,Regular,Digital,11,13-01-2024,16,Activo
997,DNI,90961979,Valeria,López,Cusi,1996-02-29,28,F,Casado,,Independiente,Finanzas,La Esperanza,La Libertad,Norte,11277.27,5091.33,666737.03,567,Regular,Telemarketing,18,18-07-2020,9,Activo
998,CE,735674809,Jorge,Choque,Gutiérrez,18/11/1975,49,M,Casado,Universitario,Empleado Privado,Manufactura,San Juan de Lurigancho,Lima,Lima y Callao,3109.38,1568.86,68579.53,488,Regular,Digital,77,2018/08/25,1,Activo
999,DNI,3158925,Fabiola,Choque,Martínez,29/10/1994,30,F,Casado,Universitario,Independiente,Comercio,Pisco,Ica,Sur,2238.17,1160.05,37526.19,483,Regular,Digital,65,22-08-2019,20,Activo
1000,DNI,14186482,Ricardo,Sánchez,Laime,27-05-1997,27,M,Soltero,Universitario,Independiente,Construcción,Sullana,Piura,Norte,2611.77,1386.26,93226.35,457,Regular,Telemarketing,93,2017/04/23,15,Activo
1001,DNI,58694276,Mónica,Condori,Gutiérrez,2004/11/12,20,F,Viudo,Técnico,Independiente,Tecnología,Yanahuara ,Arequipa,Sur,,458.56,44297.35,429,Regular,Agencia,44,2021/04/23,8,Activo
1002,DNI,81788242,Enrique,García,Medina,24/06/1960,64,M,Conviviente,universitario,Empleado Privado,Transporte,Chimbote,Ancash,Centro,-4389.26,2497.11,185115.15,445,Regular,Digital,175,15/08/2010,21,Activo
1003,DNI,90223790,María,Álvarez,Flores,1977/09/14,47,F,Soltero,Universitario,,Educación,Cusco,Cusco,Sur,1363.78,834.6,26516.39,552,Regular,Agencia,31,28/02/2022,16,Activo
1004,DNI,76755398,Rocío,Romero,López,1988/02/01,36,F,Soltero,Universitario ,Empresario,Tecnología, VícTor laRco heRreRa ,La Libertad,Norte,5175.99,2431.59,166836.67,577,Regular,,67,2019/06/29,11,Activo
1005,DNI,58962683,Silvia,Reyes, Quispe ,19-04-1998,26,F,Casado,Universitario,Empleado Privado,Salud,Pisco,Ica,Sur,1244.78,705.32,30697.63,429,Regular,Digital,15,2021/09/14,20,Activo
1006,DNI,90518812,María,Mamani,Rojas,1970/12/05,54,F,Conviviente,Universitario,Empleado Privado,Tecnología,Cayma,Arequipa,Sur,1453.64,828.54,63124.98,348,Regular,Digital,30,2022-06-16,6,Activo
1007,DNI,7923729,Rosa,Condori,Ramírez,1988/12/27,36,F,Casado,Técnico,Independiente,Finanzas,Chiclayo,Lambayeque,Norte,3275.37,1756.6,182114.62,546,Regular,Telemarketing,153,2012-06-06,13,Activo
1008,DNI,78968335,Isabel,Castro,Ramos,1988-03-04,36,F,Casado,Técnico,Empresario,Salud,Víctor Larco Herrera,La Libertad,Norte,4277.45,2886.52,88182.8,566,Regular,Digital,12,2023/12/24,11,Activo
1009,CE,521879938,Adriana,Reyes,Sánchez,2004/07/24,20,F,Soltero,Universitario,Empleado Privado,Agricultura,Víctor Larco Herrera, La Libertad ,Norte,1954.53,1138.08,84885.18,464,Regular,Agencia,113,30-08-2015,11,Activo
1010,DNI,35036871,Fernando,Sánchez,González,1977-08-06,47,M,Casado,Universitario,Empleado Privado,Tecnología,Chimbote,Ancash,Centro,2291.05,1521.45,131622.29,496,Regular,Digital,180,17-03-2010,21,Activo
1011,DNI,84467940,Alejandra,Romero,Romero,2004-04-05,20,F,Conviviente,Postgrado,Empleado Privado,Educación,trujillo,La Libertad,Norte,1707.94,1131.33,34278.83,478,Regular,Referido,161,2011/10/03,10,Activo
1012,DNI,15975729,Carlos,González,Castro,1994/09/19,30,M,Conviviente,Universitario,Pensionista,Otro,Cusco,Cusco,Sur,975.33,561.99,32135.0,491,Regular,Digital,130,2014-04-07,16,Activo
1013,DNI,33241651,Iván,Reyes,Martínez,1987-11-02,37,M,Casado,Universitario,Independiente,Agricultura,Tarapoto,San Martín,Oriente,2528.04,1032.43,93737.07,427,Regular,Digital,170,2011-01-05,23,Activo
1014,DNI,59584174, MaRíA,Quispe,Reyes,1985-08-10,39,F,Divorciado,Postgrado,Empleado Privado,Finanzas,La Esperanza,La Libertad,Norte,3776.7,1899.59,122701.28,494,Regular,Agencia,100,2016-10-09,9,Activo
1015,CE,134476094,Carlos,Rivera,Rivera,1990/12/01,34,M,Viudo ,Técnico,Empleado Público,Salud,Miraflores,Lima,Lima y Callao,2168.2,889.17,80995.91,1050,Regular,Referido,166,2011/04/18,3,Activo
1016,DNI,50996218,Patricia,Ramírez,Cusi,2004/06/12,20,F,Conviviente,Técnico,Empleado Privado,Salud,Arequipa,Arequipa,Sur,4237.39,2473.85,87082.3,439,Regular,Digital,8,2019-12-03,7,Activo
1017,CE,22234998,José,Álvarez,Castro,1977-12-04,47,M,Soltero,Universitario,Empleado Privado,Manufactura,La Esperanza,La Libertad,Norte,5379.18,3760.92,251871.96,425,Regular,Referido,45,2021/03/27,9,Bloqueado
1018,DNI,44614409,Cecilia,Huanca,Jiménez,27-02-1991,33,F,Soltero,Técnico,Independiente,Transporte,Pisco,Ica,Sur,1775.59,728.01,94000.98,429,Regular,Agencia,19,2020/01/02,20,Activo
1019,DNI,26319956,David,Castro,Ramos,1962/11/06,62,M,Conviviente,Universitario,Empresario,Transporte,Huancayo,Junín,Centro,3950.13,1977.46,42394.45,507,Regular,Digital,99,2016/11/06,18,Activo
1020,DNI,25513444,Héctor  ,Romero,Medina,1980/08/30,44,M,Conviviente,Técnico,Empresario,Construcción,Arequipa,Arequipa,Sur,2830.58,1346.12,29265.43,489,Regular,Agencia,141,23/05/2013,7,Inactivo
1021,DNI,15749325,Carlos,Ramos,Mamani,1979/09/11,45,M,Soltero,Técnico,Pensionista,Finanzas,La Esperanza,La Libertad,Norte,938.06,376.31,52632.55,484,Regular,Digital,97,2016-12-20,9,Activo
1022,DNI,66183085,Valeria,Reyes, González ,1989-11-02,35,F,Casado,Secundaria,Empresario,Tecnología,Víctor Larco Herrera,La Libertad,Norte,2189.26,837.58,19103.76,514,Regular,Digital,74,2018-11-26,11,Activo
1023,DNI,7818710,Óscar,Pérez,Vargas,1961-11-30,63,M,Casado,Técnico,Pensionista,Tecnología,Huancayo,Junín,Centro,1223.52,562.89,37345.47,524,Regular,Agencia,106,2016/04/12,18,Activo
1024,DNI,15423060,César,López,Álvarez,1974/02/19,50,M,Soltero,Secundaria,Empleado Público,Construcción,Piura,Piura,Norte,1346.95,872.98,20776.66,611,Regular,Campaña Institucional,149,14-09-2012,14,Activo
1025,DNI,66701514,Rodrigo,Castillo,Rodríguez,1980/02/01,44,M,Soltero,Universitario,Empleado Privado,Construcción,Los Olivos,Lima,Lima y Callao,6538.44,4223.19,109495.22,458,Regular,,75,2018-10-09,4,Bloqueado
1026,DNI,92220562,Ricardo,Reyes,Apaza,1961/11/05,63,M,Casado,Secundaria,Empleado Privado,Otro,Santiago de Surco,Lima,Lima y Callao,4864.42,3176.09,109203.89,550,REGULAR,Referido,82,2018/03/31,2,Activo
1027,DNI,86132394,Rosa,Reyes,Ortiz,1980/04/13,44,F,Casado,Universitario,Empleado Privado,Otro,Yanahuara,Arequipa,Sur,2553.61,1153.11,33844.26,557,Regular,Agencia,165,2011-06-08,8,Activo
1028,DNI,34209536,Alejandro,Rojas,Ramos,1981-08-12,43,M,Divorciado,Universitario,Independiente,Salud,La Esperanza,La Libertad,Norte,850.0,439.47,7019.96,424,Regular,Digital,150,2012-08-20,9,Inactivo
1029,DNI,15266559,Héctor,Laime,Choque,18/02/1985,39,M,Conviviente,Técnico,Independiente,Educación,Yanahuara,Arequipa,Sur,2831.32,1236.58,92127.42,481,Regular,Campaña Institucional,92,30-05-2017,8,Activo
1030,DNI,95247466,Rodrigo,Condori, LóPeZ,1968/03/03,56,M,Casado,Universitario,Empresario,Transporte,Cusco,Cusco,Sur,1967.72,1009.98,26508.68,535,Regular,Agencia,95,2017/03/06,16,Activo
1031,CE,241571276,CecIliA,Ramírez,Laime,29/03/2004,20,F,Conviviente,Universitario,Empresario,Tecnología,Tarapoto,San Martín,Oriente,7540.12,4669.9,120739.87,479,PREMIUM,Telemarketing,100,2016/09/29,23,Activo
1032,DNI,68249793,Héctor,Chávez,ÁlvAreZ,1977-04-07,47,M,Casado,Universitario,Empleado Privado,Tecnología,El Tambo,Junín,Centro,1919.32,1189.42,39941.53,564,Regular,Referido,7,14/04/2021,19,Activo
1033,DNI,7372607,Ricardo,Condori,Pérez,24-11-1970,54,M,Casado,Universitario,,Comercio,Tarapoto,San Martín,Oriente,2907.12,1831.82,122391.18,519,Regular,Telemarketing,119,2015-03-22,23,Activo
1034,Pasaporte,463947625,Paola,Choque,Rodríguez,1976/04/03,48,F,Casado,Universitario ,Empresario,Finanzas,Arequipa,Arequipa  ,Sur,3923.76,1976.44,87519.94,566,Regular,Campaña Institucional,31,2022/06/11,7,Activo
1035,DNI,40369481,Enrique,Chávez,Jiménez,1963/06/23,61,M,Conviviente,Secundaria,Empleado Privado,Otro,Cajamarca,Cajamarca,Norte,5565.11,3567.8,217529.53,481,Regular,Digital,150,2012/08/09,24,Inactivo
1036,DNI,39101612,Fabiola,Quispe,Pérez,1978-03-01,46,F,Casado,Universitario,Empleado Público,Comercio,Iquitos,Loreto,Oriente,1296.06,902.92,12092.1,543,Regular,Agencia,141,26-05-2013,22,Activo
1037,DNI,73481409,Víctor,Gutiérrez,Martínez,1977/12/02,47,M,Casado,Universitario,Empleado Privado,Servicios,Arequipa,Arequipa,Sur,1160.68,527.09,67954.64,428,regular,Referido,122,2014-11-25,7,Inactivo
1038,DNI,91004202,Paola,Reyes,Martínez,1986/12/04,38,F,Casado,Universitario,Estudiante,Educación,Chiclayo,Lambayeque,Norte,850.0,570.17,10828.43,412,Regular,Telemarketing,3,2020/10/22,13,Inactivo
1039,DNI,54842035,Iván,Martínez,González,1978-03-01,46,M,Soltero,Técnico,Independiente,Salud,Arequipa,Arequipa,Sur,2865.14,1314.71,44431.82,484,Regular,Digital,67,15-06-2019,7,Activo
1040,DNI,71321940,Óscar,Sánchez,Reyes,1992-04-05,32,M,Conviviente,Técnico,Empleado Público,Salud,Los Olivos,Lima,Lima y Callao,2966.65,1203.12,145171.92,584,Regular,Referido,180,20/02/2010,4,Activo
1041,DNI,71936785,Isabel,Choque,Pérez,14/08/1988,36,F,Casado,Técnico,Empleado Privado,Educación,Chimbote,Ancash,Centro,2001.97,845.64,71566.66,505,Regular,Agencia,77,2018-08-25,21,Activo
1042,DNI,21540131,Carmen,Martínez,Huanca,1987-08-09,37,F,Conviviente,Técnico,Independiente,Comercio,Los Olivos,Lima,Lima y Callao,2035.09,845.75,120610.46,520,Regular,Digital,148,26-10-2012,4,Activo
1043,DNI,41025471,Lucía,Medina,González,2004/06/11,20,F,Conviviente,Técnico,Empleado Público,Tecnología,VÍCTOR LARCO HERRERA,La Libertad,Norte,2979.43,1908.41,76067.91,479,Regular,Digital,45,2019-12-14,11,Activo
1044,DNI,95675635,Daniela,Castro,Medina,1987/03/07,37,F,Casado,Universitario,Empleado Privado,Construcción,Yanahuara,Arequipa,Sur,2620.86,1474.15,150388.05,478,Regular,Telemarketing,15,19-11-2020,8,Activo
1045,DNI,7001441,Carmen,Quispe,Flores,21-06-2003,21,F,Viudo,Secundaria,Empleado Público,Educación,Chiclayo,Lambayeque,Norte,3226.62,2011.26,86487.99,480,Regular,Digital,7,2021/06/17,12,Inactivo
1046,Pasaporte,668904172,Roberto,Ortiz,Martínez,19/01/1977,47,M,Casado,Secundaria,Empleado Público,Educación,San Juan de Lurigancho,Lima,Lima y Callao,3204.42,2015.48,42732.82,460,Regular,Agencia,1,2024/04/16,1,Activo
1047,DNI,75283599,David,Rivera, ramírez,1967/09/17,59,M,CASADO,secundaria ,Empleado Privado,Agricultura,Lima,Lima,Lima y Callao,2585.95,-1105.2,44218.3,542,Regular,Agencia,73,2019-01-02,5,Activo
1048,DNI,53572289,AlEjAnDrA,Torres,Cruz,2004/06/29,20,F,Soltero,Universitario ,Empresario,Educación,Yanahuara,Arequipa,Sur,4503.95,1858.19,63073.24,445,Regular,Agencia,89,2017-08-19,8,Activo
1049,DNI,4194534,Daniela,Huanca,Choque,23-12-1977,47,F,Soltero,Técnico,Independiente,Construcción,Lima,Lima,Lima y Callao,3363.37,1777.86,68928.01,458,Regular,Referido,139,2013-08-01,5,Activo
1050,DNI,18893063, ÁNGELA ,Ortiz,Chávez,1991-05-14,33,F,Divorciado,Técnico,Independiente,Tecnología,Chimbote, Ancash,Centro,2011.04,1278.94,46188.61,424,Regular,Digital,33,2022-03-30,21,Inactivo
1051,CE,743699055,Claudia,Quispe,ChOqUe,20/03/1972,52,F,Casado,Postgrado,Independiente,Salud,Iquitos,Loreto,Oriente,1937.33,1150.08,25305.48,341,Regular,Referido,159,17-11-2011,22,Activo
1052,DNI,45289860,Carlos,Cusi,Gutiérrez,1987/10/07,37,M,Casado,Universitario,Independiente,Educación,Pisco,Ica,Sur,1084.52,667.74,55716.14,387,Regular,Agencia,111,2015-11-01,20,Activo
1053,DNI,14980253,Eduardo,Herrera,Romero,1997-12-16,27,M,Casado,Universitario,Empleado Privado,Manufactura,Miraflores,Lima,Lima y Callao,2666.61,1284.96,82921.67,538,Regular,Digital,58,2020-03-14,3,Activo
1054,DNI,8423242,Ángela,Rojas,Chávez,28-08-1979,45,F,Soltero,Universitario,Empleado Privado,Comercio,Cayma,Arequipa,Sur,2151.05,1350.08,73012.34,516,Regular,Agencia,83,2018-02-11,6,Activo
1055,DNI,90627960,Miguel,Castillo,Castillo,1988-09-05,36,M,Soltero,Secundaria,Pensionista,Salud,Huancayo,Junín,Centro,850.0,431.34,11574.15,412,Regular,Agencia,87,29-10-2017,18,Bloqueado
1056,DNI,28630402,Héctor,Flores,Castillo,26/01/2004,20,M,Casado,Técnico,Independiente,Finanzas,Miraflores,Lima,Lima y Callao,1479.15,731.92,83435.46,461,Regular,Digital,83,16/02/2018,3,Activo
1057,DNI,92669370,Marco,Rivera,Ramírez,1984-11-04,40,M,casado ,Postgrado,Empleado Privado,Transporte,Cayma,Arequipa,Sur,2278.42,929.24,73202.35,432,Regular,Referido,31,2022-06-04,6,Bloqueado
1058,DNI,19019333,Ricardo,Rivera,Condori,21-12-1975,49,M,Casado,Técnico,Empleado Privado,Finanzas,San Juan de Lurigancho,Lima,Lima y Callao,1552.46,977.55,78723.43,539,Regular,Digital,48,2020/05/27,1,Activo
1059,DNI,47185594,Rodrigo,Rodríguez,Gómez,1995-01-11,29,M,Soltero,Técnico,Independiente,Finanzas,Lima,Lima,Lima y Callao,1241.54,607.5,16352.82,385,Regular,Referido,48,2020/04/27,5,Activo
1060,DNI,56474370,David,Reyes,Ramírez,1989-09-12,35,M,Divorciado,Secundaria,Empleado Privado,Agricultura,SuLlAnA  ,Piura,Norte,4392.51,2210.41,178473.3,509,Regular,Telemarketing,137,2013/09/06,15,Activo
1061,DNI,27612092,Diana,Sánchez,Pérez,1971/02/05,53,F,Casado,,Empleado Público,Otro,Tarapoto,San Martín,Oriente,2816.89,1520.18,164501.35,464,Regular,Agencia,110,2015/12/09,23,Activo
1062,CE,67635322,Luis,López,Flores,1986-11-04,38,M,Soltero,Técnico,Empleado Privado,Tecnología,Chimbote,Ancash,Centro,1869.86,1114.54,52956.61,553,Regular,Agencia,141,2013/05/12,21,Activo
1063,DNI,94300037,Mónica,Apaza,Chávez,1997/02/10,27,F,Viudo,Universitario,Empleado Público,Manufactura,Miraflores,Lima,Lima y Callao,2674.02,1370.45,148151.33,534,Regular,Digital,22,2023/03/03,3,Activo
1064,DNI,93278417,Patricia,Morales,González,1961-10-02,63,F,Casado,Técnico,Empleado Privado,Otro,Chimbote,Ancash,Centro,2689.96,1398.65,105367.85,554,Regular,Digital,129,2014/05/01,21,Activo
1065,DNI,66426735,Andrés,Reyes,APAZA,1955-11-08,69,M,Soltero,Secundaria,Empleado Privado,Construcción,San juAn De LurIgaNchO ,Lima,Lima y Callao,2519.38,1036.66,56154.78,430,Regular,Campaña Institucional,100,19/09/2016,1,Activo
1066,DNI,84962249,Ricardo,Huanca,Herrera,2004-01-27,20,M,Soltero,Técnico,Empleado Público,Servicios,Cusco,Cusco,Sur,2338.47,1584.81,65633.72,371,Regular,Agencia,106,2016/04/09,16,Activo
1067,DNI,62767293,Carlos,Álvarez,  Ramírez,1987-03-26,37,M,Divorciado,Universitario,Empleado Público,Finanzas,Los Olivos,Lima,Lima y Callao,2418.25,1215.38,136142.84,510,Regular,Digital,37,21/11/2021,4,Activo
1068,DNI,23477804,Eduardo,Ramírez,González,1977/11/06,47,M,Conviviente,Postgrado,Independiente,Finanzas,Iquitos,Loreto,Oriente,2827.84,1347.1,150359.59,566,Regular,Digital,96,14/01/2017,22,Inactivo
1069,DNI,23372094,Alejandro,Chávez,López,1994-05-19,30,M,Soltero,Universitario,Empleado Privado,Educación,Lima,Lima,Lima y Callao,,837.37,73408.51,426,Regular,Digital,24,2023-01-02,5,Activo
1070,DNI,12200848,Pablo,Díaz,Álvarez,25/02/1973,51,M,Conviviente,Secundaria,Empleado Privado,Agricultura,Wanchaq,Cusco,Sur,4772.59,2028.35,252328.76,530,Regular,Referido,110,13/12/2015,17,Inactivo
1071,DNI,71360549,Fernando,Castro,Romero,1968/02/04,56,M,Conviviente,Universitario,Independiente,Finanzas,Cayma,Arequipa,Sur,1130.78,438.0,55497.72,597,Regular,,177,2010/06/01,6,Activo
1072,DNI,35001154,José,Gutiérrez,Laime,20/12/1964,60,MASCULINO,Casado,Técnico,Empleado Privado,Tecnología,Chiclayo,Lambayeque,Norte,4675.69,2057.75,100997.94,617,Regular,Referido,24,22-01-2020,12,Inactivo
1073,DNI,10404315,RoCíO,López,Reyes,13/04/2002,22,F,Casado,Universitario,Independiente,Transporte,Cajamarca,CaJaMaRcA  ,Norte,1370.69,773.98,64945.03,415,Regular,Agencia,10,27-03-2021,24,Activo
1074,DNI,90168564, Alejandro ,Sánchez, Gutiérrez,1974-04-25,50,M,Casado,Técnico,Independiente,Salud,Chiclayo,Lambayeque,Norte,1185.87,631.76,37734.66,539,Regular,Digital,130,27-04-2014,12,Activo
1075,DNI,37161158,Elena,Martínez,Flores,1966-05-24,58,F,Conviviente,Técnico,Independiente,Tecnología,Pisco,Ica,Sur,4253.68,2510.77,123567.36,531,Regular,Campaña Institucional,135,2013/11/07,20,Activo
1076,DNI,5058353,Paola,MEDINA,Romero,1994/07/10,30,FEMENINO,Soltero,Universitario,Independiente,Servicios,Arequipa,Arequipa ,Sur,1171.9,712.63,21682.68,536,regular ,Digital,41,2021/03/15,7,Activo
1077,DNI,24266217,Jorge,Cusi,Herrera,1973/09/09,51,M,Conviviente,Universitario,Empleado Público,Transporte,Chimbote,Ancash,Centro,2219.06,1013.25,46307.76,497,Regular,Digital,152,2012/06/13,21,Activo
1078,DNI,53272766,Eduardo,Castro,Castro,2004/03/31,20,M,Casado,Universitario,Empleado Público,Manufactura,Arequipa,Arequipa,Sur,1145.76,754.0,9422.3,577,Regular,Agencia,2,2020-04-11,7,Activo
1079,DNI,87308972,Manuel,López,Rivera,28-07-1998,26,M,Conviviente,Universitario,Empleado Privado,Otro,Piura,Piura,Norte,2751.82,1501.71,157008.3,519,Regular,Digital,28,2022-09-06,14,Activo
1080,DNI,42527863,Diana,Rivera,Mamani,1998/05/09,26,F,Soltero,Universitario,Empleado Público,Comercio,Los Olivos,Lima,Lima y Callao,1996.52,1346.36,114613.37,534,Regular,,31,2020/05/29,4,Activo
1081,DNI,77196199,Jorge,Gutiérrez,Flores,1982-10-04,42,M,Casado,Secundaria,Empleado Privado,Transporte,Santiago de Surco,Lima,Lima y Callao,11952.43,5652.13,230245.99,415,Regular,Referido,90,2017/07/18,2,Activo
1082,DNI,40095224,Mónica,Quispe,Álvarez,1970-08-16,54,F,Conviviente,Postgrado,Empleado Privado,Educación,Wanchaq,Cusco,Sur,2850.07,1638.81,123765.98,549,Regular,Referido,61,2019-12-22,17,Activo
1083,DNI,5473601,Elena,Díaz,Gómez,1977-08-11,47,F,Casado,Universitario,Empresario,Finanzas,Yanahuara,Arequipa,Sur,3834.42,2168.08,182259.3,530,Regular,Agencia,160,2011-10-19,8,Inactivo
1084,DNI,65893475,Manuel,Sánchez,Martínez,2004-12-01,20,M,Casado,Universitario,Empleado Público,Manufactura,San Juan de Lurigancho,Lima,Lima y Callao,2238.29,1444.18,35527.0,490,Regular,Agencia,8,2022-09-12,1,Activo
1085,DNI,86643203,Fernando,Jiménez,Huanca,1975/11/29,49,M,Soltero,Postgrado,,Salud,Miraflores,Lima,Lima y Callao,5150.47,2134.84,193985.56,524,Regular,,65,18-08-2019,3,Activo
1086,DNI,24000208,David,Flores,Apaza,31-10-1981,43,M,Casado ,Secundaria,Empleado Privado,Agricultura,El Tambo,Junín,Centro,1847.34,1020.46,40126.48,449,Regular,Referido,43,2021-05-28,19,Activo
1087,DNI,33563693,Luis,Rodríguez,Choque,1968/07/25,56,M,Viudo,Secundaria,Empleado Privado,Comercio,Chimbote,Ancash,Centro,6460.49,4158.28,218147.35,503,Premium,Agencia,52,31-08-2020,21,Activo
1088,DNI,35415892,Víctor,Morales,González,1982-04-03,42,M,Casado,Secundaria,,Manufactura,Trujillo,La Libertad,Norte,1469.45,611.98,12026.98,570,Regular,Agencia,137,29/09/2013,10,Activo
1089,DNI,22681594,César,Álvarez,Castro,29/11/1975,49,M,Divorciado,Universitario,Empleado Privado,Agricultura,San Juan de Lurigancho,Lima,Lima y Callao,7917.01,4066.14,133484.52,461,Regular,Referido,132,2014/02/02,1,Activo
1090,DNI,9673979,Diana,Cruz ,González,1987-11-26,37,F,Casado,Postgrado,Empleado Privado,Servicios,Arequipa,Arequipa,Sur,3076.65,1512.58,112362.23,517,Regular,Digital,173,22-09-2010,7,Bloqueado
1091,DNI,67187762,Patricia,Castro,Cruz,13-05-1985,39,F,Casado,Universitario,Estudiante,Manufactura,San Juan de Lurigancho,Lima,Lima y Callao,850.0,522.5,22534.24,528,Regular,Digital,27,2019/12/09,1,Activo
1092,CE,292266678,Adriana,Jiménez,Rodríguez,1974/11/30,50,F,Viudo,Universitario,Independiente,Finanzas,Chimbote,Ancash,Centro,1302.36,660.15,62967.43,572,Regular,Referido,42,2021-07-06,21,Activo
1093,DNI,49935981,Carmen,Rojas,VarGas,20/10/1968,56,F,Soltero,Técnico,Empleado Privado,Salud,Tarapoto,San Martín,Oriente,3369.24,2268.74,132464.27,515,Regular,Digital,138,2013-08-12,23,Activo
1094,DNI,14171657,Víctor,Huanca,Medina,14/08/1976,48,M,Casado,Secundaria,Empleado Privado,Servicios,Chiclayo,Lambayeque,Norte,1935.44,1254.85,107283.41,497,Regular,Campaña Institucional,137,30/09/2013,12,Activo
1095,DNI,50092449,Daniela,Rojas,Jiménez,19-11-2004,20,F,Casado,Secundaria,,Salud,Trujillo,La Libertad,Norte,2496.76,1301.43,104142.19,389,Regular,Digital,135,2013/11/16,10,Inactivo
1096,DNI,50186074,César,López,Cruz,1964-02-22,60,M,Soltero,Universitario,Empleado Privado,Comercio,Los Olivos, Lima ,Lima y Callao,2744.25,1166.9,49948.65,503,Regular,Digital,27,18/04/2022,4,Activo
1097,DNI,730242,Roberto,Rivera ,Cruz,1990-10-05,34,M,Conviviente,Universitario,Empleado Público,Educación,Huancayo,Junín,Centro,1766.49,790.44,25069.04,572,Regular,Agencia,5,2021-07-06,18,Activo
1098,DNI,44695674,Daniela,Morales,Mamani,2004/02/15,20,F,Soltero,Técnico,Empleado Privado,Salud,Cusco,Cusco  ,Sur,-4494.68,1743.77,225033.2,477,Regular,Referido,177,2010/06/16,16,Activo
1099,DNI,58348348,David,Cruz,Ortiz,1997-07-22,27,M,Divorciado,Técnico,Independiente,Transporte,Huancayo,Junín,Centro,973.74,457.48,40971.52,554,Regular,Referido,138,2013/08/10,18,Inactivo
1100,DNI,77587089,Cecilia,Huanca,Reyes,1994-05-31,30,F,Soltero,Secundaria,Estudiante,Otro,Yanahuara,Arequipa,Sur,850.0,548.72,29677.27,529,Regular,Digital,40,2021/09/18,8,Activo
1101,DNI,50450509,ADRIANA,Ortiz,Ramos,1978/09/10,46,F,Soltero,Técnico,Empresario,Salud,Tarapoto,San Martín,Oriente,3366.35,2064.3,201423.79,527,Regular,Agencia,87,2017/10/12,23,Activo
1102,DNI,29545038,Fernando,Gutiérrez,Gómez,1995-03-06,29,M,Conviviente,Secundaria,Independiente,Construcción,Sullana ,Piura,Norte,4543.19,2550.94,200995.43,530,Regular,Agencia,59,2020/01/28,15,Bloqueado
1103,DNI,31279433,Juan,Ramírez,García,1976/08/12,48,M,Divorciado,Universitario,Estudiante,Transporte,Huancayo,Junín,Centro,850.0,329.3,14976.62,590,Regular,Agencia,25,2022/08/13,18,Activo
1104,DNI,74286625,Rosa,Torres,Flores,1983-09-11,41,F,Soltero,Secundaria,Independiente,Transporte, Cayma ,Arequipa,Sur,1011.89,571.06,22553.11,508,Regular,Digital,103,2016/07/05,6,Activo
1105,DNI,19351174,Adriana,Jiménez,Jiménez,1957/08/21,67,FEMENINO,Casado,Técnico,Empleado Privado,Otro,Piura,Piura,Norte,2039.69,827.46,83341.49,494,Regular,Agencia,11,2020/05/05,14,Activo
1106,DNI,21575626,José,Ramírez,Mamani,1978/10/09,46,M,Soltero,Secundaria,Empleado Público,Educación,Yanahuara,Arequipa,Sur,2127.66,881.81,67431.14,459,Regular,Agencia,114,13/08/2015,8,Activo
1107,DNI,3995167,Rodrigo,Romero,Rojas,25-10-1969,55,M,Conviviente,Técnico,Empleado Privado,Comercio,Miraflores,Lima,Lima y Callao,,5777.61,110579.32,533,Regular,Referido,155,2012-03-13,3,Activo
1108,DNI,38880485,Rocío,Flores,Ramírez,1993-01-27,31,F,Conviviente,Secundaria,Independiente,Agricultura,Los Olivos,Lima,Lima y Callao,850.0,436.91,16858.33,482,Regular,Referido,45,2020/04/06,4,Activo
1109,DNI,27557672,Ricardo,Rojas,Ramos,1969-07-11,55,M,Casado,Secundaria,Empleado Privado,Transporte,Cajamarca ,Cajamarca,Norte,3967.95,2370.64,145841.23,510,Regular,Agencia,61,2019-12-25,24,Activo
1110,DNI,10297711,Eduardo,Díaz,Pérez,1990-04-18,34,M,Casado,Técnico,Empresario,Otro,Piura,Piura,Norte,2798.03,1245.12,65910.51,542,Regular,Digital,158,2011/12/29,14,Inactivo
1111,DNI,29108739,Elena,Ramírez,Medina,24-07-1972,52,F,Soltero,Secundaria,Empresario,Tecnología,Cayma,Arequipa,Sur,2440.79,1638.03,46640.4,610,Regular,Agencia,131,26/03/2014,6,Activo
1112,DNI,77074599,Andrés,Romero,Reyes,31/01/1976,48,M,Conviviente,Secundaria,Empleado Público,Manufactura,San Juan de Lurigancho, LimA,Lima y Callao,3861.37,2428.66,53762.76,445,Regular,Agencia,92,2017-06-07,1,Activo
1113,DNI,34502958,Roberto,García,RamÍreZ ,1999-02-11,25,M,Casado,Universitario,Empleado Público,Comercio,Cusco,Cusco,Sur,1732.0,1105.39,35834.84,508,Regular,Agencia,143,15/03/2013,16,Activo
1114,DNI,23688101,Víctor,Reyes,Gutiérrez,1961/06/22,63,M,Conviviente,Universitario,Independiente,Otro,Chimbote,Ancash,Centro,4430.99,2334.94,115627.82,505,Regular,Agencia,18,2022-08-12,21,Activo
1115,DNI,88253208,Andrés,Sánchez,Morales,1995-09-05,29,M,Divorciado,Universitario,Empleado Privado,Servicios,Cayma,ArEqUiPa ,Sur,4749.57,1896.19,172720.9,419,Regular,Telemarketing,39,18/10/2021,6,Activo
1116,DNI,36907894,Silvia,Álvarez,Cruz,1963-06-18,61,F,Casado,Técnico,Empresario,Construcción,Miraflores,Lima,Lima y Callao,5532.17,2522.77,206890.41,628,Regular,Agencia,167,23-03-2011,3,Activo
1117,DNI,89512370,Eduardo,Sánchez,López,16/05/1974,50,M,Casado,Secundaria,Empresario,Servicios,Chiclayo,Lambayeque,Norte,5603.41,2948.29,171198.09,497,Premium,Telemarketing,8,2021/10/06,12,Activo
1118,DNI,19276713,Eduardo,Ramos,Herrera,1987/08/31,37,M,Casado,Universitario,Pensionista,Servicios,Pisco,Ica,Sur,1196.55,615.63,38978.54,482,Regular,Referido,102,2016-08-04,20,Activo
1119,DNI,5573713,Jorge,Castro,Morales,16-03-1990,34,M,Casado,Universitario,Empleado Público,Salud,Chiclayo,Lambayeque,Norte,1855.14,768.21,86437.71,499,Regular,Referido,113,2015/09/03,13,Activo
1120,DNI,66276330,Manuel,Ramírez,Reyes,20/01/2004,20,M,Soltero,Universitario,Independiente,Servicios,Iquitos,Loreto,Oriente,2678.16,1632.51,154473.44,401,Regular,Referido,98,2016/12/11,22,Activo
1121,DNI,64704656,Marco, Gómez,Sánchez,1996/06/30,28,M,Casado,Universitario,Empleado Privado,Finanzas,Chiclayo,Lambayeque,Norte,1095.21,595.39,15179.74,365,Regular,Digital,137,2013/09/07,13,Activo
1122,DNI,63159229,Pablo,Choque,Choque,1999/09/11,25,M,Soltero,Universitario,Empleado Privado,Salud,Iquitos,Loreto,Oriente,1740.81,816.54,33831.33,568,Regular,,155,2012/03/10,22,Activo
1123,DNI,22824718,Gabriela,González ,Martínez,27/08/1989,35,F,Soltero,Secundaria,Empleado Privado,Servicios,El Tambo,Junín,Centro,2947.98,1820.98,128681.52,500,Regular,Digital,25,2022/12/10,19,Activo
1124,DNI,97499799,Mónica,López,Mamani,24-07-1981,43,F,Soltero,Secundaria,Independiente,Construcción,Cajamarca,Cajamarca,Norte,2225.7,1220.27,102188.82,423,Regular,Agencia,134,2013-12-09,24,Activo
1125,CE,617356316,José,Castillo,ÁlvAreZ,1965/07/17,59,M,Soltero,Secundaria,Empleado Público,Finanzas,Iquitos,Loreto,Oriente,4907.46,2013.9,197427.97,445,regular,Digital,27,2022-09-15,22,Inactivo
1126,DNI,93899906,Alejandra,Gómez,Álvarez,17/11/1995,29,F,Casado,Postgrado,Empleado Público,Comercio,Cusco,Cusco,Sur,1700.85,812.37,49914.98,433,Regular,Agencia,144,2013-02-16,16,Activo
1127,DNI,36131798,Paola,González,Castro,1976-05-05,48,F,Casado,Universitario,Empleado Privado,Comercio,Los Olivos,Lima,Lima y Callao,2068.97,1312.78,91389.68,615,Regular,Agencia,100,2016-10-07,4,Activo
1128,CE,399812743,Diego,Rivera,Jiménez,1968/08/16,56,M,Casado,Secundaria,Empleado Público,Transporte,Víctor Larco Herrera,La Libertad,Norte,2541.02,1597.0,86860.07,585,Regular,Referido,178,2010/05/06,11,Inactivo
1129,DNI,21236018,Eduardo,González,Gómez,1969-08-02,55,M,Casado ,Universitario,Independiente,Agricultura,La Esperanza,La Libertad,Norte,1726.16,1141.02,70299.96,461,Regular,Agencia,127,2014-06-30,9,Activo
1130,DNI,79685909,Iván,Ortiz,Vargas,14/09/1982,42,M,Casado,Universitario,Empleado Privado,Transporte,Pisco,Ica,Sur,4382.2,2211.59,211883.77,499,Regular,Telemarketing,63,2019-10-29,20,Activo
1131,DNI,35166811,Rodrigo,Gutiérrez,Martínez,25/03/2001,23,M,Conviviente,Técnico,Estudiante,Finanzas,Tarapoto,San Martín,Oriente,850.0,489.27,45087.97,452,Regular,,28,2019/12/10,23,Inactivo
1132,DNI,24198306,Diego,Ramírez,Torres,1983/05/11,41,M,Casado,Técnico,Independiente,Manufactura,Cayma, arequipa,Sur,9206.48,5580.19,540238.92,423,Regular,Digital,79,2018-07-02,6,Activo
1133,Pasaporte,24350947,Iván,Sánchez,Ramos,17-08-1976,48,M,Casado,Universitario,Empleado Privado,Servicios,La Esperanza,La Libertad,Norte,-6269.78,2977.46,367065.83,-5,Regular,Agencia,40,2021-08-28,9,Activo
1134,DNI,89137054,Luis,Castillo,Álvarez,23-08-1987,37,M,Viudo,Secundaria,Empleado Privado,Transporte, Trujillo ,La Libertad,Norte,3503.75,2231.42,79956.88,513,Regular,Campaña Institucional,127,16-07-2014,10,Activo
1135,DNI,94299202,Isabel, Gómez,Medina,1980/12/04,44,F,Soltero,TECNICO,Independiente,Educación,Chimbote,Ancash,Centro,2209.09,1420.4,25782.63,514,Regular,Digital,52,13-09-2020,21,Activo
1136,DNI,83909342,Elena,Gómez,Rivera,20-03-2004,20,F,Soltero,,Empleado Privado,Construcción,El Tambo,Junín,Centro,3338.25,1516.06,93316.16,463,Regular,Agencia,65,28-08-2019,19,Activo
1137,DNI,51866940,Isabel,Díaz,Gutiérrez,1985-06-15,39,F,Casado,Universitario,Empleado Privado,Transporte,Yanahuara,Arequipa,Sur,7745.98,4941.2,333668.8,456,Regular,Referido,61,2019-12-20,8,Activo
1138,DNI,9528895,Iván,Gómez,Medina,1987-02-27,37,M,Casado,Universitario,Pensionista,Salud,Sullana,Piura,Norte,2236.11,1246.49,57833.23,434,Regular,Telemarketing,69,26/04/2019,15,Inactivo
1139,DNI,71883009,José,Castro,Chávez,1998/07/26,28,M,Divorciado,Técnico,Empleado Privado,Construcción,Cusco,Cusco,Sur,2506.11,1434.25,129451.5,523,Regular,Digital,104,2016-06-06,16,Inactivo
1140,DNI,70617069,Eduardo,Chávez,Rojas,1980/02/05,44,M,Soltero,Universitario,Empleado Público,Finanzas,El Tambo,Junín ,Centro,1277.26,878.91,38757.65,479,Regular,Digital,138,2013/08/12,19,Activo
1141,DNI,51886016,Fernando,Apaza,Ortiz,1990-05-25,34,M,Casado,Técnico,Empleado Privado,Finanzas,Piura,Piura,Norte,2574.36,1301.34,131606.44,499,Regular,Telemarketing,111,2015/10/27,14,Activo
1142,Pasaporte,450566937,Enrique,Reyes,Herrera,1977/03/06,47,M,Casado,Secundaria,Empresario,Agricultura,Víctor Larco Herrera,La Libertad,Norte,2050.95,1424.76,77782.59,573,Regular,Telemarketing,5,2023-04-27,11,Activo
1143,DNI,38576264,Diego,Cusi,Rivera,27/07/1979,45,M,Casado,Universitario,Empresario,Otro,Víctor Larco Herrera,La Libertad,Norte,13462.73,5651.64,779037.45,558,Regular,Digital,15,2023-09-11,11,Activo
1144,DNI,10127896,Marco,Laime,Morales,1969-06-20,55,M,Casado,Secundaria,Empresario,Finanzas,Wanchaq,Cusco,Sur,8336.07,5483.59,357625.79,613,Premium,Digital,90,2017/08/03,17,Activo
1145,DNI,56203634,Alejandro,Herrera, FLORES ,1976/01/16,48,M,Soltero,Técnico,Empleado Público,Otro,Cusco,Cusco,Sur,2121.28,1043.86,58450.78,641,Regular,Digital,13,13/04/2021,16,Activo
1146,DNI,17073174,Mónica,Morales,Cruz,1972-11-21,52,F,Soltero,Técnico,Empleado Público,Salud,Yanahuara,Arequipa,Sur,2855.53,1701.22,45197.44,453,Regular,Telemarketing,95,2017/02/27,8,Activo
1147,DNI,77475944,Jorge,Medina,Morales,21/06/1998,26,M,Casado,Postgrado,Empleado Público,Tecnología,Pisco,Ica,Sur,,1001.08,21136.97,491,Regular,Referido,142,2013-04-04,20,Activo
1148,DNI,74042076,Fernando,Romero,Quispe,1990/09/02,34,M,Casado,Secundaria,Empresario,Finanzas,Cusco,Cusco,Sur,5863.83,3859.27,340335.28,590,Regular,Digital,100,2016-09-30,16,Activo
1149,DNI,40656582,Andrés,Mamani,Reyes,14/02/1974,50,M,Soltero,Técnico,Independiente,Agricultura,Santiago de Surco,Lima,Lima y Callao,1112.79,444.01,42947.85,491,Regular,Agencia,165,2011-05-22,2,Activo
1150,DNI,47091,Valeria,Castro,Herrera,1992-09-05,32,F,Soltero,Universitario,Empleado Privado,Agricultura,Iquitos,Loreto,Oriente,2168.64,949.2,39935.09,449,Regular,Digital,34,2022/03/04,22,Activo
1151,DNI,11815837,José,González, PéReZ,1988-03-08,36,Masculino,Divorciado,Técnico,Independiente,Educación,Cajamarca,Cajamarca,Norte,924.61,528.24,34691.57,468,Regular,Agencia,103,20/06/2016,24,Activo
1152,DNI,96668290,José,Pérez,Condori,1989/02/14,35,M,Divorciado,Universitario,Independiente,Transporte,San Juan de Lurigancho,Lima,Lima y Callao,850.0,434.07,28319.25,587,Regular,Digital,72,2019-01-09,1,Bloqueado
1153,DNI,76405473,María,Apaza,González,1969-08-26,55,F,Casado,Técnico,Independiente,Construcción,San Juan de Lurigancho,Lima,Lima y Callao,1968.47,1189.83,86545.91,507,Regular,Agencia,47,2020-04-03,1,Activo
1154,DNI,78524744,Luis,Cusi,Medina,1997/06/29,27,M,Viudo,Secundaria,Empleado Privado,Transporte,Huancayo,Junín,Centro,5894.19,3153.73,185404.67,576,Premium,Digital,152,2012-06-11,18,Activo
1155,DNI,66477413,Manuel,Rivera,Cruz,28/04/1981,43,M,Soltero,Técnico,Empleado Público,Transporte,Miraflores,Lima,Lima y Callao,3201.73,1447.86,85108.82,520,Regular,Agencia,138,2013/08/02,3,Activo
1156,DNI,39885217,David,Condori ,Herrera,1999/09/29,25,m,Casado,Técnico,Empleado Privado,Finanzas,Víctor Larco Herrera,La Libertad,Norte,2019.7,1378.03,60100.66,468,Regular,Referido,137,2013-09-04,11,Activo
1157,DNI,92383193,Sofía,González,Rivera,1988-04-01,36,F,Soltero,Universitario,Estudiante,Finanzas,Los Olivos,Lima,Lima y Callao,850.0,412.84,42498.18,470,Regular,Agencia,97,2016/12/29,4,Inactivo
1158,DNI,24219597,Silvia,López,Díaz,1983/04/14,41,F,Divorciado,Técnico,Empleado Privado,Comercio,La Esperanza,La Libertad,Norte,2901.59,1342.35,81329.63,428,Regular,Telemarketing,33,25/04/2020,9,Activo
1159,DNI,33155530,Luis,Condori,Vargas,22-10-1991,33,m,Conviviente,Técnico,Empleado Público,Comercio,Miraflores,Lima,Lima y Callao,1176.19,519.67,14955.55,545,Regular,Agencia,76,2018/09/11,3,Activo
1160,DNI,45576634,César ,Romero,Cusi,21/11/2004,20,M,Casado,Universitario,Independiente,Servicios,Cajamarca,Cajamarca ,Norte,4357.61,1795.07,45613.44,534,Regular,Referido,105,2016-05-06,24,Activo
1161,DNI,19106166,Óscar,Sánchez,Flores,16-06-1986,38,M,Casado,Secundaria,Pensionista,Comercio,Víctor Larco Herrera,La Libertad,Norte,850.0,556.29,33229.44,458,Regular,Telemarketing,40,2021-09-17,11,Inactivo
1162,DNI,82217562,Silvia,Apaza,Ramírez,1983-10-22,41,F,Casado,Técnico,Independiente,Finanzas,Chiclayo,Lambayeque,Norte,1140.78,482.41,53026.62,1200,Regular,Digital,138,2013/08/27,13,Activo
1163,DNI,25722870,Alejandro,Díaz,Gutiérrez,1964/05/06,60,M,Casado,Secundaria,Independiente,Comercio,San Juan de Lurigancho,Lima,Lima y Callao,4220.76,2863.23,52718.2,467,Regular,Agencia,3,29/06/2021,1,Activo
1164,DNI,51452058,Eduardo,Choque,Castillo,2002-02-25,22,M,Conviviente,Universitario,Empleado Público,Comercio,Huancayo,Junín,Centro,1570.86,661.68,78328.1,464,Regular,Referido,119,21-03-2015,18,Activo
1165,DNI,54747695,Isabel,Rojas,Rodríguez,1977-07-02,47,F,SOLTERO,Universitario,Empleado Privado,Agricultura,Cayma,Arequipa,Sur,2262.01,1259.43,38504.23,523,Regular,Telemarketing,68,2019/06/01,6,Activo
1166,DNI,56238878,Fabiola,Condori,Castillo,1959/06/08,65,F,Casado,Universitario,Empleado Público,Educación,Los Olivos,Lima,Lima y Callao,3433.42,2060.39,63931.52,534,Regular,Agencia,100,2016/10/04,4,Activo
1167,DNI,11386047,Elena,Morales,González,27/09/1985,39,F,Viudo,Técnico,Empleado Público,Salud,Lima,Lima,Lima y Callao,1787.96,1228.1,53045.03,567,Regular,Telemarketing,36,2021-12-21,5,Activo
1168,DNI,53829441,María,Reyes,Condori,1991-01-01,34,F,Casado,Universitario,Empleado Privado,Agricultura,La Esperanza,La Libertad,Norte,2736.89,1146.21,124511.01,479,Regular,Digital,134,2013-12-11,9,Activo
1169,DNI,9532670, David, CruZ,Ramos,1989-05-29,35,M,Viudo,Técnico,Empleado Privado,Tecnología,Miraflores,Lima,Lima y Callao,1358.0,620.06,36173.27,492,Regular,Referido,105,2016/05/02,3,Activo
1170,DNI,22828018,Silvia,Álvarez,Castillo,1983/07/01,41,F,Soltero,Técnico,Independiente,Manufactura,Chiclayo,Lambayeque,Norte,3284.77,1405.09,178454.27,458,Regular,Agencia,170,2010-12-24,12,Inactivo
1171,DNI,64583744,José,Cusi,Ramos,1968/02/01,56,M,Casado,Universitario,Pensionista,Salud, ChImBoTe ,Ancash,Centro,850.0,437.89,46873.84,599,Regular,Agencia,127,2014-07-11,21,Activo
1172,DNI,48741148,Fernando,Pérez,Mamani,2003/07/25,21,M,Casado,Universitario,Empresario,Construcción,Cayma,Arequipa,Sur,6260.9,3748.88,280952.89,510,Regular,Digital,129,2014/05/06,6,Activo
1173,DNI,64196789,Manuel,Torres  ,Huanca,1992/06/05,32,M,Casado,Postgrado,Empleado Privado,Comercio,Chiclayo,Lambayeque,Norte,3254.86,1470.18,129812.55,544,Regular,Telemarketing,82,2018/04/05,12,Activo
1174,DNI,22422848,Daniela,Condori,Gómez,2004/12/05,20,F,Divorciado,Técnico,Empresario,Otro,Cajamarca,Cajamarca,Norte,6462.77,3274.82,116115.98,345,Premium,Digital,84,19/01/2018,24,Activo
1175,DNI,33480153,Juan,Laime,Apaza,1994-08-31,30,M,Casado,Técnico,Empleado Público,Tecnología,Chimbote,Ancash,Centro,3680.65,2216.23,212210.51,460,Regular,Agencia,130,2014-04-27,21,Bloqueado
1176,DNI,67462720,David,Vargas,Ortiz,1997/08/21,27,mas,Casado,Universitario,Empleado Público,Educación,Lima,Lima,Lima y Callao,1727.94,665.34,35841.82,597,Regular,Telemarketing,101,13/09/2016,5,Inactivo
1177,DNI,28502155,Óscar,González,Sánchez,2004/03/05,20,M,Divorciado,Universitario,Independiente,Otro,Chiclayo,  LamBayEquE,Norte,930.99,565.48,47194.31,534,Regular,Telemarketing,105,2016-05-03,12,Activo
1178,DNI,95678446,Carlos,Huanca,Quispe,26-07-1960,64,M,Soltero,Universitario,Empresario,Comercio,Cayma,Arequipa,Sur,6289.14,3494.79,79530.72,474,Premium,Telemarketing,107,2016/03/10,6,Activo
1179,DNI,44149253,Óscar,Laime,Sánchez,13/03/1957,67,M,Casado,Técnico,Empleado Público,Agricultura,Miraflores,Lima,Lima y Callao,4749.09,2497.77,130512.13,576,Regular,Digital,40,2020/10/20,3,Activo
1180,DNI,7055494,Claudia,Apaza, Castillo,1992/02/04,32,F,Casado,Universitario,Independiente,Otro,Chiclayo,Lambayeque,Norte,2082.63,972.75,64846.74,463,Regular,Telemarketing,98,19/11/2016,12,Activo
1181,DNI,90763415,Rocío,Mamani,Huanca,21/11/1979,45,F,Soltero,Universitario,Empleado Privado,Salud,Cajamarca,Cajamarca,Norte,6017.71,3077.27,224528.1,547,Regular,Agencia,1,2021-04-23,24,Activo
1182,DNI,48722557,Miguel,Castillo,Ortiz,1995/05/17,29,M,Conviviente,Técnico,Empleado Público,Agricultura,La Esperanza,La Libertad,Norte,3299.11,1495.12,75755.13,507,Regular,Agencia,62,2019-11-07,9,Activo
1183,DNI,23285558,Silvia,Huanca,Ramos,1974-11-26,50,F,Soltero,Universitario,Empleado Público,Finanzas,Sullana,Piura,Norte,4023.65,1952.34,167916.84,461,Regular,Referido,55,2020/06/06,15,Activo
1184,DNI,84136233,Víctor,Ramos,Huanca,1983-07-10,41,M,Divorciado,Universitario,Pensionista,Otro,Santiago de Surco,Lima,Lima y Callao,850.0,349.58,24868.26,396,Regular,Agencia,40,2020/05/29,2,Activo
1185,DNI,34185595,Miguel,Ortiz  ,Rojas,1978-03-15,46,M,Conviviente,Universitario,Estudiante,Manufactura,La Esperanza,La Libertad,Norte,2079.99,1086.31,94116.42,391,Regular,Digital,127,2014/07/06,9,Activo
1186,DNI,170679,Mónica,Martínez,Torres,20-05-1983,41,F,Divorciado,Técnico,Empleado Privado,Comercio,San Juan de Lurigancho,Lima,Lima y Callao,3893.86,2237.86,109774.95,496,Regular,Digital,20,2023-04-27,1,Activo
1187,DNI,38967635,Isabel,Vargas,Vargas,28-01-1984,40,F,Conviviente,Universitario,Empleado Privado,Salud,Cajamarca,Cajamarca,Norte,1465.0,980.43,23611.38,495,Regular,Campaña Institucional,94,2017/03/25,24,Activo
1188,DNI,33513901,Daniela,Apaza,Álvarez,16/12/1992,32,F,Soltero,Secundaria,Empleado Público,Salud,Huancayo, Junín,Centro,850.0,446.61,12671.5,555,Regular,Telemarketing,55,17-06-2020,18,Activo
1189,DNI,14803007,Marco,Cruz,Castro,1971-06-21,53,M,Casado,Técnico,Empresario,Transporte,Cajamarca,Cajamarca,Norte,6409.44,4328.44,155811.62,544,Regular,Referido,146,21-12-2012,24,Activo
1190,DNI,79412886,Jorge,Medina,Rodríguez,1970-04-27,54,M,Casado,Universitario,Empleado Privado,Servicios,Iquitos,Loreto,Oriente,3476.11,2266.2,60611.84,557,Regular,Referido,107,2016/03/11,22,Activo
1191,DNI,89259465,Lucía,González,Ortiz,24/02/1986,38,F,Casado,Técnico,Independiente,Otro,Los Olivos,Lima,Lima y Callao,5665.24,2737.03,92181.77,505,Regular,Agencia,150,2012/08/21,4,Inactivo
1192,DNI,51367380,Lucía,Herrera,Vargas,1980/08/21,44,F,Casado,Secundaria,Empleado Privado,Manufactura, Tarapoto ,San Martín,Oriente,-1532.25,619.72,53751.54,504,Regular,Digital,137,2013-09-09,23,Activo
1193,DNI,22014833,Diana,Reyes,Romero,1992-06-03,32,F,Soltero,Técnico,Empleado Público,Comercio,La Esperanza,La Libertad,Norte,1510.8,951.36,54278.52,446,Regular,Telemarketing,128,25/06/2014,9,Activo
1194,DNI,90676183,Iván,Reyes,Medina,1996/01/03,29,M,Divorciado,Técnico,Empleado Privado,Finanzas,Trujillo,La Libertad,Norte,7429.36,4031.25,398803.48,551,Regular,Agencia,120,24-01-2015,10,Activo
1195,DNI,80418693,DiAnA  ,González,Álvarez,15/10/1959,65,F,Soltero,Universitario,Pensionista,Otro,Huancayo,Junín,Centro,850.0,458.72,8647.41,515,Regular,Agencia,135,2013-11-02,18,Activo
1196,CE,390649097,Mónica,Ortiz,Castro,13-05-1998,26,F,Casado,Técnico,Empleado Privado,Construcción,Santiago de Surco,Lima,Lima y Callao,-1767.69,1004.8,21799.78,412,Regular,Agencia,83,14/02/2018,2,Activo
1197,DNI,82967074,Víctor,Romero,López,1968-11-12,56,M,Soltero,Postgrado,Independiente,Manufactura,El Tambo,Junín,Centro,1954.58,1203.95,53625.29,566,Regular,Agencia,26,2022/07/09,19,Activo
1198,DNI,75480293,Silvia,Ramírez,Castillo,1975/10/18,49,F,Soltero,Postgrado,Empleado Público,Tecnología,Cajamarca  ,Cajamarca,Norte,5583.75,2127.98,95259.19,443,Regular,Agencia,7,2022-07-01,24,Activo
1199,DNI,46935102,Héctor,Pérez,García,20-06-1967,57,M,Divorciado,Técnico,Empleado Público,Servicios,Miraflores,Lima,Lima y Callao,3717.09,1697.15,185032.03,479,Regular,Agencia,123,2014-11-15,3,Activo
1200,DNI,97177170,Óscar,Castillo,Herrera,27/04/1970,54,M,Soltero,Técnico,Pensionista,Tecnología,El Tambo,Junín,Centro,1307.61,740.8,43247.81,491,Regular,Digital,4,2024-08-04,19,Activo
1201,DNI,89533768,Carmen,Ramírez,Ortiz,17/01/1992,32,F,Soltero,Universitario,Empleado Público,Salud,La Esperanza,la libertad,Norte,1462.74,710.29,84963.5,603,Regular,Referido,139,2013/07/07,9,Activo
1202,DNI,31730332,héctor,Castro,López,1983-01-07,42,M,Soltero,Universitario,Empleado Público,Salud,Chimbote,Ancash,Centro,2885.17,1303.58,71780.33,465,Regular,Agencia,151,2012-07-12,21,Activo
1203,DNI,73181560,  Eduardo,Castillo,Torres,1993-01-08,32,M,Conviviente,Universitario,Empleado Privado,Construcción,Santiago de Surco,Lima,Lima y Callao,4521.96,2124.82,161583.75,402,Regular,Digital,151,2012-07-28,2,Activo
1204,DNI,75456572,Fabiola,Herrera,Ramos,1987-05-11,37,F,CASADO,Universitario,Empleado Público,Construcción,Cusco,Cusco,Sur,2057.99,859.33,27968.36,505,Regular,Agencia,148,2012/10/20,16,Activo
1205,DNI,56066992,Alejandro,Castillo,Gutiérrez,27/01/1985,39,M,Conviviente,Postgrado,Empleado Privado,Educación,Wanchaq,Cusco,Sur,3392.79,1509.89,28980.06,523,regular,Agencia,67,2019-06-10,17,Activo
1206,DNI,3996263,Rocío,Mamani,Martínez,1974/02/28,50,F ,Casado,Universitario,Independiente,Salud,Sullana,Piura,Norte,1240.5,647.19,38352.26,481,Regular,Agencia,113,2015/09/01,15,Activo
1207,DNI,24323330,César,Morales,Jiménez,1968-11-12,56,M,Divorciado,Técnico,Empleado Privado,Finanzas,Iquitos,Loreto,Oriente,4927.65,2814.0,83594.36,438,Regular,Telemarketing,9,2023/08/01,22,Activo
1208,DNI,23578652,Pablo,Rodríguez,Medina,1978/03/29,46,M,Casado,Secundaria,Estudiante,Tecnología,San Juan de Lurigancho,Lima,Lima y Callao,850.0,393.34,16814.21,493,Regular,Agencia,103,2016-06-27,1,Activo
1209,CE,311980425,Ana,Medina, Ortiz,1960/09/09,64,F,Casado,Técnico,Empleado Público,Construcción,Huancayo,Junín,Centro,1684.93,1086.73,42947.6,487,Regular,,123,2014/10/31,18,Activo
1210,DNI,78602039,César,Álvarez ,Ramos,1973/11/07,51,M,Conviviente,Secundaria,Empleado Público,Manufactura,Piura,Piura  ,Norte,1216.0,773.65,40058.57,484,Regular,Telemarketing,141,2013/05/17,14,Inactivo
1211,DNI,79872873,Luis,Vargas,Choque,1975-06-22,49,M ,Viudo,Universitario,Pensionista,Agricultura,El Tambo,Junín,Centro,856.15,578.07,49206.25,482,Regular,Referido,170,2011-01-10,19,Activo
1212,DNI,32888070,Cecilia,Gómez,Laime,17/11/1974,50,F,Soltero,Secundaria,Empleado Público,Comercio,Trujillo,La Libertad,Norte,2649.03,1571.64,75231.65,534,Regular,Agencia,30,2022/07/02,10,Activo
1213,DNI,54541648,Luis,Flores,Rodríguez,1987-10-27,37,M,Casado,secundaria ,Independiente,Servicios,San Juan de Lurigancho,Lima,Lima y Callao,2907.11,1784.38,122436.85,474,Regular,Agencia,22,2020-10-17,1,Inactivo
1214,DNI,44203607,Jorge,Quispe, Vargas,14/02/1977,47,M,Casado,Universitario,Independiente,Agricultura,Chiclayo,Lambayeque,Norte,-1709.26,1076.11,45272.5,483,Regular,Referido,175,2010-07-27,13,Inactivo
1215,DNI,6014579,Sandra,García,Laime,1994-07-02,30,F,Soltero,Secundaria,Empleado Público,Salud,Tarapoto,San Martín,Oriente,1891.59,1017.47,103864.4,444,Regular,Agencia,143,28-03-2013,23,Activo
1216,Pasaporte,720925192,Isabel,Sánchez,Quispe,1997-01-04,28,F,Soltero,Universitario,Empleado Privado,Construcción,Piura,Piura,Norte,2897.78,1142.22,39284.01,479,Regular,Digital,128,2014/06/08,14,Activo
1217,DNI,29158551,Ricardo,Flores,Laime,1973/05/28,51,M,Soltero,,Empresario,Finanzas,Arequipa,Arequipa,Sur,4730.43,3056.0,179369.17,548,Regular,Digital,123,2014-11-06,7,Activo
1218,DNI,73962625,María,Quispe,Castillo,22/05/1976,48,F,Casado,Universitario,Empleado Privado,Tecnología,Trujillo,La Libertad,Norte,3719.43,2436.03,222183.09,454,Regular,Agencia,47,2021-02-11,10,Activo
1219,DNI,44343549,Óscar,Mamani,Romero,1981/09/13,43,M,Conviviente,Universitario,Independiente,Construcción,Sullana,Piura,Norte,3031.87,1778.63,135920.44,490,Regular,Digital,123,19-11-2014,15,Inactivo
1220,CE,34804247,Miguel,Castillo,Rojas,2004-01-07,20,M,Casado,Técnico,Empresario,Comercio,Santiago de Surco,Lima,Lima y Callao,5263.02,2375.18,184013.2,602,Regular,Digital,41,2021-07-31,2,Activo
1221,DNI,22549203,María,González,Álvarez,18-01-1987,37,F,Casado,Universitario,Empleado Público,Comercio,Trujillo,La Libertad,Norte,1517.23,687.27,44895.42,519,Regular,Digital,43,2021-06-08,10,Activo
1222,DNI,41475690,Ángela,López,Sánchez,1979/01/30,45,F,Conviviente,,Empleado Privado,Tecnología,Sullana,Piura,Norte,5288.7,2799.64,72212.57,428,Regular,Agencia,48,2020-12-26,15,Inactivo
1223,DNI,59667715,Sandra,Castillo,Apaza,1974/08/27,50,F,Soltero,Universitario,Empleado Público,Construcción,Huancayo,Junín,Centro,2834.15,1354.66,45945.99,512,Regular,Agencia,164,2011-07-06,18,Activo
1224,DNI,6476144,Marco,Quispe,Morales,1978-06-20,48,M,Soltero,Universitario,Empleado Privado,Manufactura,Pisco,Ica,Sur,4910.2,1932.98,91060.66,546,Regular,Telemarketing,145,2013/02/02,20,Activo
1225,DNI,6754939,Héctor,López,Chávez,1996/10/09,28,mas,Soltero,Postgrado,Independiente,Otro,  Pisco,Ica,Sur,3701.46,1554.54,148801.08,465,Regular,Digital,37,16-04-2021,20,Activo
1226,DNI,81330734,Fernando,Gómez,Jiménez,14-10-1982,42,M,Casado,Universitario,Empleado Público,Otro,Sullana,Piura,Norte,,1213.59,42513.83,499,Regular,Agencia,51,2020/08/02,15,Activo
1227,DNI,72033505,Marco,Sánchez,Gómez,28-10-1968,56,M,Conviviente,Técnico,Empleado Privado,Construcción,Chimbote,Ancash,Centro,3021.27,1607.95,63996.24,448,Regular,Agencia,146,2012/12/17,21,Activo
1228,DNI,4224564,Carlos,Huanca,Pérez,1987/07/07,37,M,Soltero,Universitario,Pensionista,Construcción,Santiago de Surco,Lima,Lima y Callao,1082.85,523.85,57042.78,545,Regular,Agencia,151,29/07/2012,2,Activo
1229,Pasaporte,505349419,Andrés,Cruz,Condori,1975/12/26,49,M,Casado,Técnico,Pensionista,Transporte,Miraflores,Lima,Lima y Callao,850.0,532.63,10131.25,631,Regular,Referido,64,2019-09-03,3,Inactivo
1230,DNI,61621856,Diego,Torres,Rojas,1979/06/05,45,M,Soltero,Secundaria,Independiente,Comercio,La Esperanza,La Libertad,Norte,5823.95,2536.78,202536.11,490,Regular,Digital,105,2016-05-10,9,Inactivo
1231,DNI,77143360,Marco,Flores,López,1976/08/05,48,M,Conviviente,Universitario,Independiente,Finanzas,Chiclayo,Lambayeque,Norte,4387.73,2593.37,149405.24,567,Regular,Agencia,171,2010/11/25,12,Activo
1232,DNI,30461638,Cecilia,Sánchez,López,26-09-1970,54,F,Casado,Técnico,Independiente,Tecnología, Wanchaq,Cusco,Sur,4684.61,2508.09,162551.76,493,Regular,Digital,143,31/03/2013,17,Activo
1233,Pasaporte,882672800,Alejandro,Jiménez,Álvarez,1989-03-10,35,M,Casado,Secundaria,Empleado Privado,Salud,El Tambo,Junín,Centro,3185.31,1567.7,31310.32,530,Regular,Agencia,98,2016-12-03,19,Activo
1234,DNI,30830697,rocío,Torres,Chávez,26/05/1975,51,F,Conviviente,Universitario,Empleado Privado,Finanzas,Piura,Piura,Norte,4741.39,2094.79,89899.0,567,Regular,Digital,73,2019/01/02,14,Bloqueado
1235,DNI,90668867,Rodrigo,Ortiz,Jiménez,1993-08-16,31,M,Casado,Universitario,Independiente,Transporte,Miraflores,Lima,Lima y Callao,1189.91,530.0,38071.68,461,Regular,Referido,67,2019-06-19,3,Inactivo
1236,DNI,18073920,Marco,Jiménez,Castro,20-12-1979,45,M,Casado,Secundaria,Empleado Público,Tecnología,Chiclayo,Lambayeque,Norte,1749.59,1005.03,47244.24,585,Regular,Telemarketing,54,16-07-2020,13,Activo
1237,DNI,87192615,Fernando,Morales,Mamani,1977/01/17,47,M,Soltero,Técnico,Empleado Público,Construcción,Arequipa,Arequipa,Sur,2224.85,1411.16,19930.84,435,Regular,Agencia,26,2022-10-31,7,Activo
1238,Pasaporte,809983976,Juan,Ramírez,Herrera,1998-08-12,26,M,Casado,Técnico,Empleado Privado,Tecnología,Víctor Larco Herrera,  La Libertad,Norte,2880.68,1116.57,31704.13,347,Regular,Digital,76,16-09-2018,11,Activo
1239,DNI,35294930,Fernando,García,Díaz,23-08-1970,54,M,Casado,Postgrado,Empleado Privado,Agricultura,San Juan de Lurigancho,Lima,Lima y Callao,2871.02,1292.89,123181.19,685,Regular,Agencia,8,2020/01/01,1,Bloqueado
1240,DNI,89622527,Ángela,Álvarez,Vargas,1955-09-02,69,F,Divorciado,Universitario,Empleado Público,Comercio,Cusco,Cusco,Sur,2363.76,1191.32,81840.94,528,Regular,Agencia,178,13-05-2010,16,Activo
1241,DNI,58904182,Ricardo,Chávez,Martínez,1971-07-08,53,M,Divorciado,Universitario,Empleado Público,Comercio,Los Olivos,Lima,Lima y Callao,4517.89,2393.54,236565.78,438,Regular,Agencia,48,2021/01/10,4,Activo
1242,DNI,9863615,Enrique,Cusi,Torres,2004-10-05,20,M,Soltero,Técnico,Empleado Privado,Transporte,Trujillo,La Libertad,Norte,1739.15,731.61,61591.35,485,Regular,Referido,71,2019-02-16,10,Activo
1243,DNI,63137371,Sofía,Ramos,Ramos,25/10/1977,47,F,Soltero,Secundaria,Empleado Privado,Servicios,Lima,LIMA,Lima y Callao,5047.02,2176.39,296806.23,434,Regular,Telemarketing,65,13/08/2019,5,Inactivo
1244,DNI,96061047,Ana,Flores,Medina,2004-01-24,20,F,Conviviente,Universitario,Empleado Público,Tecnología,La Esperanza,La Libertad,Norte,2478.41,1407.47,35522.42,429,Regular,Digital,32,27/04/2022,9,Activo
1245,DNI,34103414,Fabiola,Ramírez,Vargas,26-06-2004,20,F,Soltero,Universitario,Pensionista,Tecnología,Trujillo,La Libertad,Norte,925.37,551.98,14284.71,495,Regular,Agencia,125,2014-09-12,10,Inactivo
1246,DNI,17904470,Rocío,Sánchez,Ramos,1985/01/06,40,F,Casado,Técnico,Pensionista,Finanzas,Tarapoto,San Martín,Oriente,859.27,420.51,10713.41,472,Regular,Referido,60,2020-01-22,23,Activo
1247,DNI,56457227,Mónica,Quispe,Sánchez,1987/08/12,37,F,Casado,Postgrado,Independiente,Finanzas,Miraflores,Lima,Lima y Callao,873.27,472.5,30897.59,437,Regular,Agencia,6,2024/06/28,3,Activo
1248,DNI,33913694,María,Cruz,Reyes,27-05-1976,48,F,Soltero,Universitario,Empleado Privado,Educación,Wanchaq,Cusco,Sur,3497.41,2020.93,133574.73,508,Regular,Campaña Institucional,116,2015-06-22,17,Activo
1249,DNI,57631010,María,Cruz,Rivera,1994-06-04,30,F,Conviviente,Universitario,Independiente,Otro,Miraflores,Lima,Lima y Callao,1867.07,978.89,37630.1,348,Regular,Agencia,180,2010/02/28,3,Activo
1250,DNI,94869894,Andrés,Cruz,Rojas,1980-12-23,44,M,Casado,Universitario,Empleado Público,Salud,  Sullana,Piura,Norte,3793.59,1791.93,42467.37,432,Regular,Agencia,75,2018/10/18,15,Activo
1251,DNI,94933078,Miguel,Rodríguez,López,21-05-1990,34,M,Soltero,Postgrado,Independiente,Servicios,Cusco,Cusco,Sur,2758.22,1051.59,32366.14,545,Regular,Digital,57,2020-04-06,16,Activo
1252,DNI,96743338,Ana,Martínez,Gutiérrez,1988/02/29,36,F,Soltero,Universitario,Empleado Privado,Educación,Trujillo,LA LIBERTAD,Norte,1923.39,1298.31,42196.44,369,Regular,Campaña Institucional,23,16-01-2023,10,Inactivo
1253,DNI,499926,Roberto,Cruz,Laime,1981/11/17,43,M,Casado,Postgrado,Empleado Público,Manufactura,Cajamarca,Cajamarca,Norte,4811.99,2875.19,243314.73,529,Regular,Referido,60,16/01/2020,24,Activo
1254,CE,487238586,Elena,MaMaNi,Quispe,1983-09-13,41,F,Conviviente,Postgrado,Empleado Privado,Manufactura,Trujillo,La Libertad,Norte,3320.68,1744.74,192597.81,487,Regular,Telemarketing,110,2015-11-27,10,Activo
1255,DNI,17967060,Pablo,Choque,Quispe,1992-02-04,32,M,Casado,Universitario,Empleado Privado,Servicios,yanahuara  ,Arequipa,Sur,3973.28,2401.51,236544.11,488,Regular,Digital,71,2019-02-13,8,Activo
1256,DNI,54646398,Víctor,Ramírez,Torres,1982/11/10,42,M,Casado,Técnico,Empleado Público,Servicios,El Tambo,Junín,Centro,1428.45,697.77,40634.37,577,Regular,Telemarketing,143,15/03/2013,19,Activo
1257,DNI,18669255,Valeria,Herrera, Huanca ,1976/01/11,49,F,Soltero,Universitario,Empresario,Otro,La Esperanza,La Libertad,Norte,4334.7,1967.3,196370.84,577,Regular,Agencia,170,2011-01-10,9,Activo
1258,DNI,15616197,Mónica,López,García,1988-12-16,36,F,Soltero,Técnico,Independiente,Agricultura,Los Olivos,Lima,Lima y Callao,1287.64,812.25,63617.35,434,Regular,Campaña Institucional,171,2010-11-21,4,Activo
1259,DNI,46990867,Carmen,Ramírez,Pérez,2004/09/09,20,F,Soltero ,Universitario,Empleado Privado,Manufactura, LiMa,Lima,Lima y Callao,3004.71,1788.49,110916.29,355,Regular,Agencia,168,2011-02-19,5,Activo
1260,DNI,92218822,Miguel,Huanca,Quispe,20-02-1997,27,M,Soltero,Técnico,Empleado Privado,Servicios,Chiclayo,Lambayeque,Norte,894.32,623.69,46966.17,457,Regular,Digital,82,2018/03/15,12,Bloqueado
1261,DNI,16936835,Rosa,Mamani,Medina,1984/12/09,40,F,Conviviente,Universitario,Independiente,Servicios,San Juan de Lurigancho,Lima,Lima y Callao,1827.19,1061.16,82816.96,426,Regular,Digital,40,2021-09-12,1,Activo
1262,DNI,82671269,Ricardo,Flores,Cruz,1997/03/18,27,M,Soltero,Universitario,Independiente,Finanzas,Iquitos,Loreto,Oriente,2860.98,1739.95,132111.41,435,Regular,Telemarketing,46,2021/03/12,22,Activo
1263,DNI,36868111,Lucía,Gómez,Vargas,1979-10-10,45,F,Soltero,Postgrado,Empresario,Manufactura,Trujillo,La Libertad,Norte,3448.9,1768.02,73729.47,524,Regular,Agencia,176,2010/07/02,10,Activo
1264,DNI,6278790,Isabel,Rodríguez,Vargas,1967-04-03,57,Femenino,Soltero,Técnico,Empleado Público,Servicios,Tarapoto,San Martín,Oriente,2970.8,1209.87,75354.55,508,Regular,,90,22-07-2017,23,Activo
1265,DNI,23584180,mónica,Morales,Quispe,1975-10-18,51,F,Soltero,Técnico,Empleado Privado,Otro,Chiclayo,Lambayeque,Norte,2582.8,1129.06,117963.87,493,Regular,Digital,102,2016-07-23,13,Activo
1266,DNI,92474111,Ricardo,Quispe,Laime,1986/10/02,38,M,Casado,Técnico,Independiente,Educación,El Tambo,Junín,Centro,2015.62,997.49,67363.97,492,Regular,Campaña Institucional,81,2018-04-13,19,Activo
1267,DNI,84233008,Alejandro,Castro,Flores,1994-07-11,30,M,Soltero,Técnico,Empleado Público,Manufactura,Los Olivos,Lima,Lima y Callao,1277.71,752.49,67549.91,411,Regular,Agencia,27,2021-03-30,4,Inactivo
1268,DNI,88312736,Fabiola,Rivera,Ortiz,2002-02-14,22,F,Conviviente,Universitario,Independiente,Agricultura,Cayma,Arequipa,Sur,850.0,462.07,16664.19,463,Regular,Digital,29,2021/09/19,6,Activo
1269,DNI,16279636,Jorge,García,González,27/02/1993,31,M,Casado,Secundaria,Empleado Público,Transporte,Huancayo,Junín,Centro,2375.4,919.76,55432.78,493,Regular,Agencia,121,15/01/2015,18,Activo
1270,DNI,23003607,María,Herrera,Pérez,2004-12-20,20,F,Soltero,Técnico,Empleado Público,Comercio,La Esperanza,La Libertad,Norte,2285.08,1320.55,100107.19,519,Regular,Agencia,33,2022-03-05,9,Activo
1271,DNI,16928091,Enrique,Díaz,Gutiérrez,24-01-1994,30,M,Conviviente,Universitario,Empleado Privado,Manufactura,Sullana,Piura,Norte,3194.78,2051.59,71186.78,424,Regular,Agencia,85,13-12-2017,15,Activo
1272,DNI,41061664,Elena,Medina,Choque,1981-05-15,43,F,Casado,SECUNDARIA,Independiente,Otro,San Juan de Lurigancho,Lima,Lima y Callao,969.6,463.25,20297.53,387,Regular,Digital,66,20/07/2019,1,Activo
1273,DNI,28092411,Rocío,Rodríguez,Sánchez,26/07/1987,37,f,Casado,Técnico,Independiente,Comercio,Lima,Lima,Lima y Callao,2057.53,844.4,60029.0,457,Regular,Referido,149,2012/09/22,5,Inactivo
1274,DNI,22805883, ÓscAr,Álvarez,Sánchez,1997/09/30,27,M,Conviviente,Universitario,Empleado Privado,Otro,Chiclayo,Lambayeque,Norte,2067.12,1338.8,92677.49,479,Regular,Agencia,41,2020-04-24,12,Activo
1275,DNI,11152558,Juan,Ramos,Huanca,1983/06/18,41,M,Casado,Universitario,Empleado Privado,Salud,Arequipa,Arequipa,Sur,3096.83,1513.59,164934.18,450,regular,Digital,153,2012/05/27,7,Activo
1276,CE,588097186,Mónica,Martínez,Cruz,1968-12-03,56,F,Soltero,Universitario,Estudiante,Agricultura,Yanahuara,Arequipa  ,Sur,850.0,398.17,32770.2,532,regular ,Referido,6,30-08-2023,8,Activo
1277,DNI,59675779,Claudia,Herrera,Castillo,26-01-1968,56,F,Casado,Universitario,Independiente,Servicios,Cayma,Arequipa,Sur,3611.68,2136.09,97342.72,500,Regular,Referido,12,25-02-2022,6,Activo
1278,DNI,11608958,Rocío,Cruz,Rodríguez,1989-01-12,35,F,Casado,Postgrado,Empleado Privado,Comercio,Lima,Lima,Lima y Callao,4528.04,2200.78,133157.04,403,Regular,Referido,114,25-07-2015,5,Activo
1279,CE,347612898,Roberto,Gómez,Torres,25-09-1994,30,M,Casado,Universitario,Empleado Privado,Comercio,Chiclayo,Lambayeque,Norte,2122.6,1288.38,82666.48,537,Regular,Referido,16,2020/06/15,13,Inactivo
1280,DNI,56033878,Miguel,Torres,Morales,26-03-1978,46,M,Conviviente,Universitario,Independiente,Construcción,Pisco,Ica,Sur,-1220.13,713.16,46389.88,474,Regular,Digital,33,2020-01-02,20,Activo
1281,DNI,30900737,Rocío,Condori,Rojas,22/04/1990,34,F,Casado,Universitario,Independiente,Finanzas,Yanahuara,Arequipa,Sur,1332.9,739.43,63823.83,527,Regular,Telemarketing,148,21-10-2012,8,Inactivo
1282,CE,769262654,Sofía,Gutiérrez,Vargas,1999-05-16,25,F,Casado,Técnico,Independiente,Salud,La Esperanza,La Libertad,Norte,6265.19,3669.04,132432.69,515,regular ,Telemarketing,29,2022-07-18,9,Bloqueado
1283,CE,907996585,Pablo,Rodríguez,Ortiz,1969-09-09,55,MASCULINO,Casado,Universitario,,Otro,Pisco,Ica,Sur,2482.32,1461.4,86385.76,499,regular,Digital,133,18-01-2014,20,Activo
1284,DNI,30717761,ROCÍO ,González, Medina ,2000/05/07,24,F,Conviviente,Universitario,Empleado Público,Manufactura,Trujillo,La Libertad,Norte,1477.37,1032.27,28572.64,506,Regular,Agencia,174,15-09-2010,10,Activo
1285,DNI,33699952,Paola,Condori,Cusi,1967/09/26,57,F,Conviviente,Técnico,Empleado Público,Comercio,Tarapoto,San Martín,Oriente,1509.08,649.13,27041.0,508,Regular,Referido,129,18-05-2014,23,Activo
1286,DNI,97249032,Patricia,Rojas,Vargas,1984/10/02,40,F,Conviviente,Técnico,Empleado Privado,Salud,Tarapoto,San Martín,Oriente,1395.94,636.72,61570.03,515,Regular,Digital,85,2017/12/13,23,Activo
1287,DNI,17413644,Valeria,Martínez,Morales,1991/01/11,33,F,Conviviente,Universitario,Empleado Público,Finanzas,Santiago de Surco,Lima,Lima y Callao,1818.4,905.21,80251.0,468,Regular,Agencia,39,2021/10/17,2,Activo
1288,DNI,6507612,Roberto,Sánchez,Choque,26/03/1992,32,M,Soltero,Secundaria,Empleado Privado,Tecnología,Chimbote,Ancash,Centro,2623.29,1553.13,33705.81,461,Regular,Digital,38,2021-11-02,21,Activo
1289,DNI,59502635, DanIelA ,Medina,Chávez,1987-08-18,37,F,Casado,Técnico,Empleado Público,Salud,  San juAn De LurIgaNchO,Lima,Lima y Callao,1517.0,913.83,31725.45,516,Regular,Referido,66,20-07-2019,1,Activo
1290,DNI,60082369,Sandra,Cruz,Ramírez,1963-05-12,61,F,Casado,Universitario,Empleado Público,Construcción, Pisco ,Ica,Sur,2552.74,1775.62,96955.71,589,Regular,Telemarketing,16,2022/02/20,20,Activo
1291,DNI,90670151,María,Gómez,Gómez,1999/10/23,25,F,Soltero,Secundaria,Empleado Privado,Finanzas,Iquitos,Loreto,Oriente,2685.17,1401.98,153974.83,402,Regular,Telemarketing,6,22/06/2024,22,Activo
1292,DNI,39192969,Alejandra,Castro,Mamani,2000-10-15,24,F,Soltero,Secundaria,Empresario,Transporte,Huancayo,Junín,Centro,3178.81,1596.92,145786.66,547,Regular,Agencia,167,2011/04/08,18,Activo
1293,DNI,70549857,José,Martínez,López,1971-04-03,53,M,Divorciado,Universitario,Empleado Privado,Salud,Sullana,Piura,Norte,3484.34,1486.08,70122.43,422,Regular,Referido,114,2015/07/29,15,Inactivo
1294,Pasaporte,269804466,Ana,Rojas,Díaz,1985/10/25,39,F,Casado,Universitario,Empleado Privado,Construcción,Cajamarca,Cajamarca,Norte,3236.83,1913.86,165696.34,494,Regular,Referido,7,2023/06/29,24,Activo
1295,DNI,52573787,Óscar,Álvarez,Rodríguez  ,2004/02/09,20,M,Casado,Técnico,Empleado Público,Tecnología,Lima,Lima,Lima y Callao,1231.56,795.22,26840.63,468,Regular,Telemarketing,178,2010/04/29,5,Activo
1296,CE,889728426,Enrique,Gutiérrez, Álvarez,1976/08/03,48,M,Casado,Universitario,Empleado Público,Construcción,Piura,Piura,Norte,916.43,482.6,48672.9,504,Regular,Digital,23,2023/02/06,14,Bloqueado
1297,DNI,60566880,Adriana,González,Medina,1981-09-02,43,F,divorciado,Secundaria,Empleado Privado,Otro,Cusco,Cusco,Sur,4388.93,1705.5,113072.91,531,Regular,Digital,20,2020-06-01,16,Activo
1298,DNI,53541601,Óscar,Herrera,González,31/10/1976,48,M,Casado,Secundaria,Empleado Público,Finanzas,Cayma,Arequipa,Sur,1601.93,877.19,87583.09,410,Regular,Digital,68,2019-05-28,6,Activo
1299,DNI,52077107,César,García,Torres,14/05/1987,37,M,Viudo,Secundaria,Empleado Privado,Manufactura,Chiclayo,Lambayeque,Norte,4521.91,2462.72,206399.85,561,Regular,Agencia,125,29/08/2014,13,Bloqueado
1300,DNI,11090070,Silvia,Romero,Medina,1974/05/27,50,F,Viudo,Técnico,Independiente,Transporte,Miraflores,Lima,Lima y Callao,3340.47,1962.18,77735.69,522,Regular,Agencia,172,2010-11-14,3,Activo
1301,DNI,10297599,JoRgE,Jiménez,Chávez,1989/03/26,35,M,Casado,Universitario,Empleado Público,Otro,Yanahuara,Arequipa,Sur,1896.9,1137.28,106937.91,588,Regular,Referido,175,29/07/2010,8,Activo
1302,DNI,94204164,Ángela,Cruz,Castro,28/07/1994,30,F,Soltero,Universitario,Independiente,Manufactura,Cayma,Arequipa,Sur,6565.1,4067.15,206589.65,460,Premium,Digital,89,2017-09-05,6,Activo
1303,DNI,69976816,Adriana  ,Herrera,Pérez,1967/10/11,57,f,Divorciado,Secundaria,Empleado Privado,Tecnología,Yanahuara,Arequipa,Sur,1569.81,1067.44,92825.3,540,Regular,Agencia,114,2015-07-27,8,Activo
1304,DNI,90803586,César,Ramos,Martínez,1991/07/08,33,M,Soltero,Universitario,Empleado Público,Otro,Wanchaq,Cusco,Sur,1116.29,644.01,31625.89,503,Regular,Agencia,21,2020/08/31,17,Activo
1305,DNI,11110851,Óscar,Laime, Choque,1970/06/05,54,M,Conviviente,Técnico,Empleado Privado,Otro,Víctor Larco Herrera,La Libertad,Norte,2036.58,942.33,97292.18,422,Regular,Digital,38,2021-11-03,11,Activo
1306,DNI,73480022,Silvia,Vargas,Cruz ,1984-10-18,40,F,Casado,Técnico,Empleado Privado,Construcción,Los Olivos,Lima,Lima y Callao,2685.18,1327.09,102030.13,515,Regular,Agencia,129,2014-05-07,4,Inactivo
1307,DNI,19214749,Jorge,García,Castillo,1971-07-29,53,M,Divorciado,Técnico,Empleado Privado,Agricultura,Wanchaq,Cusco,Sur,2995.37,1930.2,152096.11,607,Regular,Agencia,124,26-09-2014,17,Activo
1308,DNI,72758045,Alejandra,Sánchez,Mamani,1980-04-06,44,F,Viudo,Universitario,Empresario,Construcción,Cayma,Arequipa,Sur,4729.95,2829.94,280517.56,426,Regular,Digital,21,2023/04/03,6,Inactivo
1309,DNI,58474134,Elena,Condori,Apaza,1986/02/12,42,F,Soltero,Postgrado,Independiente,Construcción,Sullana,Piura,Norte,1786.91,1016.21,64635.08,533,Regular,Referido,121,2015/01/13,15,Activo
1310,Pasaporte,934638901,Sandra,Álvarez,García,24/01/1977,47,F,Soltero,Técnico,Empleado Privado,Tecnología,Sullana,Piura,Norte,1639.23,938.72,28627.09,503,Regular,Agencia,86,17/11/2017,15,Activo
1311,DNI,30706594,Cecilia,Jiménez,Álvarez,14-11-1974,50,F,Casado,Universitario,Pensionista,Manufactura,Huancayo,Junín,Centro,2047.84,823.99,54733.34,547,Regular,Agencia,103,2016/07/12,18,Activo
1312,DNI,71862447,Alejandra,Ramos,Morales,1973-09-08,51,F,Conviviente,Técnico,Empleado Privado,Manufactura,Cayma,Arequipa,Sur,3135.33,2031.19,181634.5,524,Regular,Telemarketing,167,2011-03-23,6,Activo
1313,DNI,6615459,Rodrigo,González,Reyes,1968/04/11,56,M,Conviviente,Técnico,Independiente,Educación,huancayo,Junín,Centro,,545.19,52832.05,486,Regular,Agencia,125,2014-09-08,18,Activo
1314,DNI,28866905,Marco,Pérez,Apaza,25-12-1992,32,M,Viudo,Universitario,Empleado Privado,Educación,Cayma,Arequipa,Sur,3182.06,2079.3,138083.66,542,Regular,Digital,87,2017/11/04,6,Activo
1315,DNI,20313298,Sofía,Gómez,Cusi,1990-04-28,34,F,Casado,Postgrado,Empresario,Servicios,Trujillo,La Libertad,Norte,1284.06,896.19,66406.87,470,Regular,Referido,115,2015/06/24,10,Activo
1316,DNI,78626852,Manuel,Rivera,Rodríguez,1972/09/29,52,M,Casado,Universitario,Empresario,Educación,Lima,Lima,Lima y Callao,8519.32,5812.62,299825.74,558,Regular,Campaña Institucional,114,2015-07-23,5,Activo
1317,DNI,83345573,Alejandro,Mamani,Romero,1986-03-29,38,M,Casado,Técnico,Empleado Privado,Manufactura,Cajamarca,Cajamarca,Norte,1457.1,678.96,85149.08,508,Regular,Campaña Institucional,2,19/10/2024,24,Activo
1318,CE,732285704,Alejandra,Huanca,Martínez,1993-12-11,31,F,Casado,Universitario,Empleado Privado,Comercio,Cusco,Cusco,Sur,7781.66,3487.34,277015.49,513,Regular,Referido,56,25-05-2020,16,Bloqueado
1319,CE,704116788,Andrés,Chávez,Álvarez,18-04-1989,35,M,Conviviente,Secundaria,Independiente,Finanzas,El Tambo,Junín,Centro,1439.47,910.78,62709.83,470,Regular,,116,25-05-2015,19,Activo
1320,DNI,48467332,Rodrigo, Quispe,Cruz,15-04-1985,39,M,Casado,Universitario,Empleado Público,Servicios,Chiclayo,Lambayeque,Norte,,2036.52,172249.92,515,Regular,Campaña Institucional,156,2012/03/09,13,Activo
1321,DNI,59942640,Valeria,Jiménez,Cusi,1991/05/16,33,F,Casado,Secundaria,Empresario,Tecnología,Cayma,Arequipa,Sur,,8641.52,142060.58,525,Regular,Digital,62,2019/11/07,6,Activo
1322,DNI,62833568,Enrique,López,Cruz,1973-09-10,51,M,Casado,Técnico,Independiente,Tecnología,Cajamarca,Cajamarca,Norte,1627.32,633.45,22946.95,519,Regular,Referido,130,13-04-2014,24,Activo
1323,DNI,77287156,María,Torres,Herrera,1979/09/23,45,F,Casado,Técnico,Empleado Privado,Finanzas,Víctor Larco Herrera,La Libertad,Norte,1132.45,531.87,56647.48,600,Regular,Agencia,104,2016-06-02,11,Activo
1324,DNI,36291714,Sofía,Jiménez,  HuaNca,25/07/1967,57,F,Casado,Universitario,Independiente,Agricultura,Chiclayo,Lambayeque,Norte,1966.64,1132.22,53658.56,448,Regular,Telemarketing,7,2020/07/20,12,Activo
1325,Pasaporte,216511921,Lucía,Vargas,Ramírez,1978-02-07,46,F,Soltero,Postgrado,Empresario,Salud,Iquitos,Loreto,Oriente,6225.19,2651.26,351832.09,541,Regular,Agencia,136,2013/10/10,22,Activo
1326,DNI,82403532,Fernando,Martínez,Ramírez,1980/05/14,44,M,Divorciado,Secundaria,Independiente,Construcción,Sullana,Piura,Norte,3374.14,2108.2,181693.43,572,Regular,Referido,52,23-09-2020,15,Activo
1327,DNI,18052579,María,Gómez,Díaz,1976-06-03,48,F,Soltero,Universitario,Empleado Privado,Comercio,San Juan de Lurigancho,Lima,Lima y Callao,1761.84,1032.57,86864.95,570,Regular,Agencia,148,27/10/2012,1,Activo
1328,CE,134348571,Gabriela,Pérez,Ramírez,1963-02-15,61,fem,soltero ,Universitario,Empleado Privado,Otro,HuaNcaYo ,Junín,Centro,15756.28,6763.17,373885.66,479,VIP,Digital,153,2012/06/05,18,Activo
1329,DNI,29138130,Cecilia,Cusi,Álvarez,1980-11-28,44,F,Soltero,Universitario,Empleado Privado,Agricultura,Los Olivos,Lima,Lima y Callao,1020.94,466.11,51667.84,518,Regular,Digital,30,2020/02/06,4,Activo
1330,DNI,91990821,Elena,LópEz,ChoQue,1989/04/05,35,F,Casado,Secundaria,Independiente,Educación,Trujillo,La Libertad,Norte,8488.03,5157.75,323195.12,446,Regular,Campaña Institucional,93,2017/05/07,10,Activo
1331,Pasaporte,171038919,Rosa, Romero,Flores,2006-09-09,20,F,Soltero,Universitario,Independiente,Salud,Cusco,Cusco,Sur,1409.98,933.29,57180.1,345,Regular,Agencia,14,2021-08-26,16,Activo
1332,DNI,71487650,Rosa,Morales,Reyes,24/10/1973,51,F,Viudo,Técnico,Empleado Privado,Transporte,La Esperanza,La Libertad,Norte,1083.45,719.36,22696.98,500,Regular,Referido,152,26-06-2012,9,Activo
1333,DNI,78110570,Ángela,Quispe,Flores,2004/09/12,20,F,Conviviente,Universitario,Empleado Privado,Finanzas,Los Olivos,Lima,Lima y Callao,2022.35,1012.68,94670.41,544,Regular,Digital,101,2016-09-14,4,Inactivo
1334,DNI,32337007,José,Rojas,Quispe,1979/01/01,46,M,Soltero,Universitario,Empleado Privado,Tecnología,Pisco,Ica,Sur,1905.68,1086.27,43084.84,491,Regular,Referido,102,2016-08-03,20,Activo
1335,DNI,58744888,Carmen,Gutiérrez,López,31-03-1982,42,f,Soltero,Universitario,Empleado Público,Construcción,Arequipa,Arequipa,Sur,2549.21,1172.35,49053.27,432,Regular,Agencia,8,27-05-2023,7,Activo
1336,DNI,54551391,Fabiola,Huanca,Gómez,1975-11-02,49,F,Conviviente,Postgrado,Empleado Público,Comercio,Tarapoto,San Martín,Oriente,850.0,564.9,47169.37,480,Regular,Campaña Institucional,37,22-01-2021,23,Inactivo
1337,DNI,32380043,Roberto,Morales,Castro,1988-05-01,36,M,Casado,Técnico,Empleado Público,Tecnología,Cusco,Cusco,Sur,2594.89,1740.76,94676.68,500,Regular,Agencia,51,2020-10-11,16,Activo
1338,DNI,17552977,Isabel,Castro,Mamani,1999/01/08,25,F,Casado,Secundaria,Empleado Privado,Transporte,Miraflores, Lima ,Lima y Callao,1516.44,766.9,50856.66,471,Regular,Digital,34,16/03/2022,3,Activo
1339,DNI,11686114,Manuel,Gutiérrez,Ortiz,1983-12-02,41,M,Casado,Secundaria,Empleado Público,Manufactura,Trujillo, La Libertad,Norte,1661.1,725.97,23026.95,478,Regular,Telemarketing,55,2020/06/03,10,Activo
1340,DNI,83684377,Roberto,Rojas,Rodríguez,27-07-1974,50,M,Soltero,Técnico,Empleado Privado,Comercio,Chiclayo,Lambayeque,Norte,2332.0,1415.45,51350.4,494,Regular,Agencia,67,2019/06/26,12,Inactivo
1341,DNI,1196227,Ángela,Vargas,Gutiérrez,1956/07/28,68,F,Divorciado,Postgrado,Empresario,Tecnología,Piura  ,Piura,Norte,2922.14,1441.59,85718.39,433,Regular,Agencia,8,2023-02-12,14,Activo
1342,DNI,85095709,Adriana,Ramírez,Sánchez,1973-02-14,51,F,Soltero,Secundaria,Empresario,Finanzas,Arequipa,Arequipa,Sur,4077.59,2809.83,126980.55,507,Regular,Digital,100,19/09/2016,7,Activo
1343,DNI,84843770,Daniela,Martínez,Cusi,1992/11/11,32,F,Soltero,Técnico,Empleado Privado,Salud,La Esperanza,La Libertad,Norte,2311.86,1183.2,101825.91,560,Regular,Telemarketing,5,29-04-2022,9,Activo
1344,DNI,42175627,Valeria,Torres,Ramos,1973-10-13,51,FEMENINO,Casado,Universitario,Independiente,Comercio,Cajamarca,Cajamarca,Norte,4555.1,2248.98,103967.24,427,Regular,Agencia,100,2016/10/01,24,Inactivo
1345,DNI,23516383,Diana,González,Romero,1996-09-25,28,F,Viudo,Técnico,Empleado Privado,Tecnología,Trujillo,La Libertad,Norte,850.0,448.38,36072.07,419,Regular,Digital,179,26/03/2010,10,Activo
1346,DNI,45761304,Adriana,Martínez,López,1971-11-29,53,F,Conviviente,Universitario,Empleado Público,Finanzas,Los Olivos,Lima,Lima y Callao,2811.04,1486.59,163686.01,512,Regular,Agencia,33,2022/03/26,4,Activo
1347,DNI,28756798,Sofía,Gómez,Morales,1983-08-04,41,F,Soltero,Técnico,Independiente,Construcción,Huancayo,Junín,Centro,1428.91,896.84,69921.03,495,REGULAR,Digital,52,13/03/2020,18,Activo
1348,DNI,70894107,César,Mamani,Sánchez,1973-12-02,51,M,Divorciado,Secundaria,Empleado Privado,Educación,CAJAMARCA,Cajamarca,Norte,1356.28,758.59,73162.67,515,Regular,Agencia,17,2021-04-17,24,Activo
1349,DNI,24738852,Eduardo,Medina,Pérez,23/11/1971,53,M,Soltero,Postgrado,Estudiante,Otro,El Tambo,Junín,Centro,850.0,555.9,17457.39,539,Regular,Digital,118,2015/04/12,19,Activo
1350,DNI,51218082,  SILVIA,Huanca,Quispe,1950/01/17,75,F,Divorciado,Técnico,Empleado Privado,Finanzas,Chimbote,Ancash,Centro,3379.42,1890.11,182970.31,538,Regular,Campaña Institucional,38,2021-11-07,21,Activo
1351,DNI,57164682,Pablo,álvarez ,Rodríguez,2001/10/26,25,M,Conviviente,Universitario,Empleado Público,Comercio,Arequipa,Arequipa,Sur,2114.07,1047.28,95945.11,519,Regular,Referido,141,27/05/2013,7,Activo
1352,DNI,66932070,Paola,García,RODRÍGUEZ,1980-05-28,44,F,Casado,Universitario,Empleado Privado,Tecnología,Santiago de Surco,Lima,Lima y Callao,1736.59,796.59,60867.01,500,Regular,Agencia,136,2013-10-10,2,Activo
1353,DNI,74456572,Adriana,Castro,Huanca,1965/08/13,59,F,Casado,Técnico,Empleado Público,Otro,Cayma,Arequipa,Sur,2850.04,1872.12,161201.75,587,Regular,Agencia,158,2011-12-27,6,Activo
1354,DNI,22026269,Alejandro,Sánchez,Romero,16-03-1985,39,M,Conviviente,Técnico,Empleado Privado,Manufactura,Santiago de Surco,Lima,Lima y Callao,4049.91,2156.66,106112.9,501,Regular,Agencia,50,2020-11-13,2,Activo
1355,DNI,40635168,Gabriela,Jiménez,Rivera,1994/07/02,30,F,Casado,Universitario,Pensionista,Agricultura,Tarapoto,San Martín,Oriente,1082.02,488.27,9224.95,412,regular,Digital,9,2019/12/25,23,Activo
1356,DNI,36693327,Jorge,Castillo,Choque,29/09/1990,34,M,Casado,Técnico,Empleado Público,Agricultura,San Juan de Lurigancho,Lima,Lima y Callao,2138.16,1245.52,83099.25,511,Regular,Agencia,16,16/08/2023,1,Activo
1357,DNI,59310337,Pablo,Rivera,Apaza,1997-09-11,27,M,viudo,universitario ,Empleado Público,Comercio,yanahuara ,Arequipa,Sur,2851.08,1900.15,146291.13,517,Regular,Agencia,128,2014-06-06,8,Activo
1358,DNI,18838456,Rodrigo,Reyes,Ortiz,23-12-1991,33,M,Casado,Postgrado,Empleado Privado,Construcción,Arequipa,Arequipa,Sur,1230.38,643.05,26931.89,463,Regular,Agencia,60,2019/12/30,7,Activo
1359,DNI,17696806,María,Gutiérrez,Quispe,19/09/1988,36,F,Soltero,Universitario,Empleado Público,Transporte,Chimbote,Ancash,Centro,2107.43,1200.35,104632.28,478,Regular,Agencia,161,2011/09/30,21,Activo
1360,DNI,53273968,Rosa,Herrera,Huanca,2004/01/31,20,F,Casado,Universitario,Independiente,Agricultura,Iquitos,Loreto,Oriente,1480.78,937.77,47541.19,436,REGULAR,Referido,41,2021/08/06,22,Activo
1361,DNI,31503219,Sandra,Laime,Martínez,22/09/1975,49,F,Casado,Universitario,Independiente,Otro,Iquitos,Loreto,Oriente,1506.31,868.17,59610.44,588,Regular,Digital,173,30/09/2010,22,Activo
1362,DNI,6734767,Luis,Rodríguez,Ramírez,20-07-2014,12,M,Soltero,Técnico,Empleado Privado,Finanzas,Cajamarca,Cajamarca,Norte,4572.2,2375.22,245076.54,446,Regular,Digital,167,2032-07-20,24,Activo
1363,DNI,55963743,Iván,Jiménez,Pérez,13/01/1973,52,M,Casado,Postgrado,Empleado Privado,Manufactura,Cusco,Cusco,Sur,3188.85,1553.56,76984.63,567,Regular,Digital,98,2016-12-08,16,Activo
1364,DNI,53170873,Víctor,Chávez,García,30/09/1987,37,M,Soltero,Secundaria,Independiente,Servicios,Trujillo,La Libertad,Norte,1039.86,510.9,50921.44,555,Regular,Agencia,107,2016-03-07,10,Activo
1365,DNI,32234874,Alejandra,Reyes,Medina,1984/02/02,40,F ,Casado,Universitario,Empleado Público,Servicios,ChiClaYo,Lambayeque,Norte,2270.7,1359.07,133050.82,572,Regular,Digital,100,2016-09-23,12,Activo
1366,DNI,26447893,Fabiola,Torres,Martínez,1995/03/06,29,F,Casado,Universitario,Empleado Privado,Finanzas,Cajamarca,Cajamarca,Norte,3458.38,1921.44,105138.74,437,Regular,Agencia,6,2021/02/04,24,Inactivo
1367,DNI,81045734,José,López,Rodríguez,1984/03/10,40,M,Casado,Postgrado,Empleado Privado,Agricultura,Tarapoto,San Martín,Oriente,2908.41,1195.22,86005.61,403,Regular,Agencia,169,2011/01/23,23,Activo
1368,CE,56651837,Ricardo,Cusi,Romero,1992-04-02,32,M,Casado,Universitario,Empresario,Salud,Víctor Larco Herrera,La Libertad,Norte,11924.51,7371.07,583009.74,560,Regular,Digital,34,2022-03-01,11,Activo
1369,DNI,38062502,Rocío,Condori,Morales,29/05/1983,41,F,Soltero,Universitario,Empleado Privado,Finanzas,Pisco,Ica,Sur,-3192.14,2045.82,84424.22,471,Regular,Digital,104,31-05-2016,20,Activo
1370,DNI,12156038,Pablo,Rivera,Ortiz,1966/09/24,58,M,Casado,Secundaria,Empleado Privado,Tecnología,Wanchaq  ,Cusco,Sur,2889.16,1906.72,76947.02,525,Regular,Agencia,104,28-05-2016,17,Activo
1371,DNI,47691161,Víctor,Chávez,Medina,1969/06/10,55,M,Soltero ,Secundaria,Empleado Privado,Transporte,Arequipa,Arequipa,Sur,2121.19,1009.45,105473.65,592,Regular,Agencia,123,2014/11/12,7,Activo
1372,CE,4158933,Adriana,Rojas,Vargas,2001-07-11,23,F,Soltero,Secundaria,Independiente,Tecnología,Miraflores,Lima,Lima y Callao,6246.79,3190.91,213270.65,446,Regular,Digital,164,2011-06-25,3,Activo
1373,DNI,73801012,Miguel,Cruz,Condori,1985/08/03,39,M,Conviviente,Universitario,Empleado Privado,Salud,Cayma,Arequipa,Sur,1081.92,411.24,57185.48,455,Regular,Agencia,151,2012-07-27,6,Activo
1374,CE,505519193,Rocío,López,Medina,1995/02/08,29,F,Viudo,Universitario,Empresario,Tecnología,El Tambo,Junín,Centro,3591.13,2051.53,142188.8,483,Regular,Digital,30,2022-07-09,19,Activo
1375,DNI,28507196,Paola,González,Mamani,1972/01/11,53,F,Soltero,Postgrado,Empleado Público,Manufactura,Lima,Lima,Lima y Callao,2483.87,1454.17,98700.61,541,Regular,Agencia,153,2012-05-11,5,Activo
1376,DNI,37177588,Gabriela, Laime,Jiménez,16-10-1996,28,F,Casado,Secundaria,Pensionista,Salud,La Esperanza,La Libertad,Norte,850.0,334.45,45321.78,562,Regular,Agencia,11,2022-12-19,9,Activo
1377,DNI,71211860,Luis,Gómez,Álvarez,1991/11/03,33,M,Viudo,Secundaria,Independiente,Servicios,El Tambo,Junín,Centro,6927.24,4072.48,385682.41,469,Regular,Telemarketing,95,2017/03/11,19,Activo
1378,DNI,20623145,Héctor,Cruz,Cruz,1982/10/03,42,M,Casado,Universitario,Empleado Privado,Tecnología,Cajamarca,Cajamarca,Norte,4864.26,2353.6,186560.22,562,Regular,Referido,131,2014/03/05,24,Bloqueado
1379,DNI,11203608,María,Medina,Sánchez,24-03-1984,40,F,Soltero,Universitario,Independiente,Servicios,Trujillo,La Libertad,Norte,1750.14,1146.79,18406.08,480,Regular,Telemarketing,92,2017/06/11,10,Inactivo
1380,DNI,83469544,Gabriela,Ortiz,Álvarez,1978/12/22,46,F,Casado,Técnico,Empresario,Educación,Los Olivos,Lima,Lima y Callao,10088.22,6098.03,443611.12,529,Regular,Agencia,66,30-07-2019,4,Activo
1381,DNI,98590742,Valeria,Condori,Martínez,16-06-1975,49,F,Casado,tecnico,Empresario,Agricultura,Piura,Piura,Norte,16141.94,9710.01,512508.91,566,VIP,Agencia,153,2012-05-21,14,Activo
1382,DNI,47669195,Víctor,Jiménez,Quispe,1979/02/13,45,M,Soltero,Secundaria,Empleado Público,Agricultura,Arequipa,Arequipa,Sur,1175.44,608.81,28730.33,365,Regular,Digital,173,2010-09-22,7,Activo
1383,CE,629761166,Rosa,mamani,Chávez,1978/02/02,46,F,Soltero,Universitario,Independiente,Educación,San Juan de Lurigancho,Lima,Lima y Callao,2248.38,1494.82,55419.82,465,Regular,Digital,35,2022-01-21,1,Activo
1384,DNI,65627740,Alejandro,Ramírez,Gutiérrez,1980-06-21,44,M,Soltero,Universitario,Empresario,Salud,Piura,Piura,Norte,5615.49,3202.17,229274.74,579,Regular,Campaña Institucional,124,2014/10/05,14,Activo
1385,DNI,85894961,Patricia,Vargas,Flores,24-08-1981,43,F,Casado,Secundaria,Empleado Privado,Comercio,Cajamarca,Cajamarca,Norte,1975.49,879.06,31353.64,542,Regular,Agencia,100,2016/09/18,24,Activo
1386,DNI,59934232,Silvia,Cruz,Castillo,1985-10-01,39,F,Soltero,Universitario,Independiente,Servicios,La Esperanza,La Libertad,Norte,3294.71,1450.64,46749.98,458,Regular,Agencia,96,2017/01/13,9,Activo
1387,DNI,8783437,Óscar,Gutiérrez, Ortiz ,16-09-1990,34,M,Conviviente,,Independiente,Tecnología,TarApoTo,San Martín,Oriente,2323.63,1472.5,52078.39,476,Regular,Agencia,165,2011/05/19,23,Inactivo
1388,DNI,81810096,Jorge,Sánchez,Torres,1977/06/08,47,mas,Soltero,Técnico,Pensionista,Educación,Cusco,cusco,Sur,976.73,417.19,12523.57,391,Regular,Agencia,160,23-10-2011,16,Activo
1389,DNI,48882372,Cecilia,Reyes,Castillo,1988-07-08,36,F,Soltero,Técnico,Empleado Público,Construcción,Chiclayo,Lambayeque,Norte,2766.94,1451.35,62744.57,483,Regular,Agencia,33,2022-04-03,12,Activo
1390,DNI,38828720,Luis,Quispe,Apaza,28/01/1985,39,M,Conviviente,Técnico,Independiente,Salud,SANTIAGO DE SURCO  ,Lima,Lima y Callao,4545.81,1998.8,42333.3,448,Regular,Digital,64,2019/09/21,2,Inactivo
1391,DNI,20753136,Rocío,Ramírez, Cusi ,2001-04-02,23,F,Casado,Universitario,Pensionista,Servicios,Wanchaq,Cusco,Sur,850.0,404.39,38039.2,429,Regular,Agencia,115,20/07/2015,17,Activo
1392,DNI,10614452,Jorge,Sánchez,Martínez,1994/05/07,30,M,Casado,Universitario,Empresario,Educación,La Esperanza, La Libertad ,Norte,4693.58,2852.75,267109.4,521,Regular,Telemarketing,68,2019/05/25,9,Activo
1393,DNI,33497296,Eduardo,Reyes,Reyes,1983-12-07,41,M,Conviviente,,Independiente,Servicios,Los Olivos,Lima,Lima y Callao,2869.15,1652.47,94391.86,586,Regular,Agencia,175,2010-07-21,4,Activo
1394,DNI,86188817,Rodrigo,Ramos,Cruz,13/08/1987,37,M,Casado,Secundaria,Empleado Privado,Construcción,Tarapoto,San Martín,Oriente,3149.65,1801.25,84862.35,453,Regular,Agencia,139,2013-07-10,23,Activo
1395,DNI,33122239,Víctor,Ortiz,Reyes,1993-05-20,31,M,Casado,Universitario,Empleado Público,Salud,Cusco,Cusco,Sur,1530.75,1031.51,53237.02,463,Regular,Agencia,74,15-11-2018,16,Activo
1396,DNI,66656007,Sofía,Apaza,Reyes,24/06/1978,46,F,CASADO,Universitario,Independiente,Construcción,La Esperanza,La Libertad,Norte,12440.27,5960.0,404596.51,474,Regular,Telemarketing,2,2021-06-09,9,Activo
1397,CE,278472643,Roberto,Cusi,Ramírez,1987/11/10,37,M,Casado,Secundaria,Independiente,Comercio,Wanchaq,Cusco,Sur,2146.7,1453.18,113030.85,501,Regular,Telemarketing,107,2016/02/20,17,Activo
1398,DNI,53123443,Óscar,Castro,Laime,1979/10/19,45,M,Conviviente,Universitario,Independiente,Agricultura,Chiclayo,Lambayeque,Norte,5859.55,2295.41,169454.72,365,Regular,Digital,9,19/05/2020,13,Bloqueado
1399,DNI,81704836,Alejandro,Ramos,Castro,2004-07-10,20,M,Soltero,Postgrado,Empleado Privado,Servicios,San juan de lurigancho  ,Lima,Lima y Callao,1852.38,1277.03,32284.04,514,Regular,Agencia,100,2016-09-21,1,Activo
1400,DNI,31363659,David,Herrera,Choque,2001-02-20,23,Masculino,Casado,Técnico,Independiente,Salud,Miraflores,Lima,Lima y Callao,850.0,478.78,18204.0,487,Regular,Digital,160,2011-11-03,3,Activo
1401,Pasaporte,195380884,Óscar,Reyes,Herrera,31/03/1980,44,M,Soltero,Universitario,Empleado Público,Construcción,Miraflores,Lima,Lima y Callao,1384.98,618.75,66934.71,454,Regular,Agencia,125,17/09/2014,3,Activo
1402,DNI,4423647,Diego,Rojas,Torres,1994-07-06,30,M,Casado,Universitario,Empresario,Agricultura,Los Olivos,Lima,Lima y Callao,5571.94,2176.46,66304.89,461,Premium,Campaña Institucional,86,2017/11/29,4,Activo
1403,DNI,49915738,  Manuel,Apaza,Rojas,1977-11-24,47,M,Casado,Secundaria,,Salud,La Esperanza,La Libertad,Norte,1073.73,540.12,54333.08,465,Regular,Digital,118,2015/04/01,9,Activo
1404,DNI,26432058,Ricardo,Medina,Romero,1996-10-07,28,M,Divorciado,Universitario,Estudiante,Salud,Santiago de Surco,Lima,Lima y Callao,850.0,481.86,24232.63,434,Regular,Campaña Institucional,47,27-01-2021,2,Inactivo
1405,DNI,77011549,Elena, MamAni ,Sánchez,1973-02-07,51,F,Soltero,Postgrado,Empresario,Otro,Iquitos,Loreto,Oriente,2007.9,1177.82,53850.71,523,Regular,Digital,114,2015-08-02,22,Activo
1406,DNI,8597358,José,García,Castro,27-04-1976,48,M,Casado,Postgrado,Empleado Privado,Finanzas,Iquitos,Loreto,Oriente,7534.62,4088.91,329780.65,480,Regular,Agencia,141,20-05-2013,22,Activo
1407,DNI,65964587,Sandra,Álvarez,Gutiérrez,26/08/1979,45,F,Casado ,Técnico,Empresario,Finanzas,Lima,Lima,Lima y Callao,1987.52,787.73,55450.41,379,Regular,Agencia,126,2014/08/14,5,Activo
1408,DNI,24053772,César,Pérez,Jiménez,1972/07/16,52,M,Casado,Secundaria,Empresario,Agricultura,La Esperanza,La Libertad,Norte,6149.81,3929.28,125504.69,595,Regular,Referido,82,18/03/2018,9,Activo
1409,CE,805383385,Valeria,Cruz,Ortiz,21-07-1999,25,F,Conviviente,Universitario,Empresario,Construcción,Huancayo,Junín,Centro,6826.45,3111.82,340270.79,593,Premium,Referido,9,2024/03/12,18,Activo
1410,DNI,41506324,Pablo,Ramos,Apaza,1977/12/22,47,M,Viudo,Técnico,Independiente,Comercio,Cusco,Cusco,Sur,2937.38,1376.29,142761.85,496,Regular,Referido,57,2020-12-04,16,Inactivo
1411,DNI,46603327,Alejandro,Cruz ,Cusi,20-05-2001,23,M,Soltero,Universitario,Independiente,Finanzas,Chiclayo,Lambayeque,Norte,5156.3,2672.0,95436.57,431,Premium,Digital,120,2015-02-14,13,Activo
1412,DNI,81951648,Ana,Laime,Chávez,1976/12/08,48,F,Soltero,Universitario,Empleado Privado,Salud,Cusco,Cusco,Sur,1362.97,556.65,23593.07,429,Regular,Digital,112,19/10/2015,16,Activo
1413,DNI,78935052,Ricardo,Rodríguez,Castro,1965/12/02,59,M,Casado,Secundaria,Empleado Privado,Salud,Chimbote,Ancash,Centro,2702.63,1212.91,66794.06,593,Regular,Agencia,96,2017-02-03,21,Activo
1414,CE,923613912, Valeria ,Castro,Mamani,1983-12-12,41,F,Soltero,Técnico,Empleado Público,Transporte,Huancayo,Junín,Centro,1002.37,585.07,55675.37,552,Regular,Digital,175,14-08-2010,18,Activo
1415,DNI,7910651,Adriana,Sánchez,Reyes,1990-09-04,34,F,Conviviente,Universitario,Empleado Público,Agricultura,Víctor Larco Herrera,La lIbErTaD  ,Norte,2621.35,1780.57,81750.74,497,Regular,Agencia,178,2010-05-03,11,Activo
1416,DNI,57365404,Fernando,Cusi,Ramos,2001-05-26,23,M,Conviviente,Universitario,Empleado Público,Salud,San Juan de Lurigancho,Lima,Lima y Callao,1929.07,899.04,112633.06,599,Regular,Agencia,59,18-02-2020,1,Activo
1417,CE,678598444, Miguel,Romero,Choque,28/04/1977,47,M,Conviviente,Universitario,Empleado Privado,Otro,La Esperanza,La lIbErTaD,Norte,2872.41,1701.13,81225.83,555,Regular,Digital,63,2019-10-06,9,Activo
1418,DNI,52699015,Sandra,Rodríguez,Díaz,1980-10-08,44,F,Soltero,,Estudiante,Otro,Chiclayo,Lambayeque,Norte,850.0,332.16,34483.93,427,Regular,Agencia,112,20-10-2015,12,Activo
1419,DNI,65403079,Adriana,Rojas,Medina,1980-10-03,44,F,Casado,Secundaria,Empleado Privado,Transporte,Cayma,Arequipa,Sur,4852.49,-3333.69,246366.2,449,Regular,Agencia,63,2019/10/18,6,Activo
1420,DNI,50042318,Roberto,Quispe,Reyes,1965/10/24,59,M,Soltero,Secundaria,Empleado Privado,Educación,Pisco,Ica,Sur,3071.06,1310.45,180220.74,465,Regular,Telemarketing,92,2017/06/05,20,Activo
1421,DNI,73857797,Sofía,Apaza,Torres,1971-01-25,53,F,Conviviente,Universitario,Empleado Privado,Tecnología,Chiclayo,Lambayeque,Norte,2673.47,1219.11,155918.34,546,Regular,,77,19-08-2018,12,Activo
1422,DNI,26429518,Valeria,Vargas,Morales,1986/04/16,38,f,Casado,Universitario,Empresario,Transporte,Lima,Lima,Lima y Callao,5365.91,2682.52,66545.75,534,Premium,Digital,174,2010-09-10,5,Activo
1423,DNI,95448761,ISABEL,PérEz  ,Castillo,1979/07/23,45,F,Casado,Técnico,Independiente,Agricultura,Los Olivos,Lima,Lima y Callao,850.0,389.28,48209.22,427,Regular,Digital,148,22/10/2012,4,Activo
1424,DNI,50769555,Diana,Vargas,Rodríguez,28-04-1971,53,F,Casado,UNIVERSITARIO,Independiente,Manufactura,Tarapoto,San Martín,Oriente,2303.16,1357.51,52930.2,475,Regular,Agencia,75,2018/11/02,23,Activo
1425,DNI,74592541,Juan,Condori,Ramírez,1999-02-02,25,M,Soltero,Universitario,Empleado Privado,Construcción,Sullana,Piura,Norte,1446.28,752.59,36368.5,349,Regular,Telemarketing,116,2015-06-02,15,Activo
1426,Pasaporte,849674166,Claudia,Mamani,Mamani,1984/03/01,40,f,Soltero,Universitario,,Transporte,Víctor Larco Herrera,La Libertad,Norte,2079.75,1118.71,93497.52,430,REGULAR,Referido,94,2017/03/24,11,Activo
1427,DNI,6412272,JoRgE,Castillo,Herrera,1983/03/17,41,M,Casado,técnico,Empleado Privado,Manufactura,Sullana,Piura,Norte,3390.96,2266.94,191137.29,603,Regular,Referido,111,2015-11-05,15,Inactivo
1428,CE,583455955,Rosa,Díaz,Gutiérrez,2001-11-15,23,F,Conviviente,Universitario,Empleado Público,Servicios,Santiago de Surco,Lima,Lima y Callao,2872.18,1945.17,145316.35,533,Regular,Digital,87,30-10-2017,2,Activo
1429,DNI,95049108,Sandra,Reyes,HerRerA,1992/02/07,32,F,Casado,Universitario,Empleado Público,Agricultura,Piura,Piura,Norte,2115.41,1460.84,100996.17,467,Regular,Agencia,131,28-03-2014,14,Activo
1430,DNI,9316089,Andrés,Mamani,Choque,31-07-1980,44,M,Conviviente,Universitario,Independiente,Tecnología,Yanahuara,Arequipa,Sur,6808.44,2790.89,308737.28,532,Regular,Digital,58,15/03/2020,8,Activo
1431,DNI,20264009,Luis,Martínez,Herrera,1976/07/06,48,M,Casado,Universitario,Independiente,Manufactura,Miraflores,Lima,Lima y Callao,1803.93,1004.06,70453.02,413,Regular,Referido,28,2022-09-02,3,Inactivo
1432,Pasaporte,188938447,Diego,Martínez,Gómez,1986-01-09,39,M,Casado,Universitario,Independiente,Educación,Wanchaq,Cusco,Sur,5303.51,3524.88,192272.64,405,Regular,,44,2021-05-01,17,Activo
1433,DNI,64742644,Eduardo,Ramírez,García,1995-04-05,29,M,Conviviente,Técnico,Empleado Privado,Otro,Trujillo,La Libertad,Norte,2735.16,1487.93,35066.56,414,Regular,Digital,48,29-12-2020,10,Activo
1434,DNI,74499246,Paola,Castro,Álvarez,1992-09-08,32,Femenino,Casado,Universitario,Empleado Público,Agricultura,Miraflores,Lima,Lima y Callao,1646.27,1039.07,41185.74,416,Regular,Telemarketing,175,2010-07-26,3,Activo
1435,DNI,94026908,Sandra,Laime,Castillo,1994/09/03,30,F,Conviviente,Universitario,Empleado Privado,Agricultura,Chiclayo,Lambayeque,Norte,3680.82,1783.92,184116.4,400,Regular,Referido,80,2018/05/17,13,Activo
1436,DNI,24687220,Héctor,Apaza,González,2002/11/05,22,M,Soltero,Técnico,Independiente,Salud,El Tambo,Junín,Centro,,702.84,65776.81,495,Regular,Referido,38,2020-10-07,19,Activo
1437,DNI,4559657,Pablo,González,Reyes,22/04/1985,39,M,Casado,Universitario,Empleado Público,Otro,Wanchaq,Cusco,Sur,1712.43,1154.82,76641.33,504,Regular,Telemarketing,84,22/01/2018,17,Bloqueado
1438,DNI,76449436,Alejandra,Condori,Medina,2003/03/25,21,F,Conviviente,Secundaria,Independiente,Comercio,Miraflores,Lima,Lima y Callao,2772.52,1101.57,73009.35,478,Regular,Agencia,34,16/02/2022,3,Activo
1439,DNI,71520351,Daniela,Díaz,Ortiz,1987/09/03,37,F,Casado,Secundaria,Empleado Privado,Tecnología,Iquitos,Loreto,Oriente,,1811.13,71817.69,422,Regular,Agencia,131,16/03/2014,22,Inactivo
1440,DNI,43229876,Andrés,Álvarez,Herrera,27-02-1969,55,M,Casado,Postgrado,Empleado Privado,Construcción,Huancayo,Junín,Centro,3380.12,1526.51,181561.29,490,Regular,Telemarketing,82,2018/04/06,18,Activo
1441,Pasaporte,700522918,Ana,Gutiérrez,Ramírez,27/09/1983,41,F,Soltero,Técnico,Empleado Privado,Otro,Cajamarca,Cajamarca,Norte,2679.14,1100.2,77467.36,553,Regular,Referido,130,2014-04-09,24,Inactivo
1442,DNI,14358304,Cecilia,  Herrera,Rodríguez,22-07-1995,29,F,Conviviente,Secundaria,,Salud,Chiclayo,Lambayeque,Norte,3272.46,1738.94,145857.16,547,Regular,Digital,158,2011-12-21,12,Inactivo
1443,DNI,74537147,Rosa,Cruz,Martínez,1990-06-04,34,F,Soltero,Universitario,Empleado Privado,Comercio,Lima,Lima,Lima y Callao,4197.46,2394.69,67005.82,572,Regular,Agencia,28,2021-02-02,5,Activo
1444,DNI,16558062,Marco,  MorAleS,Pérez,1987/10/11,37,M,Soltero,Técnico,Empleado Público,Transporte,Santiago de Surco,Lima,Lima y Callao,2666.22,1364.02,76529.74,437,Regular,Agencia,45,2020/08/09,2,Activo
1445,DNI,56870690,Juan,Morales,Rojas,1973-02-25,51,M,Soltero,Postgrado,Empresario,Servicios,Los Olivos,Lima,Lima y Callao,6905.69,4275.76,106945.77,556,Regular,Campaña Institucional,2,2021/04/12,4,Activo
1446,DNI,30548495,Mónica,Quispe,Díaz,1990/10/09,34,F,Conviviente,Universitario,Estudiante,Educación,El Tambo,Junín,Centro,850.0,422.27,41971.74,500,Regular,Agencia,59,2020/02/02,19,Activo
1447,DNI,46855190,Fabiola,Chávez,Díaz,2004-10-23,20,Femenino,Soltero,SECUNDARIA,Empresario,Servicios,Lima,Lima,Lima y Callao,3951.13,2394.4,78289.71,529,Regular,Telemarketing,70,28-03-2019,5,Activo
1448,DNI,33633057,Enrique,Ramos,Cusi,28/04/1980,44,M,Casado,Técnico,Empleado Privado,Agricultura,Trujillo,La Libertad,Norte,7659.46,3685.27,81151.87,1200,Premium,Agencia,101,2016-08-21,10,Activo
1449,DNI,17047012,Óscar,Cusi,  Chávez,1990-11-09,34,M,Casado,Universitario,Empleado Público,Finanzas,Sullana,Piura,Norte,2003.99,1396.93,40342.2,492,Regular,Agencia,9,2020-05-12,15,Inactivo
1450,DNI,69750591,Claudia,Reyes,Laime,2001/05/11,23,F,Casado,Universitario,Empleado Privado,Finanzas,Chiclayo,Lambayeque,Norte,1523.67,891.99,79285.99,426,Regular,Agencia,98,27-11-2016,12,Activo
1451,DNI,79364708,Juan,Jiménez,Herrera,2004-03-10,20,M,Casado,Universitario,Empleado Privado,Agricultura,Arequipa,Arequipa,Sur,2430.65,1217.99,116651.9,441,Regular,Agencia,64,2019/09/07,7,Activo
1452,DNI,65094620,Ángela,Chávez,Jiménez,2003/10/22,21,F,Casado,Universitario,Estudiante,Transporte,Chiclayo,Lambayeque,Norte,850.0,413.86,15756.33,492,Regular,Digital,120,2015-02-22,12,Activo
1453,DNI,11868010,Alejandra,Torres,RiVeRa,15/06/1980,44,F,Conviviente,Universitario,Empleado Privado,Manufactura,chimbote ,Ancash,Centro,2458.96,1035.65,138883.89,523,Regular,Digital,169,2011-02-01,21,Activo
1454,DNI,28058777,Fabiola,Gutiérrez,Laime,1975/01/12,50,F,Conviviente,Universitario,Empresario,Servicios,Arequipa,Arequipa,Sur,7315.65,2937.36,236312.87,484,Premium,Agencia,35,18/04/2021,7,Activo
1455,DNI,77359569, PABLO ,Condori,Ramírez,22-11-1979,45,M,Casado,Postgrado,Empleado Privado,Construcción,Pisco,Ica,Sur,5295.97,2581.64,220677.44,465,Regular,Agencia,103,2016-07-07,20,Activo
1456,DNI,89250075,Rosa,Reyes,Herrera,1957-06-26,67,F,Soltero,Técnico,Empleado Privado,Agricultura,Cajamarca,Cajamarca  ,Norte,2604.81,1762.9,133791.49,516,Regular,Telemarketing,170,31/12/2010,24,Activo
1457,DNI,47793599,Diego,Díaz,Herrera,1991/04/07,33,M,Casado,Postgrado,Empleado Privado,Otro,Cajamarca,Cajamarca,Norte,2967.59,1251.82,41179.15,379,Regular,Digital,128,2014/06/19,24,Activo
1458,DNI,46912671,Pablo,Mamani,Torres,1989-10-11,35,M,Casado,Universitario,Empleado Público,Finanzas,Pisco,Ica,Sur,1290.97,809.91,66875.31,502,Regular,,52,2019-12-10,20,Activo
1459,DNI,87533552,Juan, Reyes,González,1971/09/11,53,M,Casado,Secundaria,Independiente,Construcción,Víctor Larco Herrera,La Libertad,Norte,3970.85,2116.8,76522.16,377,Regular,Digital,165,2011/06/01,11,Activo
1460,DNI,51739222,Paola,Ortiz,Mamani,1958/05/04,66,F,Casado,Secundaria,Empleado Privado,Otro,El Tambo,Junín,Centro,3901.76,1715.27,63198.63,475,Regular,Digital,171,2010/11/27,19,Activo
1461,DNI,57779174,María,Morales,Laime,1981/02/12,43,F,Soltero,Postgrado,Empleado Privado,Otro, CHICLAYO ,Lambayeque,Norte,3134.2,1914.34,162626.21,454,Regular,Agencia,165,24/05/2011,12,Activo
1462,DNI,72094803,David,Morales,Condori,21-01-1980,44,M,Casado,Universitario,Empleado Privado,Transporte,Santiago de Surco,Lima,Lima y Callao,2134.08,1282.11,71998.72,468,Regular,Digital,151,2012/08/02,2,Activo
1463,DNI,55069439,Víctor,Ortiz,Díaz,29/09/1991,33,MASCULINO,Casado,Técnico,Independiente,Servicios,Sullana,Piura,Norte,850.0,433.69,23488.48,479,Regular,Agencia,2,2022-08-04,15,Activo
1464,CE,181889699,Jorge,Huanca,Mamani,1975/09/02,49,M,casado,Técnico,Independiente,Construcción,Lima,Lima,Lima y Callao,3521.28,1731.13,182253.23,545,Regular,Referido,30,2022/06/16,5,Inactivo
1465,DNI,70347560,Daniela,Romero,Vargas,1979/09/27,45,F,Casado,Universitario,Empleado Público,Educación,Miraflores,Lima,Lima y Callao,1743.89,1107.2,94453.31,557,Regular,Agencia,26,2022/11/10,3,Inactivo
1466,DNI,54692239,mónica,gómez ,ramos,20/07/1999,25,F,Soltero,Técnico,Empresario,Servicios,San Juan de Lurigancho,Lima,Lima y Callao,2910.89,1370.52,173009.97,430,Regular,Referido,46,19-03-2021,1,Activo
1467,DNI,6039810,Eduardo,Medina,Medina,14-12-1970,54,M,Casado,Postgrado,Empresario,Transporte,La Esperanza,La libertad,Norte,11016.76,7011.73,618566.21,569,Regular,Agencia,121,2015-01-02,9,Activo
1468,DNI,80956418,Eduardo,Pérez,Gómez,1971-01-14,54,m,Divorciado,Postgrado,Empresario,Agricultura,Cusco,Cusco,Sur,3692.02,1598.45,151083.42,547,Regular,Agencia,87,2017/10/27,16,Activo
1469,DNI,58179157,Pablo,Herrera,García,1984-10-31,40,M,Casado,Universitario,Empleado Público,Transporte,Miraflores,Lima,Lima y Callao,2916.02,2023.04,113895.89,499,Regular,Agencia,85,2017-12-10,3,Activo
1470,DNI,41401385,Lucía,Pérez,Torres,1987/02/15,37,F,Casado,Técnico,Independiente,Finanzas,El Tambo,Junín,Centro,3276.43,1926.97,53476.86,530,Regular,Digital,156,2012/03/01,19,Activo
1471,DNI,2098446,Roberto,Álvarez, vargas ,23/10/1991,33,M,Casado,Universitario,Empleado Privado,Tecnología,Tarapoto,San martín,Oriente,2574.3,1077.67,42319.12,416,Regular,Agencia,8,2020-10-10,23,Activo
1472,DNI,59164491,Luis,Cusi,Flores,13-05-2004,20,M,Conviviente,Postgrado,Empleado Privado,Manufactura,Iquitos,Loreto,Oriente,2623.85,1668.17,37994.56,488,Regular,Referido,99,2016/10/30,22,Activo
1473,DNI,82342840,María,Sánchez,Sánchez,1979-10-07,45,F,Divorciado,Secundaria,Empleado Privado,Agricultura,Los Olivos,Lima,Lima y Callao,1099.03,528.29,16644.25,470,Regular,Agencia,92,30-05-2017,4,Inactivo
1474,DNI,70776042,Luis,Morales,Rivera,31/12/2004,20,M,Casado,universitario,Estudiante,Otro,La Esperanza,La Libertad,Norte,950.53,456.45,53932.38,392,Regular,Campaña Institucional,41,2020-11-04,9,Inactivo
1475,DNI,77210752,Rocío,Huanca,Castro,18/01/1967,57,F,Divorciado,Universitario,Empleado Público,Comercio,Huancayo,Junín,Centro,,1819.29,36686.21,482,Regular,Agencia,180,20/02/2010,18,Activo
1476,DNI,25426541,Daniela,González,Rodríguez,1996-01-21,28,fem,Casado,Universitario,Independiente,Tecnología,Cusco,Cusco,Sur,2664.12,1697.7,104204.46,420,Regular,Digital,38,2020-03-27,16,Activo
1477,CE,936327868,José,Cruz,Choque,1981-08-01,43,M,Soltero,Universitario,Independiente,Comercio,Huancayo,Junín,Centro,1675.82,754.54,70708.45,389,Regular,Agencia,44,2019-12-02,18,Activo
1478,DNI,21353470,César,Cruz,Pérez,14-04-2004,20,M,Casado,Universitario,Independiente,Otro,Miraflores,Lima,Lima y Callao,2277.53,1133.09,46083.0,423,Regular,Agencia,110,2015-11-28,3,Activo
1479,DNI,68662138,Iván,Choque,Ramos,1989-03-26,35,M,Conviviente,Universitario,Empleado Privado,Finanzas,Chiclayo,LAMBAYEQUE  ,Norte,3819.72,2157.83,152107.78,544,Regular,Agencia,51,28/09/2020,13,Activo
1480,DNI,30591541,Rocío,Gutiérrez,Jiménez,1986-08-21,38,F,Casado,Técnico,Independiente,Transporte,Víctor Larco Herrera,La Libertad,Norte,1781.65,769.89,48605.09,508,Regular,Agencia,87,2017/11/05,11,Activo
1481,DNI,90504173,Rosa,Rodríguez,Álvarez,1999-04-28,25,F,Casado,Postgrado,Empleado Privado,Construcción,Piura,Piura,Norte,2774.41,1149.5,55433.85,493,Regular,Agencia,59,14-02-2020,14,Activo
1482,DNI,81281718,Enrique,Huanca,Condori,1974-05-20,50,M,Viudo,Universitario,Empresario,Finanzas,Arequipa,Arequipa,Sur,1903.17,1306.51,113502.09,476,Regular,Referido,174,2010-09-11,7,Activo
1483,DNI,73114933,Adriana,Romero,Vargas,1993-10-29,31,F,Conviviente,,Pensionista,Comercio,Sullana  ,Piura,Norte,999.68,418.27,54946.62,494,Regular,Campaña Institucional,82,2018-03-20,15,Activo
1484,DNI,81803648,ricardo,  LÓPEZ,Castro,28/07/1965,59,M,Conviviente,Universitario ,Independiente,Otro,San Juan de Lurigancho,Lima,Lima y Callao,1861.54,1053.76,40003.79,484,Regular,Agencia,7,13/02/2022,1,Activo
1485,Pasaporte,168787321,Jorge,Ramos,González,18/01/1969,55,M,Soltero,Universitario,Empleado Privado,Salud,Lima,Lima,Lima y Callao,3628.99,2010.72,113523.69,579,Regular,Telemarketing,133,2014-01-20,5,Inactivo
1486,DNI,10651004,Jorge,Rodríguez,Gutiérrez,1979/10/08,45,M,Conviviente,Secundaria,Independiente,Comercio,Cajamarca,Cajamarca,Norte,1061.01,628.73,22601.92,416,Regular,Digital,53,15-08-2020,24,Activo
1487,DNI,39567217,Andrés,Herrera,Castillo,18-05-1989,37,M,Casado,Universitario,Independiente,Tecnología,Lima,Lima,Lima y Callao,3173.25,1341.05,144316.51,526,Regular,Referido,176,2010-06-27,5,Activo
1488,DNI,87712398,Fabiola,Choque,Huanca,1960/04/08,64,F,Soltero,Postgrado,Empresario,Manufactura,Sullana,PIURA,Norte,11097.8,7140.49,372192.91,616,Regular,Digital,95,2017/02/14,15,Activo
1489,DNI,68173418,Ana,Gutiérrez,Condori,1989-05-11,35,F,Casado,Universitario,Empleado Privado,Salud,La Esperanza,La Libertad,Norte,1512.91,708.0,21300.67,522,Regular,Campaña Institucional,82,28/03/2018,9,Activo
1490,DNI,91853620,Marco,Martínez,Morales,1977/02/26,47,M,Casado,Técnico,Independiente,Agricultura,Víctor Larco Herrera,La Libertad,Norte,2609.41,1080.87,139789.71,517,Regular,Digital,131,19/03/2014,11,Activo
1491,DNI,7153784,Alejandra,Pérez,Laime,1979/08/04,45,F,Soltero,Universitario,Empleado Privado,Transporte,  PiuRa,Piura,Norte,5535.13,3773.91,109877.85,569,Premium,Agencia,117,2015-05-23,14,Activo
1492,DNI,78889221,Claudia,Vargas,Gutiérrez,1976-08-21,48,F,Divorciado,Secundaria,Pensionista,Comercio,Wanchaq,Cusco,Sur,-1536.5,1001.51,48260.13,523,Regular,Digital,152,2012-06-16,17,Activo
1493,DNI,75780410,Gabriela,Rodríguez,Ramos,1988/05/01,36,F,Conviviente,Postgrado,Independiente,Tecnología,Cayma,Arequipa,Sur,3780.32,1518.84,54774.39,404,Regular,Digital,76,22-09-2018,6,Activo
1494,DNI,86711018,Gabriela,Gutiérrez,Flores,1970/06/07,54,F,Casado,Universitario ,Empleado Privado,Manufactura,Cusco,Cusco,Sur,1709.98,809.76,86924.67,520,Regular,Agencia,16,2020-06-19,16,Activo
1495,DNI,89974903,Diana,Chávez,Chávez,1993/09/16,31,F,Casado,Secundaria,Independiente,Manufactura,Trujillo,La Libertad,Norte,3149.03,1226.0,65191.99,470,Regular,Digital,97,22/12/2016,10,Activo
1496,DNI,11301864,Víctor,Condori,Laime,2002/10/25,22,M,Soltero,Técnico,Empleado Privado,Agricultura,Sullana,Piura,Norte,2982.55,1936.49,48806.09,427,Regular,Telemarketing,6,2020/01/07,15,Activo
1497,DNI,37432567,Rosa,Condori,  TORRES,1972-10-20,52,F,Soltero,Postgrado,Empleado Público,Transporte,Cusco,Cusco,Sur,2271.15,1295.23,124168.1,544,Regular,Agencia,15,2023/10/08,16,Activo
1498,DNI,2060713,Rodrigo,flores ,Reyes,1994/11/06,30,M,Divorciado,Universitario,Empleado Privado,Manufactura,Miraflores,Lima,Lima y Callao,1928.53,940.54,26381.28,443,Regular,Agencia,30,2021/02/06,3,Activo
1499,DNI,42561161,Lucía,González,Ramos,1972-08-31,52,F,Conviviente,Técnico,Empleado Privado,Finanzas,Yanahuara,Arequipa,Sur,7088.31,4654.72,345747.49,467,Regular,Digital,94,17/03/2017,8,Activo
1500,Pasaporte,682950814,Jorge,Álvarez,Pérez,16-04-1970,54,M,Conviviente,Universitario,Empleado Privado,Otro,Sullana,Piura,Norte,1050.12,676.96,25579.19,437,Regular,Agencia,82,2018/03/21,15,Activo
1501,CE,528805075,Patricia,Díaz,Jiménez,1994-03-30,30,F,SOLTERO,Técnico,Empleado Público,Otro,Santiago de Surco,Lima,Lima y Callao,1116.75,506.55,29131.84,400,Regular,Digital,178,13/05/2010,2,Activo
1502,DNI,77774449,Ángela,Romero,Reyes,1978-07-12,46,F,Casado,,Empleado Privado,Manufactura,Lima,Lima,Lima y Callao,2636.76,1668.48,61499.52,515,Regular,Agencia,92,2017/06/06,5,Activo
1503,DNI,75537793,ana,Castro,García,1974-06-30,50,F,Divorciado,Universitario,Independiente,Tecnología,Chiclayo,Lambayeque,Norte,2978.75,1964.82,166941.9,537,Regular,Agencia,77,2018/08/18,13,Activo
1504,DNI,53960160,Pablo,RODRÍGUEZ,Sánchez,1983/11/01,41,M,Casado,Postgrado,Empleado Privado,Manufactura,Sullana,  Piura,Norte,1561.48,1036.05,33129.16,542,Regular,Agencia,41,23/07/2021,15,Activo
1505,DNI,60325039,Carlos,Romero,Laime,1990/10/28,34,M,Soltero,Universitario,Empleado Público,Finanzas,Los Olivos,Lima,Lima y Callao,1363.39,577.46,58296.24,483,Regular,Digital,123,15/11/2014,4,Activo
1506,CE,964549595,Patricia,Quispe,Choque,1993-03-21,31,F,Conviviente,Universitario,Empleado Público,Servicios,Miraflores,Lima,Lima y Callao,1636.81,981.13,33759.99,508,Regular,,128,2014-06-09,3,Activo
1507,CE,239362761,Paola,Chávez,Flores,1978/06/02,46,F,Casado,Postgrado,Independiente,Agricultura,Lima,Lima,Lima y Callao,1281.59,703.99,19097.72,464,Regular,Referido,175,2010/08/09,5,Activo
1508,DNI,10502289,Juan,Gutiérrez,Medina,1970-07-26,54,M,Soltero,Técnico,Independiente,Otro,Chiclayo,Lambayeque,Norte,3601.05,1482.82,59400.29,622,Regular,Agencia,60,2020-01-11,13,Activo
1509,DNI,43373278,Lucía,Apaza,Ramírez,1968/06/02,56,F,Conviviente,Universitario,Independiente,Finanzas,Cayma,Arequipa,Sur,5746.22,3838.33,192493.45,439,Regular,Agencia,53,2020-01-01,6,Activo
1510,DNI,48696537,Juan,García,Ramírez,1973-07-03,51,M,Soltero,Postgrado,Empleado Privado,Salud,La Esperanza,La Libertad,Norte,2962.81,1544.0,49144.04,472,Regular,Agencia,50,2020/10/25,9,Inactivo
1511,DNI,93377312,Carlos,choque ,Laime ,1980/03/31,44,M,Casado,Postgrado,Empleado Privado,Agricultura,Iquitos,Loreto  ,Oriente,4638.43,2588.04,90648.97,522,Regular,Telemarketing,146,23/12/2012,22,Activo
1512,DNI,907220,Juan,Rivera,Quispe,31-01-1993,31,M,Casado,,Empresario,Servicios,San Juan de Lurigancho,Lima,Lima y Callao,8208.72,4099.42,338386.92,467,Regular,Telemarketing,135,2013-11-25,1,Inactivo
1513,DNI,33159987,Óscar,Gutiérrez,Jiménez,1980/10/11,44,M,Conviviente,Secundaria,Empleado Privado,Transporte,El Tambo,Junín,Centro,2484.56,1735.98,110272.64,478,Regular,Digital,106,2016/03/24,19,Activo
1514,DNI,2413007,FeRnAnDo,García,Choque,1973-04-19,51,M,Casado,Universitario,Empleado Público,Salud,Pisco,Ica,Sur,1486.78,942.91,78670.96,626,Regular,Digital,73,31/12/2018,20,Activo
1515,DNI,97236694,Valeria,Castillo,Cusi,16-07-2004,20,F,Casado ,Secundaria,Pensionista,Construcción,Los Olivos,Lima,Lima y Callao,850.0,324.33,21774.06,472,Regular,Digital,78,26/07/2018,4,Inactivo
1516,DNI,4621764,Miguel,Chávez,Ramírez,1975-12-24,49,M,Casado,Postgrado,Empleado Privado,Finanzas,Huancayo,Junín,Centro,2852.42,1967.16,56335.86,496,Regular,Telemarketing,70,2019/03/09,18,Inactivo
1517,DNI,69858574,Rosa,Castro,Medina,1978-05-28,46,F,Casado,Postgrado,Empleado Privado,Servicios,Iquitos,Loreto,Oriente,2614.44,1021.52,96492.35,570,Regular,Agencia,144,2013/02/11,22,Activo
1518,DNI,53770124,Alejandra,Flores,Castro,18-08-1972,52,F,Casado,Universitario,Pensionista,Servicios,Chimbote,Ancash,Centro,1598.22,865.09,64712.47,448,Regular,Digital,149,21/09/2012,21,Activo
1519,DNI,7936518,Elena,Apaza,Flores,1983-09-01,41,F,viudo,Técnico,Estudiante,Finanzas,San Juan de Lurigancho,Lima,Lima y Callao,850.0,591.35,26183.46,427,Regular,Agencia,70,2019-03-19,1,Activo
1520,DNI,25672123,Fabiola,Ramírez,López,22-09-1978,46,F,Soltero,Universitario,Independiente,Transporte,Arequipa,Arequipa,Sur,1649.11,1127.23,26830.76,528,Regular,Digital,88,2017/09/15,7,Activo
1521,DNI,5783690,Fabiola,Torres,Herrera,1995-09-11,29,F,Casado,Técnico,Empleado Privado,Manufactura,San Juan de Lurigancho,lima,Lima y Callao,6065.24,2896.63,155887.58,426,Regular,Telemarketing,2,2021/09/14,1,Activo
1522,DNI,97707060,Claudia,Rojas,castillo,1980/02/12,44,F,Soltero,Técnico,Empleado Privado,Educación,Cajamarca,Cajamarca,Norte,4296.07,2441.28,106564.96,463,Regular,Agencia,138,23/08/2013,24,Activo
1523,CE,368716387,César,Martínez,López,24/08/1972,52,m,Casado ,Universitario,Independiente,Transporte,Cusco,Cusco,Sur,1061.12,430.17,56366.27,579,Regular,Telemarketing,80,2018-05-09,16,Activo
1524,DNI,74142785,María,Vargas,Ortiz,1982-04-07,42,F,Conviviente,Universitario,Empresario,Agricultura,Lima,Lima,Lima y Callao,4010.38,2084.92,57512.19,494,Regular,Agencia,75,2018/10/10,5,Activo
1525,DNI,39982159,Diego,Gómez,Álvarez,29/09/1973,51,M,Divorciado,Secundaria,Independiente,Servicios,Chimbote,Ancash,Centro,1654.62,992.0,28038.05,458,Regular,Agencia,42,16-07-2021,21,Inactivo
1526,DNI,41766045,María,Chávez,Gutiérrez,1985-04-24,39,F,Casado,Universitario,Empleado Privado,Manufactura,Cusco,Cusco,Sur,1545.37,973.24,46106.57,581,Regular,Digital,19,2023-05-30,16,Inactivo
1527,DNI,57666476,Manuel,RamOs,Herrera,1989-05-29,35,M,Soltero,Técnico,Independiente,Comercio,Iquitos,Loreto,Oriente,,2123.72,193359.07,491,Regular,,116,29-05-2015,22,Activo
1528,DNI,98878298,Rodrigo,Ramírez,Castro,1994-08-02,30,MASCULINO,Casado,Postgrado,Empleado Privado,Salud,Cusco,Cusco,Sur,2581.69,1245.95,45495.48,513,Regular,Agencia,94,2017-04-11,16,Activo
1529,DNI,38640067,Carlos,Castro,González,24/01/1985,39,M,Soltero,Técnico,Independiente,Educación,Cayma,AreQuiPa,Sur,5253.65,2604.66,53118.6,545,Regular,Agencia,153,2012-05-12,6,Activo
1530,DNI,11184065,Luis,Ortiz,Morales,17-12-1971,53,M,Soltero,Universitario,Empleado Privado,Transporte,El Tambo,Junín,Centro,2452.11,1358.65,43833.33,445,Regular,Digital,62,21/11/2019,19,Activo
1531,CE,578351798,Marco,Jiménez,Flores,1990/03/24,34,mas,Soltero,Universitario,Empleado Público,Servicios,Piura,Piura,Norte,2144.08,1050.5,47978.0,525,Regular,Referido,156,2012-02-24,14,Activo
1532,DNI,86417825,Cecilia,Castro,Morales,2004-02-04,20,F,Conviviente,Técnico,Estudiante,Comercio,El Tambo,Junín,Centro,850.0,542.74,30783.32,460,Regular,Referido,91,2017-06-19,19,Activo
1533,DNI,84268517,Rosa,Castro,Ramírez,28/08/1986,38,F,Conviviente,Técnico,Empresario,Educación,Tarapoto,San Martín,Oriente,12070.03,8195.15,288944.21,544,Premium,Digital,44,28/10/2020,23,Activo
1534,DNI,95203872,Ana, Pérez ,García,1967/11/09,57,F,Soltero,Secundaria,Independiente,Transporte,Miraflores,Lima,Lima y Callao,2232.65,1513.24,116451.05,561,Regular,Digital,156,14/02/2012,3,Activo
1535,DNI,63393508,Daniela,Medina,Rivera,1963/08/13,61,F,Soltero,Secundaria,Empresario,Construcción,Santiago de Surco,Lima,Lima y Callao,,8812.96,427931.04,498,VIP ,Agencia,25,2021/10/06,2,Activo
1536,DNI,42024843,Carmen,Gutiérrez,García,1986/09/12,38,F,Divorciado,tecnico,Empleado Privado,Salud,Pisco,Ica,Sur,2324.21,1250.99,56467.15,508,Regular,Agencia,135,2013-11-03,20,Activo
1537,DNI,24404310,Elena,Reyes,Morales,1974/10/11,50,F,Conviviente,Secundaria,Empleado Público,Salud,El Tambo,Junín,Centro,1600.02,1045.76,66019.79,521,Regular,Agencia,156,2012/02/13,19,Activo
1538,DNI,17275735,Andrés,Morales,Ramírez,2004-04-30,20,mas,Casado,Universitario,Empleado Público,Servicios,Chiclayo,Lambayeque  ,Norte,3130.49,1833.79,104730.48,448,Regular,Agencia,88,2017/10/01,12,Inactivo
1539,DNI,70215013,Pablo,Álvarez,Castro,1982/11/18,42,M,Conviviente,Universitario,Empleado Privado,Manufactura,El Tambo,Junín,Centro,2439.78,1460.62,93114.4,550,Regular,Digital,33,28-03-2022,19,Activo
1540,DNI,91299037,Diego,Cusi,Castillo,22-04-2004,20,M,Conviviente,Universitario,Empleado Privado,Servicios,Arequipa,Arequipa,Sur,2353.98,1111.47,73482.03,448,Regular,Agencia,56,2020-05-04,7,Activo
1541,CE,220659100,Fabiola,Herrera,Vargas,1988/05/18,36,F,Casado,Universitario,Independiente,Manufactura,CajAmaRca,Cajamarca,Norte,,3040.77,171163.88,440,Premium,Agencia,23,2022-09-03,24,Inactivo
1542,DNI,722768,Marco,Ortiz,Reyes,23/10/1973,51,M,Soltero,Secundaria,Independiente,Tecnología,El Tambo,Junín,Centro,3196.54,1791.01,157614.58,572,Regular,Agencia,24,2021-01-02,19,Activo
1543,DNI,90063,Alejandra,Cusi,Vargas,1991-02-01,33,F,Casado,secundaria,Empleado Público,Tecnología,Arequipa,Arequipa,Sur,1466.57,583.76,81588.36,552,Regular,Referido,139,2013-07-08,7,Activo
1544,CE,34463324,Alejandra,Castillo,Chávez,1977-06-20,47,F,Viudo,Técnico,Empleado Público,Otro,Huancayo,Junín,Centro,1180.5,604.68,38874.55,483,Regular,Digital,169,2011/02/04,18,Inactivo
1545,Pasaporte,185176965,Luis,Castillo,Chávez,1978-06-16,46,M,Casado,Universitario,Independiente,Finanzas,Cusco,Cusco,Sur,4318.99,2101.31,139106.24,460,Regular,Digital,53,2020-04-18,16,Activo
1546,DNI,21092225,Rodrigo,Cruz,Cruz,21-05-2004,20,mas,Soltero,Técnico,Independiente,Transporte,Chiclayo,Lambayeque,Norte,2802.94,1202.75,105410.68,388,Regular,Digital,70,2019/03/17,13,Activo
1547,DNI,64302970,Manuel,Díaz,Quispe,2004-02-12,20,M,Casado,Técnico,Empleado Privado,Salud,La Esperanza,La Libertad,Norte,850.0,454.83,25064.0,496,Regular,Agencia,18,2020/04/12,9,Activo
1548,DNI,50149628,Carlos,Díaz,Herrera,1981-02-19,43,M,Soltero,Técnico,Independiente,Educación, ArEqUiPa ,Arequipa,Sur,2006.36,962.34,118184.42,564,Regular,Referido,156,2012/03/05,7,Activo
1549,DNI,90078244,SaNdRa,López,Cusi,1975/05/19,49,F,Casado,Postgrado,Empleado Público,Educación,Trujillo,La Libertad,Norte,4241.53,1900.09,254209.79,445,Regular,Digital,128,15/06/2014,10,Activo
1550,DNI,85592562,Héctor,García,Laime,21-02-1983,41,M,Casado,Universitario,Empleado Privado,Educación,Iquitos,Loreto,Oriente,1259.57,687.44,43189.48,471,Regular,Agencia,92,14-05-2017,22,Activo
1551,DNI,27047233,Jorge,Vargas,Romero,21-10-1985,39,M,Soltero,Técnico,Empleado Público,Educación,Piura,Piura,Norte,2649.55,1542.68,63103.93,506,Regular,Digital,139,2013/07/06,14,Activo
1552,DNI,88792449,Marco,Medina,Pérez,1975/04/09,49,M,Conviviente,Técnico,Empleado Privado,Comercio,Cayma,Arequipa,Sur,4263.65,2136.5,147891.1,620,Regular,Referido,129,2014-05-02,6,Activo
1553,DNI,8833183,Ángela,Herrera,Pérez,1986/04/19,38,F,Casado,Secundaria,Pensionista,Finanzas,Miraflores,Lima,Lima y Callao,,492.07,21121.22,492,Regular,,59,2020-02-05,3,Activo
1554,DNI,12201631,Luis,  Ramírez,Reyes,1992/05/01,32,M,Casado,Técnico,Pensionista,Comercio,Chimbote,Ancash,Centro,1751.96,1003.5,85535.17,455,Regular,Agencia,157,2012-01-22,21,Activo
1555,DNI,40982127,Daniela,Flores,Reyes,1989-12-03,35,F,Soltero,Técnico,Pensionista,Tecnología,Chimbote,Ancash,Centro,850.0,388.92,43307.88,513,Regular,Digital,176,2010-07-12,21,Activo
1556,DNI,69000191,Miguel,Gómez,Jiménez,1984-03-07,40,M,Conviviente,Técnico,Empleado Privado,Transporte,Iquitos,Loreto,Oriente,2035.28,1325.81,42199.52,575,Regular,Telemarketing,117,2015-05-08,22,Inactivo
1557,DNI,15474691,Lucía,Chávez,Ramos,1993-04-12,31,FEMENINO,Soltero,Postgrado,Empleado Privado,Comercio,Wanchaq,Cusco,Sur,2657.82,1852.98,129638.4,507,Regular,Telemarketing,124,2014-10-22,17,Activo
1558,DNI,80834912,Jorge,MAMANI,Flores,2002/04/09,22,M,Viudo,Secundaria,Pensionista,Educación,Santiago de Surco,Lima,Lima y Callao,1077.38,721.8,55889.99,397,Regular,Referido,12,2022/12/21,2,Activo
1559,DNI,62520213,Víctor,Reyes,Gómez,31-08-1973,51,M,Soltero,Técnico,Independiente,Finanzas,Cajamarca,Cajamarca,Norte,1269.77,704.52,19324.99,537,Regular,Agencia,90,2017/08/05,24,Activo
1560,DNI,16786290,Silvia,Reyes,Rivera,1969-07-01,55,F,Soltero,Secundaria,Empleado Público,Manufactura,Miraflores,Lima,Lima y Callao,3271.47,1270.98,153640.0,542,Regular,Digital,103,2016/07/02,3,Inactivo
1561,DNI,53040531,Cecilia,Romero,Cruz,1986-01-02,39,F,Casado,Técnico,Empleado Privado,Servicios,  Miraflores,Lima,Lima y Callao,2086.6,820.15,78905.53,563,Regular,Agencia,124,2014-10-04,3,Activo
1562,DNI,78467970,Andrés,García,Apaza,30-08-1991,33,M,Divorciado,Universitario,Empleado Público,Manufactura,Cusco,Cusco,Sur,1298.6,561.54,30053.63,528,REGULAR,Campaña Institucional,115,2015-07-21,16,Activo
1563,CE,727973282,Héctor,Chávez,Martínez,19/07/1992,32,M,Casado,Secundaria,Pensionista,Tecnología,San Juan de Lurigancho,Lima,Lima y Callao,850.0,386.18,21283.15,390,Regular,Telemarketing,22,2023/02/25,1,Activo
1564,DNI,99050240,Luis,Rivera,González,1988-10-03,36,M,Casado,Secundaria,Empleado Privado,Otro,Chiclayo,Lambayeque,Norte,2608.71,1347.91,47382.63,492,Regular,Digital,137,2013-09-30,13,Activo
1565,CE,863124079,Diego,González,Pérez,1971/05/24,53,M,Soltero,Universitario,Empleado Privado,Tecnología,Sullana,Piura,Norte,4015.75,2030.85,145048.87,497,Regular,Referido,146,21-12-2012,15,Inactivo
1566,DNI,67761952,Adriana,Apaza,Torres,1985/03/21,39,F,Soltero,Técnico,Empleado Privado,Comercio,La Esperanza,La Libertad,Norte,3592.41,1508.0,214945.77,555,Regular,Agencia,86,2017/11/16,9,Activo
1567,DNI,38045347,Miguel,Romero,CaStRo,1981/08/08,43,M,Casado,Secundaria,,Salud,Sullana,Piura,Norte,2269.85,1539.49,75188.53,434,Regular,Referido,11,25/01/2022,15,Activo
1568,DNI,35872729,Jorge,López,Jiménez,16-02-2000,24,M,Casado,Postgrado,Independiente,Manufactura,Wanchaq,Cusco,Sur,3210.79,-1928.76,114528.87,494,Regular,Digital,145,16/01/2013,17,Activo
1569,DNI,98464844,Héctor,Rodríguez,Rivera,20-01-1976,48,M,Soltero,Técnico,Empresario,Finanzas,Wanchaq,Cusco,Sur,5551.06,2162.72,279829.07,600,Premium,Digital,103,2016/06/25,17,Activo
1570,DNI,27353340,Adriana,Jiménez,Ramírez,1988-01-12,36,F,Conviviente,Universitario,Empleado Privado,Comercio,Piura,Piura,Norte,4383.5,1774.36,202159.22,480,Regular,Telemarketing,170,2010-12-31,14,Activo
1571,DNI,52636288,Eduardo,López,Torres,28/08/1990,34,M,Casado,Universitario,Independiente,Manufactura,Tarapoto,San Martín,Oriente,3316.74,1401.73,91106.71,500,Regular,Agencia,51,15-10-2020,23,Activo
1572,DNI,54944957,David,  Herrera,Torres,1978-02-12,46,M,Casado,Secundaria,Pensionista,Servicios,Lima,Lima  ,Lima y Callao,1115.27,496.39,59450.21,489,Regular,Digital,22,2020-05-25,5,Activo
1573,Pasaporte,647924642,Rodrigo,Ramos,Medina,19/09/1954,70,M,Casado,Universitario,Empleado Público,Salud,Pisco,Ica,Sur,4107.47,2742.78,48792.25,577,Regular,Agencia,29,2022-08-11,20,Activo
1574,DNI,14518347,Fernando,Apaza,Huanca,1981/07/04,43,m,Conviviente,Secundaria,Independiente,Otro,Yanahuara,ArEqUiPa,Sur,4755.44,2674.34,67286.0,522,regular,Telemarketing,1,2019-12-16,8,Activo
1575,DNI,43786243,Rocío,Rivera,Ortiz,29/07/1982,42,F,Divorciado,Postgrado,Independiente,Otro,Wanchaq,Cusco,Sur,1885.58,1318.48,17605.61,482,regular,Agencia,24,30-12-2019,17,Activo
1576,DNI,49121879,José,Álvarez,Medina,2004-11-08,20,M,Conviviente,Universitario,Independiente,Educación,Chimbote,Ancash,Centro,2252.03,1127.9,119303.05,427,Regular,Agencia,106,2016-04-10,21,Activo
1577,DNI,31600402,GabRieLa ,Romero,Pérez,1963-07-21,61,F,Conviviente,Técnico,Independiente,Tecnología,Víctor Larco Herrera,La Libertad,Norte,2704.05,1116.12,148237.05,450,Regular,Telemarketing,1,19/04/2022,11,Activo
1578,DNI,84250796,Alejandro,Cruz,Ramírez,1983/11/15,41,M,Divorciado,Universitario,Pensionista,Otro,Miraflores,Lima,Lima y Callao,850.0,339.34,24087.09,509,Regular,Referido,68,2019-05-09,3,Activo
1579,DNI,73723861,Lucía,Martínez,López,15-02-1979,45,F,Casado,,Empleado Privado,Transporte,LimA ,Lima,Lima y Callao,4702.65,1914.58,242579.97,453,Regular,Agencia,66,2019-07-19,5,Activo
1580,DNI,29305577,Silvia,Gutiérrez,Quispe,30/07/1982,42,F,Casado,Universitario,Independiente,Finanzas,Cusco,Cusco,Sur,896.93,541.04,17125.7,523,Regular,Digital,180,2010/02/24,16,Activo
1581,DNI,81504390,César,Castro,Rodríguez,17/05/1976,48,M,Conviviente,Técnico,Empleado Privado,Educación,El Tambo,Junín,Centro,3815.56,2213.92,38532.51,499,Regular,Referido,56,2020-05-07,19,Inactivo
1582,CE,75121018,Rocío,Álvarez,Medina,1978-06-09,46,F,Soltero,Técnico,Independiente,Otro,Iquitos,Loreto,Oriente,7386.27,4826.71,220077.44,488,Regular,Agencia,120,2015-01-24,22,Activo
1583,DNI,35653524,Rosa,Apaza,Rodríguez,1981-11-06,43,F,Casado,Técnico,Empresario,Salud,Wanchaq,Cusco,Sur,3012.0,1477.31,70048.62,462,Regular,Referido,90,2017-07-16,17,Inactivo
1584,DNI,52512258,César,Álvarez,Herrera,30-07-1981,43,M,Viudo,Técnico,Empleado Público,Finanzas,La Esperanza,La Libertad,Norte,3306.38,1492.91,176974.45,497,Regular,Telemarketing,144,2013-02-07,9,Activo
1585,DNI,65239674,Valeria,Rivera,Rivera,1985/05/10,39,F,Casado,Universitario,Independiente,Finanzas,La Esperanza,La Libertad,Norte,1714.16,999.44,29326.03,452,Regular,Digital,145,2013/01/12,9,Activo
1586,DNI,24269575,Adriana,Apaza,Castillo,1979-08-28,45,F,Soltero,Universitario,Empleado Privado,Transporte,Miraflores,Lima ,Lima y Callao,1377.92,524.02,51167.78,560,Regular,Agencia,88,21/09/2017,3,Bloqueado
1587,DNI,20408520,Elena,Mamani,Medina,1990-01-13,34,F,Casado,Técnico,Empleado Privado,Agricultura,Miraflores,Lima,Lima y Callao,3838.82,1656.56,87466.18,408,Regular,Telemarketing,80,2018-06-02,3,Activo
1588,DNI,38041917,Paola, ApaZa,HUANCA,1974/10/09,50,F,Soltero,universitario ,Empleado Público,Educación,Chiclayo,Lambayeque,Norte,2928.09,1601.11,122501.81,541,Regular,Agencia,155,2012/03/11,12,Activo
1589,DNI,60209313,Silvia,Cruz,López,1994/04/25,30,F,Casado,Universitario,Empresario,Comercio,YaNaHuArA,Arequipa,Sur,6056.62,2867.2,75801.84,432,Regular,Referido,108,28-01-2016,8,Activo
1590,DNI,65764554,Óscar,Morales,Álvarez,1986-05-07,38,M,casado ,Universitario,Independiente,Manufactura,Sullana,Piura,Norte,4648.53,2842.23,137067.33,530,Regular,Agencia,119,2015/03/10,15,Inactivo
1591,DNI,95533089,Andrés,Ortiz,Díaz,1982/07/12,42,M ,Divorciado,Secundaria,Independiente,Manufactura,Santiago de Surco,Lima,Lima y Callao,1178.65,720.17,16041.06,520,Regular,Agencia,36,2022-01-04,2,Inactivo
1592,DNI,6260674,David,González,Ramos,1982/02/10,42,M,Casado,Técnico,Empleado Público,Servicios,Sullana, PiuRa ,Norte,850.0,414.49,41517.59,547,Regular,Referido,6,2021-04-06,15,Activo
1593,DNI,42797302,Paola,Castro,Rivera,18/11/1983,41,F,Casado,Secundaria,Pensionista,Finanzas,Trujillo,La Libertad,Norte,1682.21,1126.12,50202.88,424,Regular,Agencia,144,25-02-2013,10,Activo
1594,DNI,12582848,Roberto,Martínez,Rivera,2004-09-10,20,M,Conviviente,Universitario,Independiente,Servicios,Pisco,Ica,Sur,2362.62,1483.71,63279.64,470,Regular,Digital,53,2020-08-10,20,Inactivo
1595,DNI,64464523,Sofía,Jiménez,Pérez,24-06-2003,21,F,Viudo,Secundaria,Independiente,Agricultura,Cajamarca,Cajamarca,Norte,988.58,481.26,37846.42,605,Regular,Agencia,180,2010-03-02,24,Activo
1596,DNI,79501467,Jorge,Apaza,Medina,1986-05-02,38,M,Conviviente,Universitario,Empleado Público,Finanzas,SaN JuAn dE LuRiGaNcHo ,Lima,Lima y Callao,2741.06,1331.26,92299.57,466,Regular,Referido,18,2023/06/24,1,Activo
1597,DNI,70734603,Rodrigo,Castillo,Martínez,2004-11-01,20,M,Soltero,Secundaria,Empresario,Otro,Tarapoto,San Martín,Oriente,4315.69,2603.47,47383.6,464,Regular,Agencia,80,16-05-2018,23,Activo
1598,DNI,83286785,Patricia,Pérez,Medina,1987-08-26,37,F,Conviviente,Postgrado,Empleado Público,Otro,Chiclayo,Lambayeque,Norte,1939.17,937.7,33410.58,513,Regular,Agencia,74,2018-11-13,12,Inactivo
1599,DNI,66894093,Alejandro,González,Jiménez,1984-07-11,40,M,Casado,Universitario,Independiente,Educación,Piura,Piura,Norte,948.06,393.58,23611.68,508,Regular,Agencia,174,2010-09-03,14,Activo
1600,DNI,32245182,David,Vargas,Torres,2004-01-15,20,M,Casado,Universitario,Empleado Público,Servicios,Arequipa,Arequipa,Sur,850.0,557.9,9971.41,512,Regular,Digital,151,27/07/2012,7,Activo
1601,DNI,87989631,Enrique,Castro,Laime,27-05-1976,48,M,Casado,Postgrado,Empresario,Comercio,Chiclayo,Lambayeque,Norte,5793.56,3855.23,214467.37,446,Regular,Agencia,149,2012/09/20,13,Activo
1602,DNI,42301274,Enrique,Reyes,Medina,1991-03-23,33,M,Casado,Postgrado,Empresario,Comercio,Chiclayo,Lambayeque,Norte,4565.22,3179.92,79354.52,410,Regular,Agencia,145,2013-01-10,12,Activo
1603,DNI,60622306,Elena,Pérez,Laime,27-04-1991,33,F,Soltero,,Empresario,Manufactura,Wanchaq,Cusco,Sur,7905.14,3620.47,472744.41,583,Regular,Digital,93,21/04/2017,17,Activo
1604,Pasaporte,32730324,Pablo,Chávez,Rivera,1988-03-04,36,M,Divorciado,Secundaria,Empleado Público,Salud,Trujillo,La Libertad,Norte,2725.93,1734.03,22072.11,394,Regular,Agencia,3,2021-03-30,10,Activo
1605,DNI,20380695,Manuel,Vargas,Ramírez,29-01-1975,49,M,Casado,Postgrado,Independiente,Construcción,Miraflores,LIMA  ,Lima y Callao,-1398.84,883.86,72223.15,513,Regular,Referido,30,22-03-2021,3,Activo
1606,CE,666636947,Rodrigo,González,Sánchez,23/11/1985,39,M,Soltero,Secundaria,Independiente,Manufactura,Pisco,Ica,Sur,5743.3,2483.09,273551.34,441,Regular,Agencia,8,2022/10/02,20,Inactivo
1607,DNI,40375353,Alejandro,Gutiérrez,Castillo,1976-01-08,49,M,Casado,Secundaria,Empleado Privado,Manufactura,Santiago de Surco,Lima,Lima y Callao,2608.18,1806.68,87503.01,490,Regular,Agencia,45,31-03-2021,2,Activo
1608,DNI,87807126,Enrique,Romero,Castillo,1985/06/12,39,M,Casado,Técnico,Empleado Público,Finanzas,Santiago de Surco,Lima,Lima y Callao,1470.31,604.89,60033.77,500,Regular,Agencia,64,28-09-2019,2,Activo
1609,DNI,97776491,David,Rivera, CONDORI,1983-09-12,41,mas,Soltero,Universitario,Empleado Público,Educación,Tarapoto,San Martín,Oriente,2306.25,1540.18,127500.55,510,Regular,Telemarketing,19,2023/05/31,23,Activo
1610,DNI,90294849,Patricia,Condori,Rivera,1973-11-06,51,F,Divorciado,Secundaria,Independiente,Agricultura,El Tambo,Junín,Centro,4754.76,3031.57,133655.88,448,Regular,Referido,168,2011-03-05,19,Activo
1611,DNI,9159567,José,Rojas,González,1972/09/14,52,M,Casado,Secundaria,Empresario,Manufactura,Chimbote,Ancash,Centro,3028.16,1670.14,93026.07,556,regular ,Digital,88,2017/10/09,21,Activo
1612,DNI,61853608,Daniela,Díaz,Medina,1976/06/01,49,F,Casado,Secundaria,Pensionista,Salud,Lima,Lima,Lima y Callao,850.0,480.54,19387.14,500,REGULAR,Agencia,164,29/06/2011,5,Activo
1613,DNI,76372037,Ricardo,Reyes,Choque,1988-04-03,36,M,Soltero,Universitario,Empleado Privado,Tecnología,El Tambo,Junín,Centro,1860.47,746.68,15987.28,552,Regular,Agencia,159,27-11-2011,19,Inactivo
1614,DNI,43967705,Diego,  GARCÍA,Quispe,1990/02/16,34,M,Soltero,Universitario,Empleado Privado,Manufactura,  Chiclayo,Lambayeque,Norte,1787.87,1039.21,14536.35,478,Regular,Digital,169,17-01-2011,13,Activo
1615,DNI,58868102,Víctor,García,CasTilLo,28/08/1974,50,M,Casado,Postgrado,Estudiante,Construcción,Cusco,Cusco,Sur,850.0,566.24,35698.07,560,Regular,Campaña Institucional,62,2019-11-06,16,Activo
1616,DNI,4014615,José,Ramírez,Vargas,26-08-1976,48,M,Casado,Técnico,Estudiante,Comercio,Iquitos,Loreto,Oriente,850.0,534.44,46340.71,464,Regular,Agencia,9,2022/02/14,22,Activo
1617,DNI,74369390,Ana,Martínez,Romero,1989/09/24,35,F,Casado,Técnico,Empleado Público,Manufactura,Sullana,Piura,Norte,2420.54,1646.5,51792.11,352,Regular,Agencia,60,2020-01-07,15,Activo
1618,CE,842511190,Mónica,Huanca, González ,25/04/1952,72,F,Soltero,Tecnico,Empleado Privado,Agricultura,Chiclayo,LAMBAYEQUE,Norte,4558.71,1891.62,263816.88,527,Regular,Telemarketing,76,2018-09-30,12,Activo
1619,DNI,23887676,Héctor,Laime,Chávez,13-12-1968,56,Masculino,Conviviente,Secundaria,Empresario,Otro,EL TAMBO  , Junín,Centro,25886.72,12434.02,810797.9,623,Premium,,10,2021/11/04,19,Activo
1620,DNI,78387443,Fabiola,Vargas,González,1971/10/03,53,F,Soltero,Secundaria,Independiente,Manufactura,Arequipa,Arequipa,Sur,2768.37,1788.54,24550.31,497,Regular,Digital,145,2013/01/14,7,Activo
1621,DNI,15481851,Adriana,Reyes,Romero,1988/01/14,36,F,Soltero,Universitario,Empleado Privado,Servicios,Wanchaq,Cusco,Sur,1798.87,905.09,50112.42,439,Regular,Agencia,43,23-05-2021,17,Activo
1622,DNI,20302875,Andrés,Romero,Romero,1999/06/14,25,M,Viudo,Técnico,Empresario,Transporte,Tarapoto,San Martín,Oriente,4774.74,2568.11,185410.86,394,Regular,Digital,171,28/11/2010,23,Activo
1623,DNI,49726557,Héctor,García,Reyes,1980-06-12,44,M,Soltero,Postgrado,Empleado Privado,Agricultura,Los Olivos,Lima,Lima y Callao,2839.44,1476.88,100950.47,499,Regular,Digital,153,2012-05-11,4,Activo
1624,DNI,48825269,Diana,Herrera, SánCheZ ,1989-01-19,35,F,Casado,Secundaria,Independiente,Servicios,Chiclayo,Lambayeque,Norte,19030.58,9158.15,600140.61,585,Premium,Referido,114,29/07/2015,12,Activo
1625,DNI,46705068,Miguel,Torres,Vargas,31-05-1997,27,M,Soltero,Universitario,Empleado Público,Manufactura,Chiclayo,Lambayeque,Norte,2052.9,944.11,41213.24,451,Regular,Digital,20,2023/05/01,12,Activo
1626,DNI,45633389,Óscar,Cruz,Ortiz,31/05/1995,29,M,Soltero,Técnico,Empleado Privado,Transporte,Víctor Larco Herrera,La Libertad,Norte,1313.92,524.74,62396.63,489,Regular,Agencia,131,2014/03/16,11,Activo
1627,DNI,80324271,Andrés,González,Vargas,21-07-1991,33,M,Casado,Universitario,Independiente,Otro,Chimbote,Ancash,Centro,4278.46,2793.98,243040.02,532,Regular,Agencia,35,2021-05-08,21,Activo
1628,DNI,85478726,Isabel,Medina,Quispe,1966-09-09,58,F,Casado,Universitario,Empleado Público,Manufactura,Arequipa,Arequipa,Sur,1682.34,1028.7,29193.46,556,Regular,Telemarketing,162,27-08-2011,7,Activo
1629,DNI,6253941,Manuel,Laime,Gutiérrez,1975/11/28,49,M,Conviviente,Técnico,Independiente,Transporte,Tarapoto,San Martín,Oriente,1762.05,1071.45,30195.28,454,Regular,Agencia,58,23/03/2020,23,Activo
1630,DNI,3282673,Lucía,Vargas,Cusi,20-04-1963,61,F,Casado,Técnico,Empresario,Finanzas,Santiago de Surco,Lima,Lima y Callao,7521.07,5063.4,93622.18,580,Regular,,60,2020/01/16,2,Bloqueado
1631,DNI,32508628,Rocío,Medina,Herrera,1992-05-27,32,F,Casado,Universitario,Empleado Privado,Educación,Tarapoto,San Martín,Oriente,1430.91,923.03,48929.64,439,Regular,Agencia,112,2015-09-30,23,Activo
1632,DNI,94673631,Pablo,López,Apaza,1984-04-10,40,M,Casado,Técnico,Empleado Privado,Tecnología,Chiclayo,Lambayeque,Norte,1647.66,636.81,27746.46,482,Regular,,140,18-06-2013,12,Activo
1633,DNI,47491163,Manuel,Rojas,Flores,18/04/2003,21,M,Soltero,Universitario,Independiente,Manufactura,Chiclayo,Lambayeque,Norte,895.32,407.73,16822.35,490,Regular,Telemarketing,80,2018/05/18,13,Activo
1634,DNI,54140857,Miguel,López,Sánchez,1975/06/29,49,M,Casado,Postgrado,Empleado Público,Educación,Lima,Lima,Lima y Callao,1899.62,1189.07,57823.88,461,Regular,Agencia,135,21-11-2013,5,Inactivo
1635,DNI,2604690,Miguel,García,Condori,1995-08-02,29,M,Casado,Técnico,Empleado Público,Finanzas,Piura,Piura,Norte,1638.44,664.45,45708.85,522,Regular,Referido,12,2019/12/22,14,Activo
1636,DNI,84573216,Elena,Sánchez,Medina,1971/11/07,53,F,Casado,Universitario,Empresario,Otro,Piura,Piura,Norte,4612.9,2162.46,268235.52,465,Regular,Agencia,100,24-09-2016,14,Inactivo
1637,CE,729850230,Fabiola,Díaz,Jiménez,1979/08/29,45,F,Conviviente,Universitario,Independiente,Comercio,Miraflores,  Lima,Lima y Callao,1340.08,872.5,11695.23,461,Regular,Telemarketing,18,2023/06/20,3,Activo
1638,DNI,55412982,Iván,Castillo,Cruz,24/09/1967,57,M,Soltero,Universitario,Independiente,Construcción,Miraflores,Lima,Lima y Callao,4633.65,2911.72,157451.57,523,Regular,Agencia,66,17-07-2019,3,Activo
1639,DNI,76801269,Héctor,Choque,González,1998-07-09,26,M,Casado,Técnico,Independiente,Comercio,Iquitos,Loreto,Oriente,-2376.19,1040.58,81903.88,522,Regular,Telemarketing,91,2017-07-07,22,Activo
1640,DNI,27496238,Ricardo,Ramírez,Gutiérrez,1987-03-09,37,M,Soltero,Postgrado,Empleado Privado,Agricultura,Tarapoto,San Martín,Oriente,,3575.68,125790.13,557,Premium,Agencia,44,2021/05/10,23,Inactivo
1641,DNI,85803308,Adriana,Cruz,Mamani,1963/02/22,61,F,Casado,Técnico,Empleado Público,Servicios,El Tambo,Junín,Centro,2727.29,1260.57,106360.1,567,Regular,Agencia,69,2019-04-28,19,Activo
1642,DNI,15905182,Jorge,Martínez,Condori,1966/08/05,58,M,Conviviente,Técnico,Empresario,Construcción,Iquitos,Loreto,Oriente,8411.33,4091.81,92320.73,516,Regular,Agencia,131,2014/03/02,22,Activo
1643,CE,3456884,Marco,Ortiz,Mamani,1988-03-22,36,M,Conviviente,Universitario,Independiente,Transporte,Cusco,Cusco,Sur,2630.57,1477.75,115677.69,408,Regular,Referido,32,2022-05-01,16,Activo
1644,DNI,47412081,Marco,Gutiérrez,Medina,17/06/1984,40,M,Casado,Secundaria,Empleado Público,Tecnología,Chiclayo,Lambayeque,Norte,3222.26,1229.52,48415.19,385,Regular,Digital,97,20/12/2016,13,Activo
1645,DNI,57752668,Jorge,Cusi,Chávez,1965/01/13,60,M,Soltero,Universitario,Empleado Privado,Comercio,San Juan de Lurigancho,Lima,Lima y Callao,5673.2,3210.33,273636.44,496,Premium,Agencia,36,2021-07-16,1,Activo
1646,DNI,76429839,Pablo,Mamani,Apaza,1976/12/08,48,MASCULINO,Soltero,Técnico,Empleado Público,Finanzas,Huancayo,Junín,Centro,2208.79,944.99,113487.25,584,Regular,Referido,18,2023-07-03,18,Activo
1647,DNI,34011499,Patricia,Rojas,Martínez,22-04-1971,53,F,Casado,Universitario,Independiente,Salud,Pisco,Ica,Sur,948.12,658.13,16863.94,533,Regular,Campaña Institucional,144,2013/02/06,20,Activo
1648,DNI,94565977,Héctor,Romero,Quispe,23/12/1985,39,M,Soltero,Técnico,Empleado Privado,Comercio,El Tambo,  JunÍn,Centro,2901.3,1648.83,116138.59,444,Regular,Referido,107,2016-03-04,19,Activo
1649,DNI,41756943,Andrés,Mamani,  Reyes,1962-06-25,62,M,Soltero,Universitario,Empleado Público,Construcción,Santiago de Surco,Lima,Lima y Callao,3683.4,2400.3,140665.27,496,Regular,Referido,133,2014-01-01,2,Inactivo
1650,DNI,72363411,Alejandro,Quispe,Quispe,1999-12-04,25,M,Soltero,Universitario,Independiente,Transporte,El Tambo,Junín,Centro,1550.99,799.98,86865.14,484,Regular,Digital,26,31-10-2022,19,Activo
1651,DNI,12789885, ALEJANDRA ,Torres,Flores,1980/06/28,44,F,Conviviente,Secundaria,Empleado Privado,Finanzas,Huancayo  ,Junín,Centro,5410.48,2881.94,88246.42,540,Regular,Campaña Institucional,37,2019-12-16,18,Activo
1652,DNI,73043763,Mónica,Rodríguez,Apaza,18-08-1971,53,F,Soltero,Técnico,Empleado Privado,Finanzas, Huancayo ,Junín,Centro,3633.53,2189.64,157056.2,430,Regular,Digital,86,2017-11-10,18,Activo
1653,DNI,40756023,Miguel,Castro,Ortiz,1985/09/02,39,M,Divorciado,Postgrado,Empleado Público,Comercio,Cajamarca,Cajamarca,Norte,3151.19,2127.15,40854.74,501,Regular,Referido,79,2018-07-06,24,Activo
1654,DNI,42734497,Alejandra,Huanca,Rivera,1976-03-19,48,F,Casado,Universitario,Empleado Público,Construcción,Huancayo,Junín,Centro,1941.94,1198.15,33355.11,459,Regular,Telemarketing,129,2014/05/07,18,Activo
1655,CE,878371053,Ángela,Mamani,Díaz,14/06/1984,40,F,Conviviente,Universitario,Empleado Público,Construcción,La Esperanza,La Libertad,Norte,2351.57,1513.67,58150.91,468,Regular,Agencia,115,2015/06/29,9,Activo
1656,DNI,30402560,José,Huanca,Quispe,1985/11/10,39,M,Soltero,Secundaria,Independiente,Servicios,Chimbote,Ancash,Centro,1180.71,522.36,34084.39,542,Regular,Digital,28,2020/10/05,21,Activo
1657,DNI,63506427,David,Flores,Mamani,1987/01/10,38,M,Soltero,Universitario,Empleado Público,Comercio,El Tambo,Junín,Centro,3658.54,2549.99,196939.27,588,Regular,Referido,177,2010-06-04,19,Activo
1658,DNI,43163915,Rosa,Huanca,Álvarez,1983/05/20,41,F,Casado,Postgrado,Empleado Público,Agricultura,  SuLlAnA,  Piura,Norte,1398.99,949.26,23409.86,389,Regular,Telemarketing,9,2024/04/01,15,Activo
1659,DNI,15502613,Marco,Medina,Quispe,19/04/2000,24,M,Soltero,Universitario,Empleado Privado,Salud,Piura,Piura,Norte,1237.65,729.07,53796.65,534,Regular,Agencia,159,2011-12-10,14,Inactivo
1660,DNI,24216943,Héctor,López,Castro,1981/06/29,43,M,Casado,Universitario,Empleado Público,Tecnología,Chimbote,Ancash,Centro,2484.63,1266.92,61605.22,387,Regular,Referido,2,2022/01/06,21,Inactivo
1661,DNI,36788645,Héctor,García,Herrera,30/03/1997,27,M,Casado,Técnico,Empresario,Educación,Víctor Larco Herrera,La Libertad,Norte,8656.87,3953.79,504564.29,513,Premium,Agencia,116,2015/06/15,11,Activo
1662,DNI,74412359,Manuel,Jiménez,Herrera,1984/05/01,40,M,Casado,Universitario,Empleado Privado,Tecnología,Chiclayo,Lambayeque,Norte,3720.61,2561.59,60031.5,577,Regular,Digital,10,2024-02-18,12,Activo
1663,DNI,55151797,Valeria,Choque,Rojas,1985/03/11,39,fem,Casado,Técnico,Empleado Privado,Finanzas,San Juan de Lurigancho,Lima,Lima y Callao,2881.84,-1463.21,70055.69,494,Regular,Agencia,9,2021/12/23,1,Inactivo
1664,DNI,19762134,Andrés,Reyes,González,1954-10-22,70,M,Casado,Secundaria,Empleado Público,Agricultura,La Esperanza,La Libertad,Norte,1104.47,489.64,52784.86,569,Regular,Referido,86,2017-11-22,9,Activo
1665,DNI,81014812,Enrique,Castro,Castillo,1984/09/05,40,M,Casado,Técnico,Empleado Privado,Finanzas,La Esperanza, La Libertad ,Norte,3724.2,1583.4,193793.76,451,Regular,Digital,116,21/06/2015,9,Activo
1666,DNI,68179300,Rocío,Ortiz,Morales,1983-05-27,41,FEMENINO,Casado,Secundaria,Independiente,Tecnología,Chimbote,Ancash,Centro,3808.04,2602.75,140127.39,660,Regular,Digital,31,2022-05-21,21,Activo
1667,Pasaporte,810563586,Valeria,Condori,Martínez,1973-04-09,51,F,Viudo,universitario,Empleado Privado,Comercio,Tarapoto,San Martín,Oriente,1991.04,766.84,38356.95,477,Regular,Digital,7,2021/01/05,23,Inactivo
1668,DNI,46764281,Carmen,Sánchez,Álvarez,1988-01-16,36,F,Soltero,Universitario,Empleado Público,Transporte,Lima,Lima,Lima y Callao,982.12,468.58,8982.57,477,Regular,Digital,163,2011/08/10,5,Inactivo
1669,DNI,59126092,Roberto,López,Quispe,1974-08-30,50,M,Soltero,Técnico,Independiente,Agricultura,La Esperanza,La Libertad,Norte,1013.7,652.36,49405.62,554,Regular,Referido,150,2012/08/08,9,Activo
1670,DNI,49950438,Daniela,Huanca,ToRrEs ,1977-06-12,47,F,Casado,Universitario,Empleado Público,Agricultura,Wanchaq,Cusco,Sur,1632.67,876.92,86127.08,505,Regular,Digital,162,2011/09/08,17,Activo
1671,DNI,72487641,Alejandro,Medina,Flores,20-01-1963,61,M,Conviviente,Técnico,Pensionista,Manufactura,Lima,Lima,Lima y Callao,1607.42,1062.19,28743.2,513,Regular,Referido,33,2022-03-20,5,Activo
1672,DNI,93408354,Daniela,Huanca,Ortiz,30-07-1985,39,F,Casado,Postgrado,Empleado Público,Construcción,Tarapoto,San Martín,Oriente,2126.31,888.68,99479.97,474,Regular,Referido,83,2018-02-09,23,Activo
1673,DNI,96276223,Fabiola,Cusi,Condori,2004/11/03,20,F,Casado,Técnico,Independiente,Construcción,Pisco,Ica,Sur,8116.8,3123.81,323206.53,474,Regular,,51,2020-10-18,20,Activo
1674,CE,280177106,Iván,Reyes,Jiménez,1978-07-23,46,M,Soltero,Técnico,Independiente,Comercio,Cajamarca,Cajamarca,Norte,2307.24,1223.98,85767.57,453,Regular,Agencia,9,2023/09/22,24,Activo
1675,DNI,10323186,Sofía,Gutiérrez, Quispe,18-09-1985,39,F,Viudo,Universitario,Independiente,Salud,Chimbote,Ancash,Centro,850.0,504.41,19068.72,605,Regular,Telemarketing,73,2018-12-11,21,Activo
1676,DNI,4083843,Cecilia,Huanca,Ortiz,1997-05-12,27,F,Divorciado,UNIVERSITARIO,Empleado Público,Construcción,Tarapoto,San Martín,Oriente,1237.78,721.77,58250.06,458,Regular,Agencia,25,2022/12/10,23,Activo
1677,DNI,39392242,Alejandra,Mamani,Mamani,1967-03-04,57,F,Casado,universitario ,,Salud,Cajamarca,Cajamarca,Norte,2623.53,1537.89,46688.98,442,Regular,Digital,73,29/12/2018,24,Activo
1678,DNI,48460363,David,Romero,Castillo,1967/12/22,57,M,Casado,Universitario,Empleado Privado,Educación,Wanchaq,Cusco,Sur,4571.6,1893.23,227827.15,544,Regular,Referido,89,2017-09-04,17,Activo
1679,DNI,83589477,Isabel,Ramos,Gómez,1975-01-05,50,F,Soltero,Técnico,Independiente,Manufactura,Tarapoto  ,San Martín,Oriente,13218.62,8389.37,301897.74,641,VIP,Referido,161,19/09/2011,23,Activo
1680,CE,677818986,Jorge,López,Flores,1991-07-31,33,M,Soltero,Técnico,Empleado Privado,Servicios,Chimbote,Ancash,Centro,5977.83,2426.93,178280.98,502,Regular,Telemarketing,122,2014-12-06,21,Inactivo
1681,DNI,35019473,Enrique,Chávez,Vargas,1977-03-19,47,Masculino,Casado,Universitario,Empleado Privado,Construcción,Huancayo,Junín,Centro,1268.43,876.68,17717.22,483,Regular,Digital,86,15/11/2017,18,Activo
1682,DNI,78220081,Fabiola,Medina,Jiménez,1992/08/12,32,F,Soltero,Secundaria,Independiente,Agricultura,Cusco,Cusco,Sur,3848.15,2155.24,155306.22,534,Regular,Agencia,174,2010/09/02,16,Activo
1683,DNI,9671080,Elena,López,Rojas,1995/10/04,31,F,Soltero,Técnico,Empleado Privado,Transporte,Víctor Larco Herrera,La Libertad,Norte,2347.6,1133.84,58255.41,516,Regular,Digital,28,2022-09-05,11,Activo
1684,DNI,29483051,Roberto,Gómez,Mamani,31/01/1985,39,M,Casado,Universitario,Empresario,Construcción,Chiclayo,LaMbAyEqUe,Norte,8681.39,4112.89,510028.67,535,Regular,Referido,109,2016/01/07,13,Activo
1685,DNI,34265875,Gabriela,Reyes,Morales,1978/07/29,46,F,Soltero,Universitario,Empleado Privado,Comercio,Sullana,Piura,Norte,2562.36,1327.93,70216.87,427,Regular,Agencia,175,2010-08-02,15,Activo
1686,DNI,99074666,Luis,Ortiz ,García,1996/05/12,28,M,Casado,Técnico,Empresario,Otro,Wanchaq,Cusco,Sur,7847.75,3170.52,428195.36,498,Regular,Agencia,8,2024/04/10,17,Activo
1687,DNI,30325369,Silvia,Pérez,Quispe  ,1984/11/10,40,F,Casado,Secundaria,Independiente,Transporte,Chiclayo,Lambayeque,Norte,1707.01,741.68,81831.36,466,Regular,Agencia,100,2016/10/01,12,Activo
1688,DNI,83947646,Mónica,Huanca,Reyes,1970-08-04,54,F,Divorciado,Postgrado,Independiente,Servicios,Miraflores,Lima,Lima y Callao,2011.89,1070.03,74706.05,431,Regular,Agencia,15,2023-04-01,3,Activo
1689,DNI,44390951,Enrique,Reyes,Rojas,1974/02/04,50,M,Casado,Universitario,Pensionista,Educación,Cayma,Arequipa,Sur,1023.9,424.24,38705.21,498,Regular,Telemarketing,113,2015-09-10,6,Activo
1690,DNI,40787048,Ana,Rojas,Díaz,1963/07/01,61,F,Soltero,Técnico,Empleado Privado,Otro,Santiago de Surco,Lima,Lima y Callao,3224.99,2180.69,158708.83,532,Regular,Agencia,92,2017/05/21,2,Inactivo
1691,DNI,59867770,Diana,Mamani,Morales,1997-03-04,27,F,Casado,Técnico,Empleado Público,Finanzas,Chimbote,Ancash,Centro,1712.98,1161.27,56703.06,517,Regular,Digital,42,2020/02/02,21,Activo
1692,DNI,93313268,Roberto,Medina,Sánchez,2001-07-24,23,M,Casado,Técnico,Empleado Privado,Agricultura,Cusco,Cusco,Sur,2695.92,1498.15,158103.85,465,Regular,Digital,3,2022/01/08,16,Activo
1693,DNI,25195617,Iván,Cusi,Chávez,1982-12-04,42,M,Casado,Postgrado,Empleado Público,Transporte,Cajamarca,Cajamarca,Norte,,1706.94,140727.67,527,Regular,Agencia,156,2012-03-07,24,Activo
1694,DNI,22829335,Enrique,Herrera,Herrera,1965-11-10,59,M,Conviviente,Universitario,Independiente,Salud,San Juan de Lurigancho,Lima,Lima y Callao,1313.07,634.75,43978.39,518,Regular,Digital,112,2015-10-14,1,Activo
1695,DNI,55072831,Fernando,Jiménez,Álvarez,1981/08/11,43,M,Divorciado,Postgrado,Empleado Público,Servicios,Trujillo,La Libertad,Norte,1386.22,596.25,49023.53,559,Regular,Campaña Institucional,128,2014/06/19,10,Inactivo
1696,DNI,58105801,Ana,Apaza,Cusi,24/12/1955,69,F,Soltero,Postgrado,Pensionista,Tecnología,Trujillo,La Libertad,Norte,1253.62,669.01,36307.73,540,Regular,Telemarketing,90,2017-07-17,10,Activo
1697,DNI,64653334,DieGo ,Ortiz,Ortiz,1981/05/01,43,M,Viudo,Técnico,Empleado Público,Finanzas,Cajamarca,Cajamarca,Norte,1598.15,908.14,49894.1,407,Regular,Digital,141,20-05-2013,24,Activo
1698,DNI,37438734,Fabiola,Flores,Flores,1991-01-20,33,F,Conviviente,Secundaria,Empleado Público,Construcción,Pisco,Ica,Sur,1126.74,749.97,38426.26,585,Regular,Agencia,20,25-01-2023,20,Activo
1699,DNI,14597736,Rodrigo,García,Ortiz,13/05/1984,40,M,Casado,Universitario,Empleado Privado,Transporte,Chimbote,Ancash,Centro,2359.63,1211.31,95480.8,533,Regular,Digital,145,2013/01/20,21,Activo
1700,DNI,48955713,Marco,Huanca,Cruz,22/06/1996,28,M,Soltero,Universitario,Empleado Público,Tecnología,Wanchaq,Cusco,Sur,1388.01,618.49,42949.83,488,Regular,Agencia,135,18/11/2013,17,Activo
1701,DNI,43721238,Silvia,Medina,González,1970-06-06,54,F,Soltero,Técnico,Empleado Privado,Transporte,Cusco, Cusco ,Sur,3993.18,2238.72,69548.02,522,Regular,Agencia,65,2019/08/15,16,Activo
1702,Pasaporte,229000590,Elena,Pérez,Choque,29-03-1982,42,F,Soltero,Técnico,Empresario,Servicios,  Iquitos,Loreto,Oriente,7292.7,3865.89,199909.44,528,Regular,Digital,138,2013/08/04,22,Activo
1703,DNI,71239330,Sofía,Martínez,Vargas,24-03-1995,29,F,Divorciado,Universitario,Empleado Privado,Transporte,Cayma,Arequipa,Sur,2627.66,1186.96,62411.32,409,Regular,Agencia,75,21/10/2018,6,Activo
1704,Pasaporte,282196087,Diana,Herrera,Mamani,1982-08-04,42,F,Casado,Universitario,Pensionista,Transporte,San Juan de Lurigancho,Lima,Lima y Callao,864.57,555.72,37062.73,624,Regular,Digital,147,2012/11/22,1,Activo
1705,DNI,83666097,Patricia,Mamani,Díaz,18/05/1983,41,F,Casado,Postgrado,Empresario,Tecnología,Cusco,Cusco,Sur,2451.22,1264.77,25651.8,499,Regular,Referido,117,16-05-2015,16,Inactivo
1706,DNI,79322652,Ana,Chávez,Gutiérrez,1976/07/10,48,F,Casado,Secundaria,Independiente,Agricultura,Pisco,Ica,Sur,7865.92,4105.86,120394.23,475,Regular,Agencia,7,2020/02/14,20,Activo
1707,DNI,72458198,Adriana,Pérez,Jiménez,2001-06-03,23,F,Casado,Secundaria,Empleado Público,Tecnología,Arequipa,Arequipa,Sur,2504.41,1005.92,77606.63,403,Regular,Referido,150,19/08/2012,7,Activo
1708,DNI,26839507,Enrique,Vargas,Díaz,22-01-1988,36,M,Divorciado,Postgrado,Independiente,Transporte,Chiclayo,Lambayeque,Norte,1858.7,707.63,33793.81,473,Regular,,87,20/10/2017,13,Activo
1709,DNI,2785379,Víctor,Álvarez,Romero,1974/10/12,50,M,Conviviente,Universitario,Empleado Privado,Construcción,Chiclayo,Lambayeque,Norte,2146.32,903.85,29085.59,484,Regular,,141,2013/05/26,13,Bloqueado
1710,DNI,85830684,Lucía,Ramos,Pérez,19-09-1983,41,F,Casado,Universitario,Empleado Público,Educación,Piura,Piura,Norte,2223.24,1185.92,18077.53,511,Regular,Referido,177,2010/06/12,14,Activo
1711,DNI,59573541,Cecilia,Romero,Rivera,1977-10-03,47,F,VIUDO,Técnico,Empleado Público,Otro,Santiago de Surco,Lima,Lima y Callao,3069.29,1584.31,130963.04,538,Regular,Referido,103,2016/07/01,2,Activo
1712,DNI,88108558,Patricia,Jiménez,García,1977/08/15,47,F,Casado,Técnico,Empleado Privado,Salud,Cajamarca,Cajamarca,Norte,1340.18,650.02,68220.77,495,Regular,Digital,137,2013-09-10,24,Activo
1713,DNI,74931660,Ángela,Flores,Martínez,18-04-1977,47,fem,Casado,Secundaria,Empleado Privado,Otro,Trujillo,La Libertad,Norte,4256.22,2009.79,59311.93,460,Regular,Referido,22,2019-12-24,10,Activo
1714,DNI,458408,Ángela,Medina,Castro,25-11-1990,34,F,Casado,secundaria ,Empleado Privado,Salud,Sullana,PIURA  ,Norte,2008.05,945.89,89640.67,504,Regular,Agencia,170,25/12/2010,15,Inactivo
1715,DNI,80363836,Adriana  ,Martínez,Medina,1970/08/09,54,F,Soltero,Secundaria,Independiente,Construcción,Piura,Piura,Norte,1912.71,915.19,39370.84,554,Regular,Agencia,167,2011-04-03,14,Activo
1716,DNI,49663900,Manuel,Sánchez,Huanca,23/12/1981,43,M,Divorciado,Técnico,Empleado Público,Manufactura,Trujillo,La Libertad,Norte,2022.97,911.75,52946.93,496,Regular,Digital,165,23/05/2011,10,Inactivo
1717,DNI,17099873,gabriela,Choque,Cusi,1974/06/14,50,F,Soltero ,Universitario,Empleado Público,Finanzas,Trujillo,La Libertad,Norte,2549.26,1103.9,62307.07,645,Regular,Digital,3,2021-09-01,10,Activo
1718,DNI,28150164,José,Cusi,Choque,1993/11/17,31,M,Casado,Postgrado,Empleado Privado,Educación,Huancayo,Junín,Centro,3383.03,1304.84,177989.31,444,Regular,Campaña Institucional,76,2018/09/22,18,Activo
1719,DNI,29579474,Jorge,Jiménez,Cruz,1993/06/07,31,M,Casado,Universitario,Empleado Privado,Otro,Sullana,Piura,Norte,2596.82,1353.57,100918.15,479,Regular,Digital,102,2016-08-10,15,Activo
1720,DNI,26144716,Rosa,Quispe,Cruz,20/02/1949,75,F,Casado,Universitario,Empleado Privado,Agricultura,Los Olivos,Lima,Lima y Callao,,2022.06,156673.46,454,Regular,Referido,109,2016-01-17,4,Activo
1721,Pasaporte,419137804,Marco,Jiménez,Condori,1979-02-22,45,M,Casado,Técnico,Empleado Privado,Educación,Pisco,Ica,Sur,1032.4,690.61,30489.4,484,Regular,Agencia,74,2018/11/10,20,Activo
1722,DNI,74146440,Sandra,Romero,Morales,13-03-1982,42,F,Divorciado,Técnico,Empleado Público,Servicios,Cayma,Arequipa,Sur,2899.6,1403.65,48042.37,562,Regular,Agencia,122,2014-12-03,6,Activo
1723,DNI,84155109,David,Castillo,Medina,26/11/1989,35,M,Casado,Técnico,Independiente,Construcción,Cajamarca,Cajamarca,Norte,1987.38,846.39,113523.49,434,Regular,Telemarketing,40,15/01/2020,24,Activo
1724,DNI,20727126,Paola,Castillo,García,1996/07/03,28,F,Soltero,Técnico,Empleado Público,Otro,Wanchaq,Cusco,Sur,2135.23,1181.15,87988.26,416,Regular,Agencia,71,2019-02-11,17,Activo
1725,DNI,67469588,Miguel,Morales,Flores,1987/06/16,37,M,Conviviente,Universitario,Empleado Público,Agricultura,Piura,Piura,Norte,1363.49,715.04,28196.73,528,Regular,Referido,33,2020/10/23,14,Activo
1726,DNI,36757266,Enrique,Quispe,Chávez,24-03-1961,63,M,Casado,Universitario,Independiente,Finanzas,Pisco,Ica,Sur,-1086.82,752.3,25057.17,410,Regular,Campaña Institucional,157,2012/02/02,20,Activo
1727,DNI,31779053,Claudia,Rojas,Castro,31-05-1984,40,F,Soltero,Postgrado,Independiente,Tecnología,ArEqUiPa,Arequipa,Sur,2322.06,1037.86,41123.05,496,Regular,Referido,20,2019/12/10,7,Activo
1728,DNI,80193889,Rodrigo,Vargas,Sánchez,22/04/1988,36,m,Casado,Técnico,Empleado Privado,Manufactura,SaN JuAn dE LuRiGaNcHo,Lima,Lima y Callao,2459.34,1247.78,55424.85,499,Regular,Agencia,41,2021-08-12,1,Activo
1729,DNI,10660862,Adriana,Morales,Laime,1970-05-12,54,F,Soltero,Técnico,Empleado Público,Comercio,La Esperanza,La Libertad,Norte,1053.09,431.93,34966.52,502,Regular,Agencia,23,29-08-2020,9,Activo
1730,CE,518261350,Rodrigo,Gómez,Flores,1980-08-05,44,M,Conviviente,Secundaria,Empresario,Comercio,Lima,Lima ,Lima y Callao,3356.79,1806.71,138410.76,607,Regular,Digital,38,2021/10/19,5,Activo
1731,DNI,52686650,Diego,Huanca,Rodríguez,1990/06/21,34,M,Conviviente,Técnico,Empleado Privado,Tecnología,Santiago de Surco,Lima,Lima y Callao,2621.03,1511.92,92311.56,506,Regular,Agencia,145,14-01-2013,2,Activo
1732,DNI,71439039,Adriana,Rivera,Torres,1990-08-14,34,F,Soltero,universitario,Empleado Privado,Construcción,  arequipa,Arequipa,Sur,1062.82,728.27,34535.6,449,Regular,Agencia,14,22/10/2023,7,Activo
1733,DNI,57988892,Silvia,Rojas,Gómez,25-06-1970,54,F,Soltero,Secundaria,Independiente,Manufactura,Chimbote,Ancash,Centro,2009.56,1073.83,82170.01,458,Regular,Digital,73,18-12-2018,21,Inactivo
1734,DNI,93847543,Patricia,Reyes,Gómez,1971-11-06,53,F,Casado,Universitario,Independiente,Educación,Víctor Larco Herrera,La Libertad,Norte,,1191.68,34235.4,475,Regular,Referido,66,2019-07-30,11,Activo
1735,DNI,98375550,Iván,López,López,13/05/1981,43,M,Soltero,Postgrado,Empresario,Tecnología,La Esperanza,La Libertad,Norte,9177.27,5928.24,347336.15,653,Regular,Agencia,110,2015-12-13,9,Activo
1736,DNI,35980433,Manuel,Huanca,Quispe,1973-12-28,51,M,Soltero,Universitario,Independiente,Transporte,Lima,Lima,Lima y Callao,5610.16,2229.18,99809.35,479,Regular,Referido,25,22/11/2022,5,Activo
1737,DNI,62260931,Miguel,López,Pérez,1995/08/02,29,M,Conviviente,Universitario,Empleado Público,Construcción,Arequipa,Arequipa,Sur,1950.31,797.68,78286.4,493,Regular,Referido,54,15-07-2020,7,Activo
1738,DNI,17199457,Claudia, Torres,Medina,1995-11-21,29,F,Conviviente,Técnico,Empleado Privado,Transporte,Arequipa,Arequipa,Sur,2352.33,1574.47,135443.94,490,Regular,Referido,27,2022-10-13,7,Activo
1739,DNI,35263595,Daniela,Rodríguez,Choque,1978/12/06,46,F,Soltero,Universitario,Independiente,Manufactura,Víctor Larco Herrera,La Libertad,Norte,3419.82,2076.24,28368.57,511,Regular,Agencia,106,2016/03/24,11,Activo
1740,DNI,60249235,Carlos,Flores,Gómez,15-04-1989,35,M,Conviviente,Técnico,Independiente,Agricultura,Santiago de Surco,Lima,Lima y Callao,1541.13,771.24,92006.81,409,regular,Agencia,102,2016-08-02,2,Activo
1741,DNI,75261587,Diego,Pérez,Huanca,1961-07-28,63,M,Conviviente,Universitario,Empleado Privado,Tecnología,Iquitos,  Loreto,Oriente,3323.75,1399.7,112314.45,504,Regular,Digital,160,2011/10/12,22,Activo
1742,DNI,12484546,Manuel,Choque,Morales,1994-11-19,30,M,Casado,Secundaria,Empleado Público,Otro,Miraflores,Lima,Lima y Callao,6207.05,2569.0,329097.79,438,Premium,Telemarketing,67,26-06-2019,3,Activo
1743,DNI,57034011,Paola,Ortiz,Pérez,22-03-1988,36,F,Conviviente,Técnico,Empresario,Servicios,Trujillo,La Libertad,Norte,7026.68,2671.37,205973.68,541,Regular,Digital,82,18/03/2018,10,Activo
1744,DNI,72035796,JuaN,Torres,Sánchez,1971-02-04,53,M,Casado,Universitario,Empleado Privado,Agricultura,Wanchaq,Cusco,Sur,7618.5,3414.84,148759.93,542,Premium,Agencia,162,2011/08/16,17,Activo
1745,CE,411643424,Rodrigo,Vargas,Chávez,1995/11/03,29,M,Conviviente,Universitario,Independiente,Servicios,Sullana,Piura,Norte,1756.27,1073.6,78855.81,483,Regular,Telemarketing,142,2013-04-07,15,Activo
1746,DNI,64211684,Valeria,Chávez,Rojas,1958/06/08,66,F,Casado,Técnico,Empleado Privado,Finanzas,Lima,Lima,Lima y Callao,1673.44,-1122.98,59348.22,579,Regular,Referido,59,2020-01-31,5,Activo
1747,DNI,33164950,Elena  ,Flores,  MoRaLeS,22/08/1980,44,F,Casado,Universitario,Empresario,Otro,Cusco,Cusco,Sur,9626.01,4959.53,236485.18,519,Premium,Referido,74,20-11-2018,16,Activo
1748,DNI,7890786,Sandra,Mamani,  sánchez,1993-09-16,31,F,Casado,Universitario,Independiente,Transporte,Yanahuara,Arequipa,Sur,3615.87,1710.28,108892.57,509,Regular,Digital,162,2011-09-08,8,Activo
1749,DNI,73343597,Alejandro,Cruz,García,27/08/1971,53,M,Soltero,,Empleado Privado,Salud,La Esperanza,La Libertad,Norte,3065.23,1825.58,125576.1,472,Regular,Agencia,164,2011/07/04,9,Activo
1750,Pasaporte,937011859,David,Flores,Herrera,2001/09/05,23,M,Casado,Universitario,Empleado Privado,Salud,Víctor Larco Herrera,La Libertad,Norte,3672.99,2346.19,163536.71,485,REGULAR,Agencia,13,16-09-2022,11,Activo
1751,CE,281847266,Lucía,Laime,Rodríguez,1994/07/25,30,F,Casado,,Independiente,Manufactura,Pisco,Ica  ,Sur,1454.15,858.39,38424.52,442,Regular,Referido,90,2017/07/26,20,Activo
1752,DNI,62789088,Lucía,Chávez,González,2000/06/02,24,F,Conviviente,Universitario,Pensionista,Comercio,La Esperanza,La Libertad,Norte,850.0,348.8,33179.76,395,Regular,Agencia,10,2022-01-28,9,Activo
1753,DNI,23312567,Miguel  ,Flores,Torres,1987-05-20,37,M,Casado,Técnico,Pensionista,Manufactura,Huancayo,Junín,Centro,850.0,413.37,12967.86,387,Regular,Digital,39,24-09-2021,18,Activo
1754,DNI,73235737,Cecilia,Torres,Castro,1958/10/20,66,F,Conviviente,Secundaria,Independiente,Servicios,Arequipa,Arequipa,Sur,6623.11,3998.88,382912.58,480,Premium,Referido,72,2019-01-07,7,Activo
1755,DNI,19942505,Víctor,ORTIZ ,Gómez,1979-12-26,45,M,Conviviente,Secundaria,Empleado Público,Transporte,Los Olivos,Lima,Lima y Callao,2550.25,1163.7,84208.52,578,Regular,Agencia,95,2017-02-21,4,Inactivo
1756,CE,936427379,María,Laime,Herrera,1992/07/09,32,F,Casado,Secundaria,Independiente,Tecnología,Cusco,  CUSCO,Sur,4629.4,2854.22,168809.6,447,Regular,Referido,156,2012/02/13,16,Activo
1757,DNI,1075350,Carmen,Ramírez,Flores,25/11/1999,25,F,Soltero,Técnico,Empleado Privado,Finanzas,Chimbote,Ancash,Centro,-3564.17,1472.62,150780.97,535,Regular,Agencia,19,2023/06/03,21,Activo
1758,DNI,38570943,Sofía,Sánchez,Rivera,1951-10-03,73,F,Casado,Universitario,Empleado Privado,Manufactura,Cayma,Arequipa,Sur,1930.58,1184.16,33651.39,552,Regular,Digital,9,2023-07-17,6,Bloqueado
1759,CE,822608099,Rocío,Romero,Apaza,1987-09-27,37,F,Soltero,Secundaria,Empleado Público,Servicios,Los Olivos,Lima,Lima y Callao,2777.25,1205.95,54739.43,420,Regular,Digital,109,2015/12/23,4,Activo
1760,DNI,47381133,Iván,Ramos,Gutiérrez,1998-03-07,26,M,Casado,Universitario,Empleado Público,Finanzas,Huancayo,Junín,Centro,1359.57,858.92,67723.29,486,Regular,Agencia,1,2022-12-29,18,Activo
1761,DNI,88234811,Valeria,Ramos,Rodríguez,1990-05-29,34,F,Divorciado,Secundaria,Empresario,Tecnología,Yanahuara,Arequipa,Sur,8001.63,5299.85,70360.79,563,Premium,Referido,92,2017/06/01,8,Activo
1762,DNI,53715641,Isabel,Vargas,López,1975/11/05,49,F,Casado,Universitario,Independiente,Manufactura,Huancayo,Junín,Centro,7625.95,4203.28,256171.27,531,Regular,Agencia,43,19-09-2020,18,Activo
1763,DNI,16119553,Mónica,Álvarez,Álvarez,1997-01-24,27,F,Soltero,Técnico,Empresario,Manufactura,Arequipa,Arequipa,Sur,11520.53,4602.14,625434.32,470,Regular,Referido,60,2020-01-25,7,Activo
1764,DNI,6189200,Juan,Cruz,Huanca,1972-05-06,52,M,Soltero,Postgrado,Independiente,Tecnología,Cusco,Cusco,Sur,7548.67,5217.71,63694.98,538,Regular,Agencia,147,2012-11-14,16,Activo
1765,DNI,25506529,Mónica,Gómez,Gutiérrez,22-05-2000,24,F,Casado,Secundaria,Estudiante,Manufactura,Huancayo,Junín,Centro,850.0,404.21,19996.1,530,Regular,Agencia,70,2019/03/04,18,Inactivo
1766,DNI,90355081,Rodrigo,Torres,Ramírez,1985-12-29,39,M,Casado,Universitario,Empresario,Educación,Santiago de Surco,Lima,Lima y Callao,5879.59,4090.52,324196.57,551,Regular,Digital,160,2011-10-30,2,Activo
1767,DNI,17442054,Gabriela,Gutiérrez,Vargas,1974-06-05,50,F,Soltero,Postgrado,Empleado Privado,Transporte,Cajamarca,Cajamarca,Norte,3472.84,2102.09,208171.35,490,Regular,Telemarketing,179,27/03/2010,24,Bloqueado
1768,DNI,75993001,Diana,Vargas,  álvarez,1986-05-08,38,F,Soltero,,Independiente,Otro,Cayma,Arequipa,Sur,4122.63,1936.79,153884.5,515,Regular,Agencia,13,2020-05-08,6,Inactivo
1769,DNI,84000040,Rodrigo,Cusi,López  ,26-06-1986,38,M,Soltero,Universitario,Independiente,Agricultura,La Esperanza,La Libertad,Norte,4823.21,1862.31,56684.13,479,Regular,Telemarketing,70,20-03-2019,9,Activo
1770,DNI,92466257,Alejandro,Reyes,chávez,1993/04/09,31,M,Casado,,Empresario,Manufactura,San Juan de Lurigancho,Lima,Lima y Callao,3334.55,1641.67,89321.39,439,Regular,Digital,73,2018/12/05,1,Activo
1771,DNI,8159590,Silvia,Pérez,  Pérez,1986/04/26,38,F,Soltero,SECUNDARIA,Empleado Privado,Comercio,Chiclayo,Lambayeque,Norte,5118.31,3038.37,69362.8,442,Regular,Digital,46,2021/03/01,12,Activo
1772,DNI,10323197,Paola,Ortiz,González,1980/02/23,44,F,Casado,Secundaria,Empleado Público,Transporte,Cusco,Cusco,Sur,1647.23,770.65,94500.08,494,Regular,Agencia,170,2011/01/02,16,Activo
1773,CE,244183281,Eduardo,Chávez,Gutiérrez,26-06-2001,23,M,Conviviente,Universitario,Independiente,Manufactura,Chimbote,Ancash,Centro,,804.94,81391.87,447,Regular,Telemarketing,130,2014-04-09,21,Activo
1774,DNI,44894009,Manuel,Gutiérrez,Huanca,1976/01/14,48,MASCULINO,Casado,Técnico,Independiente,Tecnología,Sullana,Piura,Norte,2850.46,1731.02,138587.37,431,Regular,Agencia,84,19/01/2018,15,Activo
1775,DNI,76764973,Fabiola,Flores,Chávez,1969-04-03,55,F,Casado ,secundaria ,Independiente,Manufactura,San Juan de Lurigancho,  Lima,Lima y Callao,2967.97,1888.15,100036.13,519,Regular,Agencia,165,2011-05-29,1,Activo
1776,DNI,66609191,Miguel,Cusi,Quispe,1983/11/10,41,M,Casado ,UNIVERSITARIO,Empleado Público,Construcción,Trujillo,La Libertad,Norte,1702.38,1108.14,64223.63,516,Regular,Agencia,114,2015/08/08,10,Activo
1777,DNI,75910563,Héctor,Reyes,Torres,28/05/1977,47,M,Divorciado,Universitario,Empleado Público,Otro,San Juan de Lurigancho,Lima,Lima y Callao,1088.88,615.65,56582.57,483,Regular,Referido,136,2013-10-05,1,Bloqueado
1778,DNI,77025015,Héctor,Ramos,Gutiérrez,1986-05-27,38,M,Casado,Técnico,Empleado Público,Finanzas,Los Olivos,Lima,Lima y Callao,2266.94,1210.6,115373.48,567,Regular,Agencia,70,2019/04/01,4,Activo
1779,DNI,48455576,Diana,Cusi,Vargas,1992/05/19,32,F,Conviviente,Postgrado,Empresario,Otro,Chimbote,Ancash,Centro,3932.11,1660.53,111086.12,467,Regular,Digital,56,2020/05/11,21,Activo
1780,DNI,72772827,Eduardo,Gómez ,García,1992-01-12,32,M,Casado,Técnico,Empresario,Tecnología,Víctor Larco Herrera,  La Libertad,Norte,4304.41,2095.68,258194.53,539,Regular,Telemarketing,56,2020/05/02,11,Activo
1781,DNI,2764482, rocío,Gutiérrez,Rivera,1995-02-12,29,F,Casado,Universitario,Estudiante,Agricultura,Piura,Piura,Norte,850.0,545.2,7810.0,371,Regular,Agencia,109,2015-12-24,14,Activo
1782,DNI,47164919,Diego,Rojas,Sánchez,1989-06-02,35,M,Soltero,Secundaria,Empleado Público,Otro,Sullana,Piura,Norte,1751.46,933.57,93308.75,588,Regular,Digital,175,2010-08-01,15,Activo
1783,DNI,78079823,Adriana,Mamani,Gómez,19-07-1986,38,F,Soltero,Universitario ,Independiente,Comercio,Pisco,Ica,Sur,850.0,416.64,11180.6,368,Regular,Digital,19,2022/04/18,20,Activo
1784,DNI,24941801,Silvia,Ramos,Rodríguez,1982-10-31,42,F,Casado,Universitario,Empleado Privado,Otro,Cayma,Arequipa,Sur,3871.41,2426.03,91295.16,511,Regular,Agencia,111,2015/11/01,6,Activo
1785,DNI,91465951,Rodrigo,Gómez,Laime,1980-08-11,44,M,Conviviente,Universitario,Empleado Público,Comercio,Los Olivos,Lima,Lima y Callao,3409.87,1582.55,71124.49,483,Regular,Referido,139,2013/07/28,4,Activo
1786,DNI,94383754,Silvia,López,Herrera,1962-03-11,64,F,Conviviente,Universitario,Pensionista,Agricultura,Chimbote,Ancash,Centro,850.0,590.61,36854.95,449,Regular,Agencia,149,2012-09-27,21,Activo
1787,DNI,17931625,Marco,Choque,Vargas,2004/12/09,20,M,Soltero,Universitario,Independiente,Transporte,Cayma,Arequipa,Sur,1603.23,614.22,94620.73,450,Regular,Agencia,115,2015-07-07,6,Activo
1788,DNI,79388949,Patricia,Gutiérrez,Ramos,1981-01-31,43,F,Soltero,Secundaria,Independiente,Tecnología,Lima,Lima,Lima y Callao,2453.7,1333.66,107792.6,438,Regular,Campaña Institucional,102,29/07/2016,5,Activo
1789,DNI,29696524,Diego,Ortiz,Huanca,1985-04-10,39,M,Soltero,Técnico,Empleado Público,Manufactura,San Juan de Lurigancho,Lima,Lima y Callao,1132.88,654.02,12126.89,575,Regular,Agencia,114,2015/08/09,1,Activo
1790,DNI,43370265,Marco,Rodríguez,Ortiz,1986/12/02,38,M,Casado,,Independiente,Agricultura,El Tambo,Junín,Centro,1605.99,614.36,80130.9,567,Regular,Digital,18,2022/12/03,19,Activo
1791,DNI,67313700,Carlos,Pérez,Reyes,1997/07/02,27,M,Divorciado,Universitario,Empleado Privado,Otro,Los Olivos,Lima,Lima y Callao,1438.08,575.51,17446.67,403,Regular,Referido,83,2018/02/20,4,Activo
1792,Pasaporte,373397010,César,Herrera,álvarez,1983-12-28,41,M,Soltero,Universitario,Empresario,Agricultura,  Tarapoto,San Martín,Oriente,7375.08,5160.02,61612.97,556,Regular,Digital,180,21/02/2010,23,Activo
1793,DNI,49660251,Iván,Rivera,Rivera,1952/02/07,72,M,Conviviente,Técnico,Empresario,Transporte,Miraflores,Lima,Lima y Callao,1825.53,702.79,14612.43,567,Regular,Digital,54,2020-07-09,3,Activo
1794,DNI,53119596,Diego,Pérez,González,1989-03-30,35,M,Soltero,Postgrado,Independiente,Salud,Trujillo,La Libertad,Norte,1464.85,571.15,71603.57,441,Regular,Digital,87,2017/11/07,10,Activo
1795,DNI,75042246,DiaNa,Gutiérrez,Huanca,1993/05/05,31,F,Conviviente,Universitario,Independiente,Educación,Wanchaq,Cusco,Sur,6951.02,3569.24,361884.08,526,Premium,Digital,86,26-11-2017,17,Activo
1796,DNI,48816058,Isabel,Álvarez,Torres,1982-05-05,42,F,Soltero,Secundaria,Empleado Privado,Salud,Cusco,Cusco,Sur,5597.06,2588.71,75596.56,411,Regular,Referido,128,24/06/2014,16,Inactivo
1797,DNI,41442942,Diego,Martínez,Choque,1998-10-12,26,M,Divorciado,Técnico,Empleado Público,Otro,Víctor Larco Herrera,La libertad,Norte,850.0,523.74,23658.61,442,Regular,Agencia,12,2023-11-09,11,Activo
1798,DNI,97042416,Ana,González,Castillo,1981/11/09,43,F,Divorciado,Universitario,Empleado Privado,Servicios,Cayma,Arequipa,Sur,3021.37,1795.01,127538.55,498,Regular,Agencia,106,2016/04/01,6,Inactivo
1799,DNI,97239766,Alejandra,Medina,Cusi,1999-11-28,25,F,Divorciado,Universitario,,Transporte,MirAflOreS ,Lima,Lima y Callao,2534.83,971.84,76848.52,495,Regular,Agencia,68,25-05-2019,3,Inactivo
1800,CE,800778428, VaLeRiA,Martínez,Rodríguez,1974/05/05,50,F,Soltero,Técnico,Empleado Público,Salud,Sullana,Piura,Norte,1049.66,425.85,53794.1,534,Regular,Digital,90,2017-07-17,15,Activo
1801,DNI,83491430,Diego,mamani,Martínez,1997/05/31,27,M,Conviviente,Universitario,Empleado Público,Construcción,Cajamarca,Cajamarca,Norte,1595.48,673.28,20424.8,513,Regular,Agencia,41,25-07-2021,24,Activo
1802,DNI,91205994,Silvia,Herrera,Huanca,1981/04/13,43,F,Viudo,Universitario,Empleado Privado,Otro,La Esperanza,La Libertad,Norte,1874.82,966.1,95794.19,488,Regular,Telemarketing,177,2010/06/17,9,Activo
1803,DNI,61088025,Rocío,Cusi,Rodríguez,21-11-2001,23,fem,Casado,Universitario,Empleado Privado,Servicios,Chiclayo,Lambayeque,Norte,4333.83,2720.55,111798.02,451,Regular,Telemarketing,34,16-03-2022,13,Inactivo
1804,DNI,15167616,Juan,Rojas,Morales,1969/05/25,55,M,Casado,Secundaria,Empleado Privado,Finanzas,Pisco,Ica,Sur,2404.64,1607.48,135160.15,478,Regular,,91,2017/06/13,20,Activo
1805,DNI,20922545,Pablo,Díaz,Medina,1992-12-12,32,M,Soltero,Universitario,Empleado Privado,Comercio,Chiclayo,Lambayeque,Norte,4079.76,2019.96,240716.05,437,Regular,Agencia,132,2014-02-12,13,Activo
1806,DNI,10006658,Rocío,Quispe,Reyes,1975-02-15,49,F,Soltero,Técnico,Empresario,Manufactura,Huancayo,Junín,Centro,4801.52,2589.78,62606.27,414,Regular,Telemarketing,52,2020/09/03,18,Activo
1807,DNI,97064937,Claudia,Rodríguez,García,21-08-1989,35,F,Casado,Universitario,Empleado Público,Agricultura,Chimbote,Ancash,Centro,1246.83,563.63,62616.17,496,Regular,Agencia,107,18/03/2016,21,Inactivo
1808,DNI,76451300,Ángela,Vargas, Choque ,1997-09-05,27,F,casado ,Universitario,Empleado Privado,Comercio,Chimbote,Ancash,Centro,4011.21,2127.4,58472.97,463,Regular,Telemarketing,136,2013-10-12,21,Activo
1809,DNI,40628285,Valeria,Huanca,Castillo  ,1985-08-11,39,F,Divorciado,Técnico,Empleado Público,Transporte,San Juan de Lurigancho,Lima,Lima y Callao,2680.76,1793.24,92253.05,556,Regular,Agencia,139,2013/07/23,1,Activo
1810,DNI,11788750,Jorge,Cusi,Herrera,1983/12/05,41,M,Casado,Secundaria,Empleado Privado,Finanzas,Arequipa,Arequipa,Sur,1922.31,957.95,20984.84,387,Regular,Referido,85,2018/01/02,7,Activo
1811,CE,74045156,Gabriela,Pérez,Condori,28/12/1991,33,F,Casado,Postgrado,Empleado Público,Manufactura,Lima, LIMA ,Lima y Callao,1536.07,629.22,35412.02,498,Regular,Agencia,6,2024/01/10,5,Activo
1812,DNI,30925239,Enrique,FlOrEs,Medina,1987-03-29,37,M,Soltero,Postgrado,Independiente,Transporte,Yanahuara,Arequipa,Sur,3631.59,2446.09,79139.16,449,Regular,,131,15/03/2014,8,Activo
1813,DNI,19366943,Luis,  Flores,Ramos,1983-11-09,41,M,Casado,Técnico,Empleado Privado,Educación,Lima,Lima,Lima y Callao,5109.6,2277.14,265477.16,510,Regular,Agencia,166,2011-05-04,5,Activo
1814,DNI,14631879,MARCO,Vargas,Gutiérrez,1983/07/05,41,M,Casado,Técnico,Pensionista,Educación,Santiago de Surco,LimA,Lima y Callao,850.0,473.12,11986.46,448,Regular,Referido,140,14/06/2013,2,Activo
1815,DNI,31960250,Ana,Ramírez,Díaz,1994-01-04,31,fem,Casado,Universitario,Empleado Privado,Construcción,Yanahuara,Arequipa,Sur,1992.16,1273.68,37711.46,512,Regular,Digital,178,2010/05/03,8,Activo
1816,DNI,2757896,Marco,Morales,Cusi,1985-06-02,39,M,Conviviente,Técnico,Pensionista,Tecnología,Santiago de surco,Lima,Lima y Callao,850.0,439.62,20201.99,577,Regular,Agencia,128,2014/06/07,2,Activo
1817,DNI,19982477,Sandra,Apaza,López,1979/04/03,45,F,Soltero,Universitario,Independiente,Transporte,Arequipa,Arequipa,Sur,890.78,616.73,13946.2,464,Regular,Agencia,12,29-09-2020,7,Activo
1818,DNI,28168960,Miguel,García,Laime,27/04/1981,43,M,Soltero,Universitario,Independiente,Educación,Arequipa,Arequipa,Sur,7748.46,5117.12,326359.37,439,Regular,Telemarketing,104,2016/06/02,7,Activo
1819,DNI,6817922,Carmen,Rivera,Huanca,19/03/1971,53,F,Casado,Secundaria,,Finanzas,Iquitos,Loreto,Oriente,6212.22,3805.68,102491.61,477,Premium,Digital,69,2019-04-20,22,Activo
1820,DNI,54487890,María,Reyes,Torres,1986/12/20,38,F,Conviviente,Universitario,Independiente,Agricultura,Cajamarca,Cajamarca,Norte,1094.77,602.1,23810.15,467,Regular,Telemarketing,2,2024/10/13,24,Activo
1821,DNI,80666405,José,Vargas,Cusi,1983-07-02,41,M,Conviviente,Universitario,Empresario,Finanzas,Santiago de Surco,LIMA  ,Lima y Callao,8456.36,4452.43,391393.63,578,Premium,Digital,47,17/02/2021,2,Activo
1822,DNI,37126887,Carlos,Apaza,Huanca,1991-03-31,33,M,Soltero,Postgrado,Empleado Privado,Servicios,Cayma,Arequipa,Sur,992.48,600.32,30912.62,470,Regular,Agencia,165,2011/05/20,6,Inactivo
1823,DNI,56247994,Rodrigo,Sánchez,Morales,23-02-1979,45,M,Conviviente,Técnico,Independiente,Manufactura,Cayma,Arequipa,Sur,2839.98,1261.21,34213.19,475,Regular,Telemarketing,31,14/10/2020,6,Activo
1824,DNI,78464015,Alejandra,Cruz,Martínez,1981-07-15,43,F,Casado,Técnico,Independiente,Educación,Wanchaq,Cusco,Sur,6787.56,3918.67,198482.69,519,Premium,Agencia,80,2018/05/11,17,Activo
1825,DNI,66729299,Isabel,Vargas,Castro,19-07-1987,37,F,Soltero,Técnico,Independiente,Construcción,Trujillo,La Libertad,Norte,1580.88,760.64,40893.18,469,Regular,Campaña Institucional,39,17-08-2020,10,Activo
1826,DNI,38688339,Ana,Castro,Rodríguez,1963/11/27,61,F,Soltero,Técnico,Empleado Privado,Tecnología,Wanchaq,Cusco,Sur,2972.97,1865.61,39894.58,514,Regular,Referido,42,2021-07-06,17,Activo
1827,DNI,56574808,Jorge,Jiménez,Ortiz,1988/06/07,36,M,Conviviente,Técnico,Independiente,Otro,Piura,Piura,Norte,4804.25,2962.71,85079.57,591,Regular,Telemarketing,111,17-11-2015,14,Activo
1828,DNI,26646096,Fabiola,Rivera,Álvarez,30-10-1977,47,F,soltero,Universitario,Empleado Público,Comercio, Chiclayo ,Lambayeque,Norte,2263.75,1314.35,18588.76,517,Regular,Digital,9,2020-01-11,13,Inactivo
1829,CE,300178462,Víctor,Sánchez,Castro,19-06-2004,20,MASCULINO,Casado,Universitario,Empleado Público,Agricultura,Trujillo,La Libertad,Norte,2369.01,1405.11,126496.39,482,Regular,Telemarketing,87,2017/10/30,10,Activo
1830,DNI,7321665,Carlos,Vargas, Gómez,1977-11-07,47,M,Viudo,Postgrado,Empleado Privado,Finanzas,Sullana,Piura,Norte,2071.31,1234.36,78029.92,473,Regular,Telemarketing,176,2010/06/19,15,Activo
1831,DNI,642276,Rodrigo,Cusi,Rojas,1987-12-08,37,M,Conviviente,Técnico,Empresario,Agricultura,La Esperanza,La Libertad,Norte,10186.79,6523.67,130867.04,495,Regular,Telemarketing,1,15/01/2024,9,Activo
1832,DNI,74116028,Cecilia,Castillo,Ramírez,1958-06-11,66,F,Casado,Universitario,Independiente,Transporte,VíCtOr lArCo hErReRa ,La Libertad,Norte,3726.21,2506.45,41604.46,447,Regular,Agencia,50,2020/11/13,11,Activo
1833,DNI,4155282,Rocío,Cusi,Huanca,1984-07-19,40,F,Divorciado,Secundaria,Empleado Público,Servicios,Víctor Larco Herrera,La Libertad,Norte,1601.27,936.07,59517.41,382,Regular,Agencia,145,2013-01-04,11,Inactivo
1834,DNI,29457867,María,Morales,Ramírez,1963/03/14,61,Femenino,Casado,Universitario,Pensionista,Comercio,Chimbote,Ancash,Centro,1587.99,836.16,35763.18,542,Regular,Agencia,74,2018/11/26,21,Inactivo
1835,DNI,83419067,César,Ramírez,Ortiz,20-02-1981,43,M,Casado,Universitario,Independiente,Servicios,Pisco,Ica,Sur,893.03,451.76,19865.7,459,Regular,Agencia,124,21-10-2014,20,Activo
1836,DNI,28265859,Marco,Chávez,Gómez,1972-03-05,52,M,Casado,Universitario,Empleado Público,Construcción,Chiclayo,Lambayeque,Norte,1490.74,842.66,31121.86,381,Regular,Agencia,163,2011-08-04,13,Activo
1837,DNI,56512343,Rodrigo,Herrera,Mamani,1985-03-28,39,MASCULINO,Conviviente,Técnico,Independiente,Salud,Wanchaq,Cusco,Sur,2063.73,842.72,98821.69,490,Regular,Referido,67,2019-06-24,17,Activo
1838,DNI,45907312,Rodrigo,Reyes,González,1974/09/13,50,M,Casado,Secundaria,Independiente,Servicios,Víctor Larco Herrera,La Libertad,Norte,3864.75,2223.44,89692.7,516,Regular,Referido,116,2015-06-05,11,Activo
1839,DNI,77070507,Jorge,Sánchez,Condori,1968/12/05,56,M,Soltero,Técnico,Empleado Privado,Otro,Huancayo,Junín,Centro,1474.11,684.02,49796.72,534,Regular,Referido,130,2014-04-10,18,Activo
1840,DNI,20798047,Mónica,Reyes,Gómez,31/05/1975,49,F,Soltero,Universitario,Empleado Público,Otro,Arequipa,Arequipa,Sur,1353.35,917.76,61059.51,433,Regular,Agencia,34,2020-03-15,7,Activo
1841,DNI,18454419,Diego,Castillo, Rivera ,16-01-1991,33,M,Casado,Técnico,Estudiante,Tecnología,Piura,Piura,Norte,850.0,374.9,32830.14,512,Regular,Telemarketing,50,2020/11/10,14,Activo
1842,CE,159952747,Fabiola,Flores,Apaza,17-10-1990,34,F,Conviviente,Universitario,Empleado Público,Salud,Los Olivos,Lima,Lima y Callao,1407.3,600.89,55509.72,460,Regular,Campaña Institucional,108,23-01-2016,4,Activo
1843,DNI,47561961,Ricardo,Díaz,Reyes,1969/12/09,55,M,Conviviente,Técnico,Estudiante,Otro,Yanahuara,Arequipa,Sur,850.0,444.3,48382.5,494,Regular,Agencia,19,28-04-2020,8,Activo
1844,DNI,87005125,Carlos,Martínez,Rivera,30/04/1984,40,M,soltero ,Universitario,Empleado Público,Comercio,El Tambo,Junín,Centro,3484.38,1667.14,138545.6,465,Regular,Telemarketing,92,2017/05/14,19,Activo
1845,DNI,27462268,Víctor,García,Castillo,27-09-1967,57,M,Casado,Técnico,Empresario,Manufactura,Cayma,Arequipa,Sur,7247.53,4689.87,202350.83,531,Regular,Agencia,143,2013/03/20,6,Activo
1846,DNI,14449419,Héctor,Ortiz,Reyes,18/04/1952,72,M,Casado,Técnico,Empleado Público,Agricultura,Víctor Larco Herrera,La Libertad,Norte,1697.7,1111.92,15902.28,513,Regular,Agencia,115,2015/07/03,11,Activo
1847,DNI,15736850,Ángela,Medina,Gómez,17/02/1997,27,F,Casado,Secundaria,Empleado Privado,Otro,El Tambo,Junín,Centro,4064.68,1807.98,91266.66,561,Regular,Agencia,37,19-05-2020,19,Activo
1848,DNI,45661966,Rodrigo,Torres,Rodríguez,1962/10/10,62,M,Divorciado,Universitario,Empleado Privado,Comercio,Cusco,Cusco,Sur,6048.35,3326.6,190840.06,511,Regular,Campaña Institucional,91,2017/06/23,16,Activo
1849,DNI,47566573,Eduardo,Morales,Gutiérrez,1988/01/10,37,M,divorciado,Universitario,Independiente,Salud,Chimbote, Ancash,Centro,850.0,323.27,14993.31,589,Regular,Digital,96,2017-02-01,21,Activo
1850,DNI,94621470,Valeria,García,Castro,1977/04/21,47,F,Conviviente,Universitario,Empleado Privado,Educación,Cajamarca,Cajamarca,Norte,,893.95,108922.82,568,Regular,Campaña Institucional,39,2021-07-06,24,Activo
1851,CE,816293096,Alejandra,Cruz,García,1994/07/28,30,F,Soltero,Universitario,Empleado Privado,Salud,Huancayo,Junín  ,Centro,3173.18,2094.5,74282.77,461,Regular,Agencia,153,2012-06-07,18,Activo
1852,DNI,79779631,Miguel,Rojas,López,23-09-1975,49,M,Casado,Postgrado,Empleado Público,Educación,El tambo ,JuNíN,Centro,2166.2,1426.27,23826.76,438,Regular,Digital,16,21/11/2021,19,Activo
1853,DNI,83087884,Adriana,López,Choque,20/05/1982,42,F,Casado,Técnico,Empleado Privado,Finanzas,Lima,Lima,Lima y Callao,4812.25,2475.72,55821.03,491,Regular,Digital,39,2020-09-29,5,Inactivo
1854,DNI,48230097,Fernando,Quispe,Jiménez,1973-03-01,51,M,Soltero,Técnico,Empleado Público,Salud,Iquitos,Loreto,Oriente,1483.61,815.88,42088.3,518,Regular,Referido,111,2015/11/14,22,Activo
1855,DNI,81408282,Miguel, Díaz,Reyes,27/06/1990,34,M,Conviviente,Universitario,Empleado Público,Educación,Miraflores,Lima,Lima y Callao,2672.47,1145.0,112802.62,498,Regular,Agencia,84,2018/01/25,3,Activo
1856,DNI,31596378,Rosa,Morales,Romero,1974/12/04,50,F,Soltero,Técnico,Empleado Público,Otro,Iquitos,Loreto,Oriente,3457.89,1674.78,129777.16,559,REGULAR,Referido,164,2011/07/08,22,Activo
1857,DNI,44940581,Manuel,González,Morales,1979/07/01,45,M,Casado,,Empresario,Manufactura,Sullana,Piura,Norte,3222.89,2053.19,30196.32,513,Regular,Digital,153,2012/06/06,15,Inactivo
1858,DNI,86068144,Óscar,Pérez,González,25/02/1989,35,M,Conviviente,Técnico,Estudiante,Otro,huancayo,Junín,Centro,850.0,366.67,41700.6,453,Regular,Digital,153,2012-06-06,18,Activo
1859,CE,585824049,Diego,Quispe,Flores,1994-03-03,30,M,Casado,Técnico,Empleado Privado,Otro,Cusco,Cusco,Sur,973.12,671.95,28492.82,430,Regular,Digital,13,28/01/2022,16,Activo
1860,DNI,75989622,Lucía,Chávez,García,1980/12/25,44,F,Casado,Universitario,Empleado Privado,Otro,Cajamarca,Cajamarca,Norte,1473.56,652.99,39794.98,489,Regular,Telemarketing,134,2013/12/02,24,Activo
1861,DNI,26334922,Rosa,Gutiérrez,Jiménez,1960/05/02,64,F,Casado,Universitario,Pensionista,Salud,Pisco,Ica,Sur,1840.63,806.14,49458.89,604,Regular,Agencia,147,2012-12-03,20,Activo
1862,DNI,82138011,Héctor,Rivera,  CASTRO,1978/04/28,46,M,Soltero,universitario ,Empleado Privado,Salud,La Esperanza,La Libertad,Norte,5261.1,3037.97,245503.57,459,Regular,Digital,51,2020-10-01,9,Activo
1863,CE,750839731,David,Sánchez,Reyes,25/02/1990,34,M,casado,Universitario,Empleado Público,Transporte,Yanahuara,Arequipa,Sur,850.0,565.87,50234.05,557,Regular,Agencia,41,22-07-2021,8,Bloqueado
1864,DNI,65628073,Eduardo,Morales,Ortiz,1964/01/24,60,M ,Conviviente,Técnico,Empleado Privado,Comercio,Cajamarca,Cajamarca,Norte,2454.63,1513.04,92256.75,500,Regular,Digital,124,2014-09-30,24,Activo
1865,DNI,28625587,Valeria,Apaza,Martínez,1992/08/05,32,F,Divorciado,Universitario,Independiente,Salud,Santiago de Surco,Lima,Lima y Callao,-2817.39,1224.5,153267.21,535,Regular,Agencia,122,2014-11-27,2,Activo
1866,DNI,26231675,Ángela,Herrera,Condori,14-05-2003,21,F,Conviviente,Secundaria,Independiente,Transporte,Chiclayo,Lambayeque,Norte,2611.87,1310.56,92005.69,441,Regular,Agencia,91,2017/06/24,12,Activo
1867,DNI,68863713,Silvia ,Rodríguez,Reyes,1981/08/11,43,F,Conviviente,Postgrado,Independiente,Finanzas,Sullana,Piura,Norte,3240.01,2091.16,173241.4,480,Regular,Digital,123,26-10-2014,15,Activo
1868,DNI,39657537,Enrique,Castillo, MorAleS ,26/04/1984,40,M,Divorciado,Técnico,Empleado Privado,Agricultura,Miraflores,Lima,Lima y Callao,2520.68,1712.07,92356.07,538,Regular,Agencia,46,28-02-2021,3,Activo
1869,DNI,42996138,Pablo,Flores,Rivera,26/10/1977,47,m,Soltero,Secundaria,Empleado Privado,Otro,La Esperanza,La Libertad,Norte,3300.93,2273.37,139146.56,427,Regular,Telemarketing,105,2016/04/21,9,Activo
1870,DNI,82921629,Cecilia,Laime,Díaz,1987/03/07,37,F,Casado,Universitario,Independiente,Comercio,Chiclayo,Lambayeque,Norte,4208.84,2057.1,41755.08,485,Regular,Agencia,169,17/01/2011,13,Activo
1871,CE,625096941,Enrique,Huanca,Sánchez,15-12-1975,49,M,Soltero,Técnico,Empleado Privado,Tecnología,Pisco,Ica,Sur,7254.78,4267.97,297205.25,565,Regular,Digital,86,18/11/2017,20,Activo
1872,DNI,92360368,María,Choque,Condori,1981/04/21,43,F,Soltero,Universitario,Pensionista,Tecnología,Miraflores,Lima,Lima y Callao,860.61,537.03,30392.28,345,Regular,Referido,1,2020/09/03,3,Activo
1873,DNI,38319180,Gabriela,Reyes,Huanca,1985-11-03,39,F,Viudo,Técnico,Independiente,Agricultura,Tarapoto ,San Martín,Oriente,1814.0,1177.16,30904.88,503,Regular,Referido,127,2014-07-12,23,Activo
1874,DNI,80187472,Paola,Laime,Huanca,1984/07/26,40,F,Casado,Universitario,Pensionista,Manufactura,La Esperanza,La Libertad,Norte,907.84,454.15,41062.01,383,Regular,Agencia,46,2021-03-19,9,Activo
1875,DNI,17042327,Víctor,Romero,Ramos,24/06/1994,30,M,Conviviente,Universitario,Empleado Privado,Tecnología,Los Olivos,Lima,Lima y Callao,3286.25,1308.99,143523.68,565,Regular,Agencia,35,13-02-2022,4,Activo
1876,DNI,18910953,Roberto,Rodríguez,Álvarez,21/09/1984,40,M,Soltero,Secundaria,Empleado Privado,Servicios,Lima,Lima,Lima y Callao,3304.78,1532.59,91921.97,538,Regular,Digital,117,2015-05-18,5,Activo
1877,DNI,2098194,Andrés,González,Cruz,1992/06/19,32,M,Soltero,Universitario,Empresario,Agricultura,Miraflores,Lima,Lima y Callao,6606.41,2869.61,119829.41,460,Regular,Agencia,56,2020-05-05,3,Activo
1878,DNI,98063533,Claudia,Rojas,Martínez,20/05/1972,52,F,Conviviente,Técnico,Empleado Público,Servicios,Chimbote,Ancash,Centro,2411.67,1606.74,38947.05,539,Regular,Campaña Institucional,73,2018/12/22,21,Activo
1879,DNI,15133209,Andrés,González,Martínez,1992-08-02,32,M,Casado,Técnico,Empresario,Finanzas,Yanahuara,Arequipa,Sur,8102.49,4572.89,224026.04,618,Premium,Telemarketing,10,2024-02-07,8,Activo
1880,DNI,39036385,Carlos,Mamani,Ramos,1995/11/22,29,M,Casado,Técnico,Independiente,Finanzas,Iquitos,Loreto,Oriente,1657.36,736.68,62129.93,479,Regular,Agencia,108,2016-02-04,22,Activo
1881,DNI,46831465,Enrique,García,Rodríguez,1973/04/06,51,M,Soltero,Universitario,,Comercio,Cusco,Cusco,Sur,2300.02,1162.41,99927.96,345,Regular,Agencia,93,2017/05/11,16,Activo
1882,DNI,18190232,Daniela,Herrera,Condori,1966/02/04,58,F,Soltero,Técnico,Independiente,Transporte,Cajamarca,Cajamarca,Norte,4452.64,3046.46,125575.69,420,Regular,Agencia,74,2018-11-13,24,Activo
1883,Pasaporte,926775046,María,Rojas,Rodríguez,1990-03-11,34,F,Soltero,Técnico,Empleado Privado,Construcción,Víctor Larco Herrera,La Libertad,Norte,5860.9,3139.76,153268.99,562,Regular,Referido,31,2020/01/23,11,Activo
1884,DNI,72020487,Ángela,Chávez,díaz,1971-11-03,53,F,soltero ,Secundaria,Independiente,Manufactura,Cajamarca,Cajamarca,Norte,2233.34,1095.78,80338.66,508,Regular,Agencia,163,26/07/2011,24,Activo
1885,DNI,97453145,Diego,Medina,Chávez,26/11/1984,40,M,Casado,Técnico,Empleado Privado,Tecnología,Tarapoto,San Martín,Oriente,4931.21,3112.89,224736.34,441,Regular,Campaña Institucional,121,2015-01-20,23,Activo
1886,DNI,29436109,María,Castro,Jiménez,1992/08/05,32,Femenino,Soltero,Universitario,Empleado Público,Construcción,La Esperanza,La Libertad,Norte,2921.4,2020.56,87892.41,491,Regular,Agencia,35,2022/01/21,9,Activo
1887,DNI,60225255,Gabriela ,Castro,Ramos,1966/06/03,58,F,Conviviente,Técnico,Empleado Privado,Otro,Sullana,Piura,Norte,2282.76,1478.16,67920.8,508,Regular,Agencia,76,2018-10-01,15,Activo
1888,DNI,1637905,José,Gómez,Gómez,1994/04/04,30,M,Divorciado,Técnico,Empleado Privado,Construcción,Miraflores,Lima,Lima y Callao,2598.94,1466.63,61222.63,388,Regular,Digital,126,2014-08-15,3,Activo
1889,DNI,56120646,Sandra,Rojas,Sánchez,1988-12-27,36,F,SOLTERO,Técnico,Independiente,Salud,Huancayo,Junín,Centro,850.0,584.0,46106.78,513,Regular,Agencia,42,2020/07/09,18,Activo
1890,DNI,43999257,Mónica,Rivera,Castillo,1974/12/20,50,F,Conviviente,Universitario,Independiente,Finanzas,Iquitos,Loreto,Oriente,850.0,573.7,9362.22,570,Regular,Telemarketing,20,21-04-2023,22,Activo
1891,DNI,52032865,Jorge,Apaza,Jiménez,1953/03/03,71,m,Viudo,Secundaria,Empleado Privado,Servicios,Wanchaq,Cusco,Sur,3554.94,2298.12,74817.21,481,Regular,,174,20/08/2010,17,Activo
1892,DNI,67308303,Ana,Jiménez, Gómez,1949-04-23,75,F,Casado,Universitario,,Comercio,Santiago de Surco,LiMa,Lima y Callao,3249.48,2076.36,156336.61,537,Regular,Agencia,87,2017/11/02,2,Activo
1893,DNI,95744540,Pablo,Flores,González,1980/03/20,44,M,Conviviente,Universitario,Empresario,Servicios, CUSCO,Cusco,Sur,13050.93,5473.12,116200.89,551,VIP,Telemarketing,26,2021-02-04,16,Activo
1894,DNI,67695979,José,Mamani,Reyes,1988/04/02,36,M,Soltero,Técnico,Independiente,Educación,Chimbote,Ancash,Centro,1143.83,524.58,55051.13,457,Regular,Agencia,82,2018-03-15,21,Activo
1895,DNI,65141343,Eduardo,Cruz,Huanca,18-12-1995,29,M,Soltero,Técnico,Empleado Privado,Tecnología,El Tambo,Junín,Centro,2629.96,1724.6,105255.15,437,Regular,Referido,171,14-12-2010,19,Activo
1896,DNI,19170242,Isabel,Romero,Medina,17-01-2000,24,F,Conviviente,Técnico,Empleado Público,Manufactura,Santiago de Surco,Lima,Lima y Callao,3010.75,1761.59,141276.27,454,Regular,Digital,91,2017/06/16,2,Activo
1897,DNI,71682611,Ricardo,Cusi,Martínez,1998-12-04,26,M,Soltero,Postgrado,Empleado Privado,Salud,Arequipa,Arequipa,Sur,2301.11,929.83,137504.19,467,regular ,Agencia,74,2018/12/01,7,Inactivo
1898,DNI,55647311,Fernando,  Ortiz,Quispe,2003-04-06,21,M,Divorciado,Universitario,Empleado Público,Transporte,Chiclayo,LAMBAYEQUE  ,Norte,2026.12,1282.87,40331.36,417,Regular,Digital,80,2018/06/03,12,Activo
1899,DNI,57816560,Rodrigo,Rodríguez,García,1962-04-12,62,m,Casado,Postgrado,Empresario,Otro,Arequipa,Arequipa,Sur,9044.78,4949.83,356633.48,526,Premium,Referido,12,31-03-2020,7,Activo
1900,DNI,17346087,Héctor,Martínez,Ramírez,1991/08/18,33,M,Soltero,Universitario,Empleado Privado,Manufactura,Huancayo,Junín,Centro,2518.42,1281.09,113861.0,508,Regular,Agencia,135,2013-11-04,18,Activo
1901,Pasaporte,450308349,Isabel,Pérez,Díaz,25/05/1983,41,F,Soltero,Secundaria,Empresario,Agricultura,Arequipa,Arequipa,Sur,4996.98,3119.1,193146.1,514,Regular,Digital,134,2013-12-06,7,Activo
1902,DNI,27818155,Diego  ,Díaz,Choque,1990/01/21,34,M,Conviviente,Universitario,Estudiante,Construcción,Yanahuara,Arequipa,Sur,850.0,473.96,11032.57,357,Regular,Agencia,122,2014-12-04,8,Activo
1903,DNI,78760287,Roberto,  PérEz,Díaz,25-06-1971,53,M,Soltero,Postgrado,Empleado Público,Salud,Yanahuara,Arequipa,Sur,2576.15,1315.35,107905.92,482,Regular,Agencia,129,2014/05/19,8,Inactivo
1904,DNI,88379398,isabel,Condori,González,15-01-1961,64,F,Casado,Universitario,Empleado Privado,Manufactura,Piura,Piura,Norte,3470.82,1352.54,133829.02,459,Regular,Telemarketing,124,2014-10-08,14,Bloqueado
1905,DNI,69823207,Patricia,Gómez,Romero,18/02/1972,52,F,Soltero,Técnico,Pensionista,Tecnología,Chiclayo,Lambayeque,Norte,1321.78,543.05,39833.6,522,Regular,Digital,64,2019/09/11,12,Inactivo
1906,DNI,14128044,José,Rivera  ,Cruz,1988/12/14,36,M,Casado,Postgrado,Empresario,Construcción,El Tambo,Junín,Centro,7174.34,3618.86,263528.64,493,Premium,Agencia,72,2019/01/20,19,Activo
1907,Pasaporte,617327760,Patricia,Chávez,Choque,1976-05-29,48,F,Casado,Postgrado,Empleado Privado,Manufactura,Sullana,Piura,Norte,1148.79,557.75,20290.63,470,Regular,Digital,140,2013/06/12,15,Activo
1908,DNI,98436633,Luis,Morales,Álvarez,1962-04-06,62,MASCULINO,Casado,Universitario,Independiente,Transporte,Cusco,Cusco,Sur,1569.67,888.87,47381.22,479,Regular,Digital,75,2018/11/01,16,Activo
1909,DNI,94583618,Gabriela,Jiménez,Cruz,18/07/1988,36,F,Conviviente,Postgrado,Empleado Público,Tecnología,Wanchaq,Cusco,Sur,1238.98,661.78,41865.5,375,Regular,Telemarketing,93,24/04/2017,17,Activo
1910,DNI,2567021,Iván,Laime, Rivera,1985/10/05,39,M,Conviviente,Universitario,Independiente,Construcción,TruJilLo,La Libertad,Norte,2506.39,1663.59,69229.37,480,Regular,Digital,34,2022-03-09,10,Activo
1911,DNI,40380437,Rocío,González,Rojas,16-11-1984,40,F ,Soltero,Universitario,Independiente,Educación,Piura,Piura,Norte,2366.93,1628.47,72864.14,540,Regular,Digital,54,2020-07-01,14,Activo
1912,DNI,7839313,Isabel,Medina,Vargas,31-07-1985,39,F,Soltero,,Empresario,Construcción,Los Olivos,Lima,Lima y Callao,3972.1,1528.69,117123.7,490,Regular,Referido,158,2011/12/14,4,Activo
1913,DNI,28107056,Lucía,Jiménez,Martínez,1976-12-10,48,F,Soltero,Universitario,Empresario,Transporte,Cusco,Cusco,Sur,13990.81,7123.15,438081.49,505,VIP,Digital,78,2018/07/20,16,Activo
1914,DNI,15317660,Sofía,Torres,López,1981-03-25,43,F,Viudo,Secundaria,Empleado Público,Agricultura,Chiclayo, Lambayeque,Norte,2434.21,1531.65,113948.15,454,Regular,Referido,30,2022-01-27,13,Activo
1915,DNI,55460683,Óscar,Pérez,Condori,29/11/1982,42,M,Soltero,Postgrado,Empleado Privado,Educación,Chiclayo  ,Lambayeque,Norte,1368.75,620.93,60094.46,388,Regular,Agencia,159,2011-11-26,13,Activo
1916,DNI,18758804,Rocío,Rivera,Ramos,1983/03/07,43,F,Soltero,Universitario,Independiente,Manufactura,Chiclayo,Lambayeque,Norte,1836.52,1257.71,70882.42,503,Regular,Digital,13,20-11-2023,13,Activo
1917,DNI,2293094,César,Ortiz,Castillo,1983/11/19,41,M,Soltero,Postgrado,Empleado Privado,Servicios,El Tambo,Junín,Centro,1734.86,1071.8,24789.19,482,Regular,Referido,62,2019-11-01,19,Activo
1918,DNI,87230636,Enrique,Vargas,Castillo,1997-05-27,27,M,Casado,Universitario,Independiente,Manufactura,Víctor Larco Herrera,La Libertad,Norte,5472.77,3124.41,305512.79,396,Regular,Digital,103,2016/07/04,11,Activo
1919,DNI,93224967,Rosa,López,Chávez,21-11-1985,39,F,Soltero,Secundaria,,Educación,Chiclayo,Lambayeque,Norte,1653.03,885.06,54765.43,513,Regular,Digital,125,2014/09/06,13,Activo
1920,DNI,44388269,Miguel,Ramírez,Rodríguez,1986/03/07,38,M,Casado,Universitario,Empleado Privado,Servicios,Cayma,Arequipa,Sur,2131.08,989.83,19698.5,528,Regular,Agencia,138,2013-08-09,6,Activo
1921,DNI,63914183,Iván,Apaza,Castro,1982/04/27,42,M,Casado,Secundaria,Independiente,Finanzas,San Juan de Lurigancho,Lima,Lima y Callao,3348.07,1897.02,131683.72,435,Regular,Agencia,133,2014-01-04,1,Activo
1922,DNI,78610954, Marco , Ortiz,Quispe,1999-08-18,25,M,Casado,Universitario,Empleado Privado,Tecnología,Trujillo,La Libertad,Norte,2618.15,1039.55,39693.19,445,Regular,Digital,70,2019/03/23,10,Inactivo
1923,DNI,56899108,Luis,Morales,Torres,1975/09/06,49,M,casado,Técnico,Empleado Público,Salud,Cayma,Arequipa,Sur,2152.09,822.82,67445.14,529,Regular,Digital,144,2013-02-04,6,Activo
1924,DNI,79746317,Daniela,Rodríguez,Sánchez,2002-10-01,22,F,Divorciado,Secundaria,Independiente,Educación,Chimbote,Ancash,Centro,7421.16,4416.71,142527.94,458,Regular,Agencia,45,15-06-2020,21,Activo
1925,DNI,30326249,Alejandro,Álvarez,González,21/06/1974,50,M,Casado,,Empresario,Finanzas,Chiclayo,Lambayeque,Norte,3683.7,2337.57,176122.85,539,regular,Agencia,54,30/06/2020,13,Activo
1926,DNI,95412176,Gabriela,laime  ,Huanca,21-05-1998,26,F,Soltero,Postgrado,Empleado Privado,Otro,La Esperanza,La Libertad,Norte,3137.9,1506.5,89416.54,445,Regular,Agencia,64,2019/09/03,9,Activo
1927,DNI,53650456,Alejandro,Morales, ORTIZ,1982/04/27,42,M,Casado,Universitario,Empleado Privado,Finanzas,Iquitos, Loreto ,Oriente,4037.88,1546.22,37251.52,423,regular,Agencia,151,2012/08/01,22,Inactivo
1928,DNI,84276861,Sandra,Díaz,PérEz,1991-08-01,33,F,Casado,Secundaria,Empleado Privado,Salud,Los Olivos,Lima,Lima y Callao,3336.02,1588.44,191417.3,591,Regular,Referido,81,17-04-2018,4,Activo
1929,DNI,18445766,Silvia,Díaz,Morales,17/09/1984,40,F,Soltero,Universitario,Empleado Privado,Otro,Pisco,Ica,Sur,3769.84,1829.1,214163.26,481,Regular,Telemarketing,80,2018/05/09,20,Inactivo
1930,DNI,73265234,Diana,Herrera,López,1959/06/19,65,F,Casado,Técnico,,Transporte,Trujillo,La Libertad,Norte,1396.19,536.76,16818.9,517,Regular,Agencia,17,21/03/2022,10,Activo
1931,DNI,1989289,Héctor,López,Cruz,2002-04-04,22,M,soltero ,Técnico,Empleado Privado,Manufactura,Cayma,Arequipa,Sur,850.0,589.24,26909.29,471,Regular,Referido,112,2015/10/12,6,Bloqueado
1932,DNI,7813847,Rodrigo,Ortiz,Gómez,1981-07-20,43,M,Divorciado,Universitario,Independiente,Manufactura,Huancayo,Junín,Centro,1924.94,1325.28,58418.79,482,Regular,Referido,172,2010/10/19,18,Activo
1933,DNI,55465120,Héctor,Gutiérrez,Pérez,1949/05/07,75,M,Casado,Secundaria,Empresario,Otro,Lima, Lima ,Lima y Callao,6140.9,2957.05,168652.49,570,Regular,Digital,172,2010/11/07,5,Activo
1934,DNI,46439442,Silvia,Jiménez,Quispe,20/09/1990,34,F,Casado,Universitario,Independiente,Agricultura,SAN JUAN DE LURIGANCHO,Lima,Lima y Callao,2693.59,1157.63,54940.78,463,Regular,Referido,60,24/01/2020,1,Activo
1935,DNI,53900343,Silvia,Reyes,Sánchez,1987-03-22,37,F,Conviviente,Universitario,Empleado Público,Construcción,Huancayo,Junín,Centro,4202.49,2840.7,242498.63,568,Regular,Telemarketing,128,20-06-2014,18,Activo
1936,DNI,56578339,Adriana,Herrera,Herrera,1981/01/15,43,F,Soltero,Universitario,Empleado Privado,Agricultura,Lima,Lima,Lima y Callao,906.81,614.01,54064.03,466,Regular,Agencia,130,19/04/2014,5,Activo
1937,DNI,95728397,Carmen,Cusi,Condori,1950-05-04,74,F,Casado,Secundaria,Empleado Público,Servicios,Cayma,Arequipa,Sur,2390.57,1248.77,73807.24,595,Regular,Digital,136,2013-10-03,6,Activo
1938,DNI,25670327,Ángela,Apaza,Chávez,23/06/1965,59,F,Soltero,Universitario ,Independiente,Otro,Sullana,Piura,Norte,3068.39,1789.52,141221.35,468,Regular,Digital,75,24-10-2018,15,Activo
1939,DNI,90743906,Andrés,López,Choque,2004-12-20,20,M,Viudo,Postgrado,Independiente,Agricultura,Iquitos,Loreto,Oriente,3137.18,1226.82,80791.39,411,Regular,Digital,33,2021/12/11,22,Activo
1940,DNI,19718901,Ana,Flores,Ramos,1980/02/24,44,F,Soltero,Secundaria,Independiente,Manufactura,San Juan de Lurigancho,Lima,Lima y Callao,986.98,635.52,47878.29,473,Regular,Referido,175,2010-08-02,1,Activo
1941,DNI,47107935,héctor,González,Rojas,1982/03/01,42,M,Soltero,Técnico,Empresario,Transporte,Chimbote,Ancash,Centro,6738.85,3105.64,97827.31,455,Regular,Agencia,101,2016-09-01,21,Activo
1942,DNI,52900741,Ricardo,Sánchez,Díaz,1969/01/09,56,M,Viudo,Técnico,Independiente,Educación,Chimbote,Ancash,Centro,1698.44,686.3,47701.24,415,Regular,Referido,135,22-11-2013,21,Activo
1943,DNI,46447106,Rocío,Medina,Rodríguez,1984/08/12,40,F,Soltero,Técnico,Empleado Privado,Educación,Chiclayo,Lambayeque,Norte,2853.8,1867.37,57724.78,494,Regular,Digital,126,2014/08/22,13,Activo
1944,DNI,90847980,César, ApAzA ,Cusi,1966/03/05,58,M,Divorciado,Universitario,Empleado Privado,Salud,Santiago de Surco,Lima,Lima y Callao,2837.49,1310.36,102875.94,506,Regular,Agencia,16,17/12/2021,2,Activo
1945,DNI,36759479,César,Castro,Castillo,1996/04/06,28,mas,Conviviente,Universitario,Independiente,Comercio,El Tambo,Junín,Centro,3702.48,1945.48,99827.49,479,Regular,Referido,6,31-08-2023,19,Activo
1946,DNI,4533430,Fabiola,Reyes,Mamani,14-04-1988,36,F,Soltero,Universitario,Empleado Privado,Construcción,Cayma, Arequipa ,Sur,1049.04,639.07,30333.2,555,Regular,Agencia,56,2020/05/02,6,Activo
1947,DNI,16382511,Carlos,Flores,Rojas,13/05/1997,27,M,Casado,Universitario,Empleado Privado,Otro,Tarapoto,San Martín,Oriente,1878.49,871.25,48944.64,483,Regular,Agencia,158,27-12-2011,23,Activo
1948,DNI,80480886,Isabel,Rivera,Pérez,1997-05-09,27,F,Conviviente,Secundaria,Empresario,Construcción,Yanahuara,Arequipa,Sur,2075.08,904.92,58498.72,367,Regular,Referido,176,2010-07-11,8,Activo
1949,DNI,71681098,Enrique,Cruz,López,1974-06-24,50,M,Conviviente,Postgrado,Estudiante,Otro,Cusco,Cusco,Sur,850.0,508.35,41224.85,657,Regular,Telemarketing,33,25/02/2020,16,Bloqueado
1950,DNI,70686864,Claudia, Herrera,Ramírez,1994/11/26,30,F,Casado,Universitario,Empleado Privado,Agricultura,Chimbote,Ancash,Centro,1633.45,1107.93,54177.78,437,Regular,Agencia,116,19-06-2015,21,Activo
1951,DNI,76899773,Víctor,Ramos,Castro,1980/05/04,44,M ,Casado,Universitario,Independiente,Servicios,Cayma,Arequipa,Sur,1703.4,751.64,54958.33,523,Regular,Agencia,88,2017/10/04,6,Inactivo
1952,DNI,7151996,Manuel,Rivera,Morales,2002-02-06,24,M,Divorciado,Universitario,Empleado Público,Manufactura,Iquitos,Loreto,Oriente,1103.83,712.18,14561.88,388,Regular,Agencia,5,2020/05/10,22,Activo
1953,DNI,33841629,Diego,Flores, Castillo ,2004-03-09,20,M,Casado,Postgrado,Empleado Público,Comercio,Chimbote,Ancash,Centro,1429.3,864.22,38294.8,456,Regular,Digital,156,2012-02-16,21,Activo
1954,DNI,18343493,Carmen,VARGAS,Álvarez,1990/06/20,34,F,Casado,Técnico,Empleado Privado,Tecnología,San Juan de Lurigancho,Lima,Lima y Callao,4982.42,3214.0,275258.53,548,Regular,Agencia,148,18/10/2012,1,Bloqueado
1955,DNI,18743096,Alejandra,Morales,Chávez,1987/05/06,37,F,Soltero,Técnico,Empleado Privado,Finanzas,Tarapoto,San Martín,Oriente,1117.57,747.29,24084.34,446,Regular,Digital,109,2016-01-04,23,Activo
1956,DNI,28908454,Silvia,Ramos,Apaza,1990/05/07,34,F,Casado ,secundaria,Empleado Privado,Construcción,El Tambo,Junín,Centro,1926.38,1175.39,79359.95,436,Regular,Digital,86,2017/12/05,19,Inactivo
1957,DNI,4197447,Roberto,Castillo,Apaza,21/11/1990,34,M,Casado,Universitario,Empleado Privado,Construcción,Sullana,Piura,Norte,,1380.48,114137.18,440,Regular,Agencia,101,2016/09/02,15,Activo
1958,DNI,28454705,Andrés,Torres,Álvarez,1980/03/14,44,M,Soltero,Secundaria,Empleado Privado,Salud,Los Olivos,Lima,Lima y Callao,3462.38,1843.83,40689.25,442,Regular,Agencia,64,2019/09/18,4,Activo
1959,DNI,27607833,Ana,Huanca,Álvarez,15-06-1967,57,Femenino,Casado,Técnico,Empleado Privado,Construcción,Yanahuara,Arequipa,Sur,1943.19,1024.22,45669.02,420,Regular,Digital,140,2013-06-11,8,Inactivo
1960,DNI,35341765,Eduardo,Herrera,Ramírez,1978/08/19,46,M,Soltero,secundaria ,Empresario,Agricultura,Los Olivos,Lima,Lima y Callao,3618.79,2305.57,130769.58,533,Regular,Agencia,100,2016-09-17,4,Activo
1961,DNI,98358448,Rosa,Martínez,Sánchez,2004/08/09,20,F,Conviviente,Universitario,Independiente,Otro,Iquitos,Loreto,Oriente,5150.69,2719.52,100768.87,497,Regular,Agencia,21,2023/01/09,22,Activo
1962,DNI,74479408,César,Huanca,Sánchez,26/07/2001,23,M,Soltero,Secundaria,Empleado Público,Tecnología,Pisco,Ica,Sur,999.81,540.51,25576.3,568,Regular,Digital,2,2024/10/06,20,Activo
1963,DNI,93764526,Ana,Rojas,Ortiz,21-11-1991,33,F,Casado,Universitario,Independiente,Construcción,Cajamarca,Cajamarca,Norte,1211.9,756.75,30226.27,347,Regular,Digital,76,2018-10-03,24,Inactivo
1964,DNI,18880030,Pablo,Vargas,Álvarez,1987-10-11,37,M,Soltero,Postgrado,Estudiante,Salud,San Juan de Lurigancho,Lima,Lima y Callao,850.0,334.9,7391.33,999,Regular,Digital,94,2017/03/25,1,Activo
1965,DNI,81692239,Alejandro,Mamani,Rivera,1992/02/06,34,M,Casado,Postgrado,Empresario,Educación,Arequipa,Arequipa,Sur,,861.98,110860.62,506,Regular,Agencia,3,27/09/2020,7,Activo
1966,DNI,29428635,Enrique,González,Choque,1964/12/15,62,M ,Casado,Universitario,Empleado Público,Agricultura,Lima,Lima,Lima y Callao,1227.87,796.01,53174.35,582,Regular,Digital,117,30-04-2015,5,Activo
1967,DNI,33558857,Iván,Cusi,Huanca,1982-02-15,42,M,Conviviente,Secundaria,Independiente,Tecnología,Pisco,Ica,Sur,5007.8,2889.73,131503.16,489,Premium,Digital,37,2021/11/23,20,Activo
1968,DNI,29614990,Ángela,Apaza,Sánchez,28/05/2004,20,F,Conviviente,Universitario,Empleado Privado,Finanzas,Huancayo,Junín,Centro,2199.93,1258.27,57654.72,512,Regular,Agencia,125,2014/09/14,18,Activo
1969,DNI,48118917,Ángela,Rivera,Martínez,1993-10-05,31,F,Casado,universitario,Empleado Público,Transporte,Iquitos,Loreto,Oriente,1656.22,1043.15,57002.48,480,Regular,Referido,177,15/06/2010,22,Activo
1970,DNI,7200805, Gabriela,Ortiz,Martínez,2004/12/14,20,F,Casado,Secundaria,Independiente,Finanzas,Wanchaq,Cusco,Sur,6261.09,2728.45,109945.66,412,Regular,Telemarketing,102,2016-08-04,17,Activo
1971,CE,568084690,HÉCTOR,Vargas,Romero,1976/08/01,48,M,Soltero,Técnico,Independiente,Otro,Víctor Larco Herrera,La Libertad,Norte,2294.45,1354.71,91959.72,565,Regular,Digital,89,14-08-2017,11,Activo
1972,DNI,51906724,Jorge,Gutiérrez,Gómez,1978-08-15,46,m,Casado,Universitario,Independiente,Comercio,Cusco,Cusco,Sur,2038.35,1414.6,46562.13,443,Regular,Digital,174,2010-09-15,16,Activo
1973,DNI,57289091,Diana,Huanca,Rivera,1973/08/19,51,F,Conviviente,Universitario,Empleado Público,Comercio,Yanahuara,Arequipa,Sur,1065.36,569.98,33899.85,554,Regular,Referido,14,23/05/2020,8,Activo
1974,DNI,30597573,Rodrigo,Quispe,Ramos,21/02/1996,28,M,Soltero,Universitario,Independiente,Educación,Lima,Lima,Lima y Callao,5008.89,2032.41,43811.1,480,Premium,Campaña Institucional,12,16-12-2023,5,Activo
1975,DNI,56850664,Isabel,Mamani,Medina,21/07/1975,49,F,Conviviente,Universitario,Pensionista,Tecnología,Lima,Lima,Lima y Callao,1140.2,564.6,30301.91,399,Regular,Agencia,85,2017-12-22,5,Activo
1976,DNI,33479852,Isabel,Mamani,Torres,16-09-1993,31,F,Casado,Universitario,Empleado Privado,Tecnología,La Esperanza,La Libertad,Norte,3654.34,1451.5,94490.39,482,Regular,Agencia,104,2016-05-27,9,Activo
1977,DNI,51181961,Miguel,Ramos,Herrera,1968-12-27,56,M,Soltero,Universitario,Empleado Privado,Transporte,Arequipa,Arequipa,Sur,3854.24,2383.7,73324.71,458,Regular,Referido,124,2014/10/24,7,Activo
1978,DNI,97711801,Lucía,Gómez,Laime,1992/04/15,32,F,Casado,Técnico,Pensionista,Salud,Chimbote,Ancash,Centro,1009.16,598.29,20990.38,342,Regular,Agencia,39,2020-08-05,21,Activo
1979,DNI,47493476,Eduardo,Cusi,García,19/03/1962,62,M,Casado,Universitario,Empleado Público,Finanzas,La Esperanza,La Libertad,Norte,2899.42,1661.82,89306.32,603,Regular,Agencia,58,2020/03/06,9,Activo
1980,DNI,84319652,Rodrigo, Pérez ,Apaza,2001-01-31,23,M,Divorciado,Postgrado,Empleado Público,Salud,Cajamarca,Cajamarca,Norte,2971.73,1566.13,71234.26,603,Regular,Telemarketing,81,21/04/2018,24,Activo
1981,DNI,2845958,María,Vargas,Díaz,1998-02-02,26,F,Divorciado,Postgrado,Empleado Privado,Educación,Víctor Larco Herrera,La Libertad,Norte,3681.14,2568.35,33246.44,466,Regular,Digital,179,2010/03/23,11,Activo
1982,DNI,35941234,Rosa,Rivera,Álvarez ,2001/04/17,23,F,Casado,Universitario,Empleado Privado,Manufactura,Sullana,Piura,Norte,3119.77,1220.2,109061.9,506,Regular,Agencia,54,2020/07/22,15,Activo
1983,DNI,43514928,Manuel,Gómez,Chávez,1990-07-16,34,M,Viudo,Técnico,Empleado Privado,Salud,Chiclayo,Lambayeque,Norte,4793.07,2588.17,266913.07,388,Regular,Referido,46,2021/02/25,13,Activo
1984,DNI,44334602,Eduardo,Martínez,Ramírez,2000/04/13,24,M,casado ,Postgrado,Independiente,Educación,Chimbote,Ancash,Centro,2216.1,873.66,61558.02,461,Regular,Campaña Institucional,125,13/09/2014,21,Activo
1985,DNI,52151435,Mónica,Gutiérrez,González,1991-01-11,33,F,Conviviente,Secundaria,Empleado Público,Construcción,Iquitos,Loreto,Oriente,2718.15,1188.79,135483.49,524,Regular,Digital,127,2014/07/26,22,Activo
1986,DNI,35472240,Daniela,Martínez,Ortiz,1972/02/11,52,F,Conviviente,Postgrado,Empleado Privado,Transporte,ChiMboTe,Ancash,Centro,2881.15,1430.12,81248.2,536,Regular,Referido,37,2020/11/08,21,Inactivo
1987,DNI,23408705,Pablo,González,Torres,16-09-1988,36,M,Casado,Universitario,Independiente,Otro,Pisco,Ica,Sur,9373.49,3574.73,253175.03,448,Regular,Agencia,35,2021-06-30,20,Activo
1988,DNI,97486980,Mónica,Morales,Condori,1957/07/12,67,F,Soltero,Técnico,Independiente,Transporte,Huancayo,Junín,Centro,2842.26,1137.64,136562.49,440,Regular,Digital,67,2019-06-03,18,Inactivo
1989,DNI,40447501,Sandra,Apaza,García,1966-05-25,58,F,casado,Técnico,Independiente,Transporte,Chimbote,Ancash,Centro,2855.58,1756.19,41520.78,559,regular,Digital,100,14/10/2016,21,Activo
1990,DNI,22324204,Andrés,ApAzA,Martínez,19/02/1968,56,M,Soltero,secundaria,Empleado Público,Manufactura,El Tambo,Junín,Centro,2671.71,1472.57,76515.22,496,Regular,Referido,128,31-05-2014,19,Activo
1991,DNI,14202861,Cecilia,Laime,Mamani,24-11-1971,53,F,Soltero,Secundaria,Independiente,Construcción,Víctor Larco Herrera,La Libertad,Norte,2527.69,1159.7,119958.12,542,Regular,Digital,152,2012/07/05,11,Activo
1992,DNI,24302320,Rosa,Gutiérrez,García,30-10-2004,20,F,Soltero,Secundaria,Independiente,Construcción,Lima,Lima,Lima y Callao,2657.27,1800.47,62427.83,420,Regular,Digital,67,2019-06-08,5,Inactivo
1993,DNI,35329561,Héctor,Rivera,Ortiz,1963/02/11,61,M,Casado,Técnico,Empleado Privado,Educación,Cusco,Cusco,Sur,4449.33,1778.13,171186.57,532,Regular,Agencia,146,2012/12/31,16,Activo
1994,DNI,95361408,Isabel,Gutiérrez,  Álvarez,1977-05-08,47,F,Soltero,Universitario,Independiente,Comercio,Huancayo,Junín,Centro,1203.22,567.29,65912.2,582,Regular,Digital,153,2012/05/11,18,Activo
1995,DNI,26173629,Claudia,Medina,López,13/11/1959,65,F,Soltero,Técnico,Empleado Público,Finanzas,Víctor Larco Herrera,La Libertad,Norte,2899.45,1275.93,41586.84,623,Regular,Referido,109,2016-01-03,11,Activo
1996,DNI,22228338,Alejandra,Díaz,Cusi  ,1989-10-08,35,F,Divorciado,Secundaria,Independiente,Tecnología,Miraflores,Lima,Lima y Callao,1263.98,558.88,43136.37,477,Regular,Telemarketing,72,19/01/2019,3,Activo
1997,Pasaporte,14412452,Sandra,Castillo,Rodríguez,1977/06/29,47,F,Soltero,Postgrado,Empleado Privado,Agricultura,Tarapoto,San Martín,Oriente,2427.64,1452.03,116801.94,524,Regular,Referido,75,2018/10/05,23,Activo
1998,DNI,29337415,Isabel,Laime,Cruz,24-03-1979,45,F,Conviviente,Universitario,Independiente,Tecnología,Chiclayo,Lambayeque,Norte,1185.77,794.01,52484.12,518,Regular,Referido,9,2022-03-26,12,Activo
1999,CE,905309458,ClaUdiA,Reyes,Apaza,30/05/1972,52,F,Casado,Universitario,Empleado Público,Comercio,Pisco,Ica,Sur,2431.1,1657.64,65617.75,586,Regular,Digital,21,2020/11/04,20,Bloqueado
2000,DNI,18694846,Diego,Ramírez,Cruz,1997-10-06,27,M,Casado,Técnico,Independiente,Otro,Cusco,Cusco,Sur,2868.16,1714.84,25034.61,401,Regular,Referido,2,2021/08/20,16,Activo
2001,DNI,22702525,Gabriela,choque ,Morales,1996/07/04,28,F,Viudo,Universitario,Pensionista,Agricultura,Huancayo,Junín,Centro,850.0,426.58,22847.15,411,Regular,Telemarketing,164,2011-06-19,18,Activo
2002,DNI,76809405,Héctor,López,Herrera,1989-07-12,35,M,Casado,Técnico,Independiente,Comercio,Miraflores, LimA ,Lima y Callao,1900.92,830.59,45186.08,522,Regular,Agencia,37,2021/04/12,3,Activo
2003,Pasaporte,143403715,Marco,Vargas,Díaz,1986/10/23,38,M,Soltero,Universitario,Empleado Privado,Agricultura,Cajamarca,Cajamarca,Norte,1250.01,603.07,65273.01,542,Regular,Agencia,58,23-03-2020,24,Activo
2004,DNI,12252649,Valeria,Álvarez,Cusi,1993-09-04,31,fem,Casado,Técnico,Independiente,Salud,Cajamarca,Cajamarca,Norte,2051.59,799.41,113887.05,495,Regular,Agencia,94,2017-04-05,24,Activo
2005,DNI,78101012,Mónica,Chávez,Chávez,20/10/1980,44,F,Soltero,Universitario,Empleado Público,Agricultura,Santiago de Surco,Lima,Lima y Callao,3318.27,-1926.99,176509.88,538,Regular,Digital,120,2015/02/01,2,Activo
2006,DNI,10072314,Rodrigo,Ramos,Ramírez,16-11-1993,31,M,Conviviente,Secundaria,,Comercio,San Juan de Lurigancho,Lima,Lima y Callao,7760.16,4213.5,186122.02,492,Regular,Agencia,7,14-09-2020,1,Activo
2007,CE,105503158,José,Chávez,López,28-08-1984,40,M,Casado,Universitario,Empleado Privado,Comercio,Iquitos,Loreto,Oriente,4542.28,1832.73,144616.48,502,Regular,Agencia,71,2019/02/10,22,Activo
2008,DNI,27702153,David, Torres ,Gutiérrez,1969/11/14,57,M ,Casado,Secundaria,Empleado Privado,Transporte,San Juan de Lurigancho,Lima,Lima y Callao,10202.96,4621.35,578876.55,494,Premium,Agencia,146,23-12-2012,1,Activo
2009,DNI,65047255,Lucía,Mamani,Sánchez,1986/09/01,38,F,Soltero,Universitario,Empleado Privado,Comercio,Los Olivos,Lima,Lima y Callao,2927.8,1459.01,52776.58,541,Regular,Digital,10,14-08-2023,4,Activo
2010,DNI,24088609,Jorge,García,Romero,2001-10-24,23,M,Casado,Universitario,Empleado Privado,Transporte,Trujillo,La Libertad,Norte,912.6,356.09,38049.44,424,Regular,Referido,83,2018/02/10,10,Activo
2011,CE,400998129,Juan  ,Sánchez,García,14/03/2002,22,M,Casado,Universitario,Independiente,Finanzas,Miraflores,Lima,Lima y Callao,1469.68,846.82,29911.96,483,Regular,Agencia,152,2012-07-04,3,Activo
2012,CE,925434502,Lucía,Apaza,Apaza,1993/05/24,31,F,Casado,Técnico,Empresario,Construcción,Tarapoto,San Martín,Oriente,2233.62,1067.42,26797.74,494,Regular,,152,2012/06/10,23,Activo
2013,DNI,27243067,Ángela,Rojas,Castro,1972-08-24,52,fem,Casado,Universitario,Empleado Público,Manufactura,Miraflores,Lima,Lima y Callao,1152.31,761.9,11467.02,565,Regular,Referido,44,2020-12-22,3,Activo
2014,DNI,51331579,Carlos,Huanca,García,1973/04/27,51,M,Soltero,Universitario,Independiente,Otro,Wanchaq,CuScO,Sur,4857.63,2055.36,281515.12,573,Regular,Agencia,157,2012-01-14,17,Activo
2015,DNI,26608696,Enrique,Medina,Rivera,1957-01-09,68,M,divorciado,Postgrado,Empleado Privado,Comercio,El Tambo,Junín,Centro,2853.31,1838.69,158891.13,521,Regular,Digital,84,2018-01-14,19,Activo
2016,DNI,86333995,Carlos,Laime,Gómez,1987-02-07,37,M,Soltero,Técnico,Independiente,Educación,Cusco,Cusco,Sur,2246.79,1534.0,73766.42,564,REGULAR,Digital,56,2020-05-02,16,Activo
2017,DNI,30692509,Enrique,Castillo,Jiménez,1999-12-28,25,M,Divorciado,Universitario,Empleado Público,Transporte,Santiago de Surco,Lima,Lima y Callao,1302.71,506.08,12922.54,555,Regular,Campaña Institucional,174,2010-08-28,2,Inactivo
2018,DNI,60502999,Sofía,Ramos,González,1970-03-21,54,F,Conviviente,Técnico,Independiente,Servicios,Lima,Lima,Lima y Callao,1972.99,931.52,22712.14,551,Regular,Digital,67,25-06-2019,5,Activo
2019,CE,774911767,ManUel,Ramos,Cusi,27/09/1978,46,M,Casado,Secundaria,Empleado Público,Otro,Yanahuara,Arequipa,Sur,,2167.1,157344.62,521,Regular,Referido,35,2020/11/08,8,Activo
2020,DNI,83860390,Valeria,Díaz,Sánchez,1970/07/28,54,F,Soltero,Técnico,Empresario,Tecnología,Cayma,Arequipa,Sur,30537.38,15067.54,1736417.64,614,Regular,Digital,159,30/11/2011,6,Inactivo
2021,DNI,92708120,Paola,Herrera,Reyes,29/07/1982,42,F,Casado,Secundaria,Pensionista,Comercio,Iquitos,Loreto,Oriente,1398.94,929.39,29256.47,465,Regular,Agencia,179,2010/04/04,22,Activo
2022,DNI,60990975,Rosa,García,Morales,28/02/1954,70,F,Casado,Universitario,Empleado Privado,Transporte,Yanahuara,Arequipa,Sur,3777.79,2481.78,128990.59,502,Regular,Agencia,66,2019-07-02,8,Activo
2023,DNI,61622277,Carlos,Huanca,Rojas,1993-08-28,31,M,Soltero,Secundaria,Empleado Privado,Transporte,Yanahuara,Arequipa,Sur,4519.18,3012.73,47427.71,523,Regular,Agencia,152,2012-06-28,8,Activo
2024,DNI,21895688,ANA,Rivera,Medina,1988-12-31,36,F,Viudo,Postgrado,Independiente,Finanzas,PiuRa  ,Piura,Norte,3332.52,1458.4,139245.61,397,Regular,Digital,92,19/05/2017,14,Activo
2025,DNI,87614443,Óscar,Romero,Gutiérrez,1980-07-15,44,M,Divorciado,Universitario,Empleado Privado,Otro,Santiago de Surco,Lima,Lima y Callao,3626.07,2081.64,40961.27,587,Regular,Referido,46,2021/03/15,2,Activo
2026,DNI,31834290,Rodrigo,Martínez,López,1992-04-21,32,M,SOLTERO,Técnico,Empleado Privado,Finanzas,Sullana,Piura,Norte,1389.27,678.83,67312.25,421,Regular,Agencia,155,2012-03-30,15,Activo
2027,DNI,67608960,Valeria,  RivEra,Díaz,1999-08-09,25,F,Soltero,Técnico,Empleado Público,Educación,Miraflores,Lima,Lima y Callao,3137.81,2146.77,37898.24,568,Regular,Telemarketing,41,28/06/2020,3,Activo
2028,DNI,40445039,Isabel,Rivera,Ramos,1979/11/07,45,F,Casado,Secundaria,Independiente,Manufactura,El Tambo,Junín,Centro,5607.54,3651.69,149988.93,506,Premium,Referido,56,2020/05/09,19,Activo
2029,DNI,53283153,Mónica,Rodríguez,Apaza,1984/11/10,40,F,Soltero,Secundaria,Estudiante,Finanzas,Santiago de Surco,Lima,Lima y Callao,850.0,403.03,30272.75,464,Regular,Referido,36,2021-12-28,2,Activo
2030,DNI,34512982,Marco,Apaza,Huanca,17-04-2001,23,M,Casado,Universitario,Empleado Público,Agricultura,Wanchaq,Cusco,Sur,2007.76,777.65,53533.91,476,Regular,Agencia,164,18/06/2011,17,Activo
2031,DNI,7438203,Fernando,Huanca,Choque,22/04/1974,50,M,Casado,Universitario,Empleado Privado,Comercio,Tarapoto, San martín ,Oriente,3165.58,1861.97,149237.08,492,Regular,Referido,79,2018/07/02,23,Activo
2032,DNI,60367336,José,Romero,Romero,22-07-1993,31,M,Soltero,Secundaria,Empleado Privado,Agricultura,Cajamarca,Cajamarca,Norte,2706.88,1058.56,66817.19,512,Regular,Digital,82,2018/03/23,24,Activo
2033,DNI,24364851,Luis,Castro,Cruz,23-10-1996,28,M,Casado,Secundaria,Independiente,Salud,Chimbote,Ancash,Centro,2216.32,1151.94,99416.83,479,Regular,Referido,71,2019/02/15,21,Activo
2034,DNI,64000925,Juan,Medina,González,29/08/1991,33,M,Casado,Universitario,Empresario,Manufactura,Iquitos,Loreto,Oriente,3756.18,1897.34,45680.18,509,Regular,Telemarketing,66,2019/07/07,22,Activo
2035,DNI,40234714,Ángela,Castro,Ramírez,24-05-1996,28,F,Casado,Universitario,Empleado Público,Salud,Cusco,Cusco,Sur,2169.69,1259.03,126145.0,437,Regular,Agencia,123,2014-11-09,16,Inactivo
2036,DNI,75627545,Rocío,Rivera,Álvarez,16/07/1970,54,F,Casado,Técnico,Independiente,Manufactura,El Tambo,Junín,Centro,13068.75,7662.96,397814.39,479,VIP,Referido,58,2020/02/27,19,Activo
2037,DNI,9470544,Fabiola,Morales,Romero,1976/07/12,48,F,Casado,Técnico,Independiente,Tecnología,Trujillo,La Libertad,Norte,1465.89,711.48,42165.05,552,Regular,Telemarketing,161,2011/10/06,10,Activo
2038,DNI,43885287,Diana,García,González,26-03-1998,26,F,SOLTERO,,Independiente,Tecnología,Pisco,Ica,Sur,2868.91,1520.3,138197.28,416,Regular,Agencia,43,2021/05/25,20,Activo
2039,DNI,42402948,Gabriela,Cruz,Rodríguez,1985-11-04,39,F,Divorciado,Técnico,,Educación,Tarapoto,San Martín,Oriente,3019.61,1746.42,128143.68,549,Regular,Digital,62,2019/11/11,23,Activo
2040,DNI,47711578,Ángela,Choque,Martínez,1993-04-07,31,F,Casado,Técnico,Independiente,Tecnología,La Esperanza,La Libertad,Norte,3145.89,1598.68,170493.61,453,Regular,Agencia,169,2011/02/08,9,Inactivo
2041,DNI,14031916,Pablo,Rivera,González,1984-05-05,40,M,Casado ,Universitario,Empleado Privado,Servicios,Yanahuara,Arequipa,Sur,3020.26,2048.85,156832.12,444,Regular,Digital,136,2013/10/07,8,Activo
2042,DNI,47922476,Mónica,Cusi,Apaza,22-03-1980,44,F,Casado,Universitario,Independiente,Tecnología,Cajamarca,Cajamarca,Norte,6910.24,3580.24,371455.54,457,Regular,Digital,20,2020-02-03,24,Activo
2043,DNI,23529800,Rosa,Rojas,Romero,28/11/1968,56,F,Divorciado,secundaria ,Independiente,Servicios,Lima,Lima,Lima y Callao,7361.07,4019.29,277369.89,473,Regular,Agencia,86,24-11-2017,5,Activo
2044,DNI,18195171,Eduardo,Ramírez,Chávez,2000-05-07,24,M,Divorciado,Postgrado,Empresario,Salud,Víctor Larco Herrera,La Libertad,Norte,5937.61,3811.07,77105.9,457,Premium,Referido,133,2014-01-23,11,Activo
2045,DNI,36425503,José,Díaz,Torres,1960/10/01,64,M,Conviviente,Técnico,Empleado Privado,Construcción,Trujillo,La Libertad,Norte,3381.39,2202.28,185606.73,472,Regular,Referido,81,2018/04/30,10,Activo
2046,DNI,97703170,Andrés,Ramos,Rojas,1996/05/22,28,M,Casado,Universitario,Empleado Privado,Construcción,El Tambo,Junín,Centro,4391.05,2871.15,50885.79,439,Regular,Agencia,151,16-07-2012,19,Activo
2047,DNI,36863644,Eduardo,Reyes,Castillo,1982-08-08,42,M,Casado,Universitario,Empleado Público,Tecnología,Chiclayo,Lambayeque,Norte,3092.73,1971.54,163729.4,482,Regular,Telemarketing,121,2015-01-04,13,Activo
2048,DNI,94299211,Fernando,Ramírez,Álvarez,1983-05-27,41,M,Casado,Secundaria,Independiente,Salud,Chiclayo,Lambayeque,Norte,2287.66,1282.58,93692.21,523,Regular,Agencia,6,2021-05-06,13,Activo
2049,DNI,87211203,Ángela,Castillo,López,1975-06-07,49,F,Casado,Universitario,Independiente,Finanzas,Santiago de Surco,Lima,Lima y Callao,2105.02,1125.47,115318.24,501,Regular,Digital,148,2012-10-17,2,Activo
2050,DNI,47616806,Elena,Martínez,Sánchez,1987-07-06,37,F,Casado,Postgrado,Empresario,Comercio,Iquitos,Loreto,Oriente,2274.02,1432.45,130603.32,514,Regular,Agencia,95,2017-02-22,22,Inactivo
2051,CE,605743211,Andrés,Gutiérrez,Álvarez,25/04/1960,64,M,Soltero,Postgrado,Empleado Privado,Agricultura,Los Olivos,Lima,Lima y Callao,2136.19,1361.25,102488.23,471,Regular,Digital,71,25-02-2019,4,Activo
2052,DNI,90913641,Ángela,Ramírez,Laime,1993-11-28,31,F,Casado,Técnico,Independiente,Finanzas,Los Olivos,Lima,Lima y Callao,3549.96,1887.42,164154.25,498,Regular,Agencia,153,2012-05-26,4,Inactivo
2053,DNI,1153609,Fabiola,Ramos,Cusi,21-02-1984,40,F,Casado,Técnico,Empleado Privado,Agricultura,San Juan de Lurigancho,Lima,Lima y Callao,1772.62,899.31,97235.64,488,Regular,Agencia,20,2022/02/14,1,Activo
2054,DNI,5325624,Eduardo,Huanca,Reyes,2001/11/03,23,M,Casado,Postgrado,Empleado Privado,Tecnología,  LOS OLIVOS,Lima,Lima y Callao,2619.63,1708.21,77359.67,507,Regular,Referido,96,2017/02/05,4,Activo
2055,DNI,16932405,Rocío,Rodríguez,Ramos,1998/03/08,26,F,Conviviente,Universitario,Empleado Público,Salud,Tarapoto,San Martín,Oriente,1004.52,466.81,22467.41,567,Regular,Referido,85,28-12-2017,23,Activo
2056,DNI,16677095,Rosa,Pérez,Laime,27/09/1990,34,F,Soltero,Postgrado,Empleado Público,Transporte,Yanahuara,Arequipa,Sur,3122.37,1752.83,126742.88,488,Regular,Referido,132,2014-02-07,8,Inactivo
2057,DNI,89258578,Enrique,Martínez,Ortiz,1984-01-21,40,M,Divorciado,Universitario,Estudiante,Tecnología,San Juan de Lurigancho,Lima,Lima y Callao,850.0,487.86,13182.65,433,Regular,Agencia,9,2023-02-19,1,Activo
2058,DNI,85307487,Diego,Reyes,Pérez,1981/10/25,43,M,Conviviente,Secundaria,Empleado Privado,Manufactura,Piura,Piura,Norte,2371.53,1635.15,116408.38,416,regular ,Agencia,146,14-12-2012,14,Activo
2059,DNI,48541,Diana,Torres,Gutiérrez,1979-01-05,46,F,Divorciado,Universitario,Empleado Privado,Construcción,Yanahuara,Arequipa,Sur,2572.64,1589.79,94633.85,485,Regular,Referido,99,2016-11-11,8,Activo
2060,DNI,61441298,Miguel,García,Chávez,1997/01/25,27,M,Casado,Secundaria,Empleado Privado,Comercio,Chiclayo,Lambayeque,Norte,5594.62,2695.85,301955.71,519,Regular,Digital,38,2020/01/06,13,Activo
2061,DNI,9652612,Jorge,Ortiz,Sánchez,1971-05-05,53,M,Soltero,Universitario,Empresario,Educación,Wanchaq,Cusco,Sur,5173.29,2147.27,67275.35,434,Regular,Campaña Institucional,60,22-01-2020,17,Activo
2062,DNI,96556732,Enrique,López,García,1959/12/09,65,M,Soltero,Universitario,Empleado Privado,Manufactura,Tarapoto,San Martín,Oriente,3244.0,1969.35,62936.99,475,Regular,Agencia,6,19/12/2019,23,Activo
2063,DNI,38905950,Marco,Chávez,Rojas,1977-10-18,47,M,Casado,Postgrado,Empleado Privado,Agricultura,Pisco,Ica,Sur,5298.76,2870.33,249032.61,499,Premium,Agencia,165,2011/06/12,20,Activo
2064,DNI,41059157,Ricardo,Rojas,Flores,30/07/1967,57,M,Conviviente,Universitario,Pensionista,Servicios,  Tarapoto,San Martín,Oriente,1799.6,967.08,22424.44,449,Regular,Agencia,129,2014/05/13,23,Activo
2065,DNI,28424872, Fabiola,Jiménez,Herrera,16-10-1991,33,F,Casado,Secundaria,Independiente,Construcción,Lima,Lima,Lima y Callao,4247.76,1962.11,172458.2,328,Regular,Agencia,36,2022-01-13,5,Activo
2066,DNI,57813145,César,Gómez,Medina,1984/08/03,40,M,Conviviente,Universitario,Independiente,Construcción,La Esperanza,La Libertad,Norte,850.0,500.83,17583.52,455,Regular,Referido,38,16-11-2021,9,Activo
2067,DNI,21437780,Jorge,Gutiérrez  ,González,20-09-1986,38,M,Conviviente,Técnico,Empleado Privado,Otro,Trujillo,La Libertad,Norte,2309.06,962.84,43799.54,451,regular,Telemarketing,109,2016-01-09,10,Activo
2068,DNI,87256964,Diego,Mamani,Rodríguez,1996-02-04,28,M,Soltero,Técnico,Empleado Privado,Comercio,Pisco,Ica,Sur,8009.04,3179.46,191418.75,580,Regular,Telemarketing,167,2011-03-30,20,Activo
2069,DNI,19475052,Elena,Medina,Romero,14/10/1996,28,F,Soltero,Secundaria,,Construcción,Wanchaq,Cusco,Sur,6309.76,3824.31,112818.65,452,Regular,Telemarketing,7,2024-06-03,17,Activo
2070,DNI,23814331,Carlos,Chávez,Flores,1981-11-07,43,M,Casado,Postgrado,Pensionista,Servicios,Yanahuara,Arequipa,Sur,1029.39,512.83,38741.9,450,Regular,Digital,61,2019/12/08,8,Activo
2071,DNI,89511157,Adriana,Mamani,Ramos,1971/02/01,53,F ,Casado,Técnico,Empleado Privado,Manufactura,Santiago de Surco,Lima,Lima y Callao,3286.16,2171.65,125778.34,479,Regular,,125,2014/09/22,2,Inactivo
2072,DNI,58846937,Andrés,Herrera,Apaza,16-06-1998,26,M,Soltero,Técnico,Empleado Privado,Otro,Chiclayo,Lambayeque,Norte,1601.15,814.58,23651.92,999,Regular,Digital,46,2020/05/04,13,Activo
2073,DNI,40027489,Héctor,Rodríguez,Jiménez,1982/02/15,42,M,Soltero,Técnico,Independiente,Manufactura,Cusco,Cusco,Sur,1009.11,585.95,11614.8,470,regular ,Digital,136,22-10-2013,16,Activo
2074,DNI,16182773,José,López,Chávez,1966-08-10,58,M,Soltero,Técnico,Empleado Público,Agricultura,Sullana, piura,Norte,3822.34,1938.37,228998.06,532,Regular,Digital,30,2020-08-10,15,Activo
2075,DNI,81567541,Marco,Herrera,Ramírez,1984/05/19,40,M,Viudo,Universitario,Empresario,Agricultura,Los Olivos,Lima,Lima y Callao,17450.88,10493.49,359529.94,563,Premium,Digital,164,2011/06/27,4,Inactivo
2076,DNI,4553001,Héctor,Romero,Quispe,1986/02/18,38,M,Casado,Secundaria,Empresario,Agricultura,Cajamarca,Cajamarca,Norte,2363.99,1445.92,92807.08,523,Regular,Agencia,16,2023-07-24,24,Activo
2077,DNI,55525177,Fabiola,Gómez,Sánchez,1973-02-21,51,F,Soltero,Universitario,Empleado Privado,Educación,Sullana,Piura,Norte,2218.58,1287.74,58977.9,516,Regular,Agencia,177,14/06/2010,15,Inactivo
2078,DNI,41064960,Jorge,Gutiérrez,Reyes,31/05/1987,37,M,Casado,Técnico,Empleado Privado,Construcción,Lima,Lima,Lima y Callao,2499.53,1353.97,37574.97,343,Regular,Referido,7,2024-05-30,5,Inactivo
2079,DNI,9321956,Rosa,Gutiérrez,  Condori,1985-05-19,39,F,Divorciado,Postgrado,Empleado Público,Manufactura,Yanahuara,Arequipa,Sur,3038.89,1760.52,95644.9,469,Regular,Referido,113,2015/09/15,8,Activo
2080,DNI,44523649,Cecilia,Jiménez,Martínez,1982-06-22,42,fem,Conviviente,Secundaria,Empresario,Comercio,Iquitos,Loreto,Oriente,3644.29,1837.62,148231.67,530,Regular,Referido,86,2017/11/09,22,Activo
2081,CE,151751967,  Ana,Cusi,Laime,1985/07/02,39,F,Casado,Secundaria,Empleado Público,Finanzas,Piura,Piura,Norte,1416.3,876.63,33238.78,574,Regular,Digital,37,16/05/2021,14,Activo
2082,DNI,43107722,Ricardo,Pérez,Gutiérrez,1971/02/01,53,M,Soltero,Técnico,Independiente,Finanzas,Santiago de Surco,Lima,Lima y Callao,1654.24,771.79,28557.36,530,Regular,Telemarketing,127,2014/07/01,2,Activo
2083,DNI,67873880,Alejandro,Laime, Díaz,22/06/1976,48,M,Soltero,secundaria,Empleado Público,Manufactura,Chiclayo,Lambayeque,Norte,2852.24,1351.33,103018.15,424,Regular,Agencia,9,2023/03/02,13,Activo
2084,DNI,44806324,Fabiola,Flores,Reyes,1970-04-18,54,F,Soltero,Universitario,Empleado Privado,Educación,Arequipa,Arequipa,Sur,2337.06,1578.98,38675.4,485,Regular,Digital,120,2015-02-07,7,Activo
2085,DNI,39970214,Miguel,Rivera,Álvarez,1951/11/27,73,M,casado ,Secundaria,Empleado Público,Educación,Trujillo,La Libertad,Norte,2940.06,1816.79,73189.52,514,Regular,Digital,34,2022-03-03,10,Activo
2086,DNI,19043770,Diego,MedIna,González,2004-12-11,20,M,Soltero,Universitario,Empleado Privado,Salud,Chimbote,Ancash,Centro,4755.46,2736.43,143699.9,385,Regular,Telemarketing,167,2011/04/03,21,Activo
2087,DNI,56048511,Andrés,Álvarez,Rivera,1995-09-09,29,M,Casado,Secundaria,Pensionista,Educación,La Esperanza,La Libertad,Norte,850.0,545.37,50131.99,543,Regular,Agencia,102,2016-07-25,9,Activo
2088,DNI,92729169,Roberto,Rojas,Huanca,1973/03/10,51,M,soltero ,Secundaria,Empleado Privado,Construcción,Wanchaq,Cusco,Sur,2811.65,1172.22,141537.92,519,Regular,Agencia,87,2017-11-05,17,Activo
2089,DNI,57224588,David,Morales,Cusi,31-08-1990,34,M,Conviviente,Universitario,Empleado Privado,Educación,Cusco,Cusco,Sur,2869.22,1497.12,140917.28,480,Regular,Digital,100,2016/10/12,16,Activo
2090,DNI,92668668,Claudia,Chávez,López,1971/04/26,53,F,Soltero,Postgrado,Empleado Privado,Salud,Chiclayo,Lambayeque,Norte,5004.64,3204.8,90655.89,536,Regular,Digital,163,2011/08/09,13,Activo
2091,DNI,47092803,Carlos,López,Gómez,29-10-1987,37,M,Conviviente,Técnico,Empleado Público,Servicios,Tarapoto,San Martín,Oriente,2731.49,1356.65,109334.66,495,Regular,Agencia,105,2016-04-26,23,Activo
2092,DNI,89495427,Diego,Chávez,Romero,1995-10-10,29,M,Viudo,Universitario,Empleado Público,Construcción,Chimbote,Ancash,Centro,,909.81,61674.51,491,Regular,Digital,37,2021/02/06,21,Activo
2093,DNI,95981618,Mónica,Laime,Condori,1972-09-26,52,F,Soltero,Universitario,Empleado Privado,Comercio,Cayma,Arequipa,Sur,2795.45,1339.02,121072.09,437,Regular,Digital,132,25-02-2014,6,Activo
2094,DNI,75942673,Carlos,Reyes,Cruz,24-06-1982,42,M,Divorciado,Universitario,Independiente,Salud,Trujillo,La Libertad,Norte,2524.78,1312.96,150866.78,498,Regular,Agencia,85,2017-12-12,10,Inactivo
2095,CE,745116516,Andrés,Jiménez,Morales,1971/11/01,53,M,Soltero,Técnico,Empleado Privado,Agricultura,Arequipa,Arequipa,Sur,5135.81,3228.81,145868.71,477,Regular,Telemarketing,48,2021/01/03,7,Activo
2096,DNI,96647118,Claudia,Díaz,Castro,1990/06/05,34,F,Soltero,Postgrado,Empresario,Construcción,Víctor Larco Herrera,La Libertad,Norte,2886.64,1101.22,133487.55,535,Regular,Referido,119,14/03/2015,11,Activo
2097,DNI,98516765,Óscar,Torres,Pérez,1965/04/15,59,M,Casado,Universitario,Empleado Privado,Finanzas,Santiago de Surco,Lima,Lima y Callao,2746.52,1394.89,154283.45,500,Regular,Agencia,106,19/03/2016,2,Inactivo
2098,DNI,51437043,José,Romero  ,Rojas,15/12/1965,59,M,Conviviente,Técnico,Independiente,Construcción,Trujillo,La Libertad,Norte,3750.04,1590.51,103757.67,539,Regular,Agencia,147,2012-11-12,10,Activo
2099,DNI,24219738,José,Díaz,Torres,1997/04/28,27,M,Soltero,Universitario,Empleado Público,Otro,La Esperanza,La Libertad,Norte,2453.7,1532.25,109990.84,434,Regular,Digital,38,2021/11/12,9,Inactivo
2100,DNI,50833271,Fernando,Sánchez,Quispe,1996/07/24,28,M,Soltero,Técnico,Empleado Privado,Transporte, chiclayo,Lambayeque,Norte,2140.91,1266.83,82912.97,434,Regular,Agencia,139,25/07/2013,12,Activo
2101,DNI,63354715,Silvia,  Díaz,Chávez,17/09/1985,39,F,Conviviente,Universitario,Empleado Privado,Manufactura,Iquitos,LoReTo,Oriente,1354.26,705.08,16316.31,533,Regular,Agencia,162,2011/09/09,22,Activo
2102,DNI,68299458,Roberto,Vargas,Ramos,1969-11-20,55,M,Casado,Secundaria,,Tecnología,Lima,Lima,Lima y Callao,1063.67,543.8,40116.41,578,Regular,Telemarketing,177,2010-05-28,5,Activo
2103,DNI,54993145,Iván,Álvarez,Laime,1992/01/23,32,M,Soltero,Técnico,Estudiante,Servicios,Wanchaq,Cusco,Sur,850.0,528.78,36140.42,465,Regular,Agencia,22,27-02-2023,17,Inactivo
2104,DNI,43370736,Rosa,Cruz,Álvarez,18/05/1982,42,F,Casado,Secundaria,Independiente,Agricultura,Los Olivos,Lima,Lima y Callao,2048.62,1334.85,25096.01,553,Regular,Digital,110,2015-11-23,4,Activo
2105,DNI,69729672,Daniela,Morales,González,1997-10-10,27,F,Conviviente,,Empleado Privado,Tecnología,Pisco,Ica,Sur,3421.32,2164.39,172419.8,527,Regular,Digital,78,2018-07-09,20,Activo
2106,DNI,74019255,Miguel,Medina,Romero,1974-04-06,50,M,Soltero,Secundaria,,Transporte,Tarapoto,San Martín,Oriente,2816.38,1640.54,68446.84,471,Regular,Agencia,143,22/03/2013,23,Activo
2107,DNI,72675457,Miguel,castro ,Torres,16-08-1971,53,M,Casado,Universitario ,Independiente,Comercio,La Esperanza,La Libertad,Norte,2345.53,1297.74,108188.57,572,Regular,,13,2019/12/03,9,Activo
2108,DNI,88231329,Héctor,López,Jiménez,25-06-1983,41,M,Casado,Técnico,Empleado Privado,Tecnología,Wanchaq,Cusco,Sur,2328.42,1389.4,25434.75,557,Regular,Agencia,85,2017/12/18,17,Activo
2109,DNI,86922543,David,Cusi,Herrera,1988/02/28,36,M,Casado,Técnico,Independiente,Educación,Sullana,Piura,Norte,850.0,560.03,27275.28,447,Regular,Digital,105,2016/05/10,15,Activo
2110,DNI,50698958,César,Torres,Castro,1975/07/08,49,M,Divorciado,Secundaria,Empresario,Agricultura,Chiclayo,Lambayeque,Norte,13924.2,9591.89,359378.24,547,Premium ,Digital,50,2020-11-03,12,Activo
2111,DNI,94314914,Elena,Laime,Quispe,1967-01-20,57,F,Soltero,Secundaria,Empleado Privado,Agricultura,La Esperanza,La Libertad,Norte,1608.46,782.88,70953.98,484,Regular,Agencia,32,28-01-2021,9,Inactivo
2112,DNI,5277035,Fabiola,Rojas,Quispe,1986/06/25,38,F,Soltero,Técnico,Empleado Privado,Educación,Chiclayo,Lambayeque,Norte,,1750.48,95495.66,486,Regular,Telemarketing,127,2014-07-19,12,Activo
2113,DNI,51940723,César,Romero,Laime,1974-03-08,50,M,Soltero,Universitario,Empleado Público,Servicios,El Tambo,Junín,Centro,1873.2,757.92,77789.67,526,Regular,Agencia,8,23/04/2024,19,Activo
2114,DNI,39002950,Manuel,González,Huanca,17/12/1983,41,M,Soltero,Universitario,Empleado Público,Agricultura,El Tambo,Junín,Centro,1445.96,810.24,22030.98,498,Regular,Digital,37,21/11/2021,19,Inactivo
2115,DNI,90497574,Alejandra,Gómez,Laime,13-12-1984,40,F,Soltero,Postgrado,Independiente,Agricultura,Yanahuara,Arequipa,Sur,2046.05,1431.72,50627.62,485,Regular,Agencia,124,2014/10/09,8,Activo
2116,CE,348308241,Fernando,Morales,Choque,1982-04-08,42,M ,Soltero,Secundaria,Empresario,Comercio,Víctor Larco Herrera,La Libertad,Norte,4425.38,2933.94,234804.44,581,Regular,Digital,17,2020-03-17,11,Activo
2117,DNI,33430718,Manuel,Ortiz,Martínez,26/09/1997,27,M,Casado,Secundaria,Empleado Público,Servicios,Trujillo,La Libertad,Norte,1401.74,866.51,28932.59,636,Regular,Digital,31,2021/03/08,10,Activo
2118,Pasaporte,811080238,Pablo,Rodríguez,Castro,1995-02-02,29,M,Casado,Universitario,Empleado Privado,Finanzas,Wanchaq,Cusco,Sur,1304.97,564.78,25351.09,506,Regular,Referido,97,2016/12/29,17,Inactivo
2119,DNI,19354728,Patricia,Jiménez,Romero,2004-02-29,20,F,Casado,Universitario,Empresario,Finanzas,Trujillo,La Libertad,Norte,4150.58,1895.68,110408.75,596,Regular,Referido,70,2019-03-12,10,Activo
2120,DNI,91450909,Adriana,Rivera,Cruz,2001-04-24,23,F,CASADO,Universitario,Independiente,Finanzas,Yanahuara,Arequipa,Sur,850.0,586.25,13159.98,373,Regular,Referido,19,2022-12-10,8,Activo
2121,DNI,33382765,Pablo,Morales,Castillo,1972/09/15,52,M,Viudo,Postgrado,Independiente,Agricultura,San Juan de Lurigancho,Lima,Lima y Callao,5512.96,3222.5,313663.63,480,Regular,Digital,99,2016/10/17,1,Activo
2122,DNI,52010154,Marco,Laime,Medina,1974-06-27,50,M,Soltero,Técnico,Empleado Público,Agricultura,Huancayo,Junín,Centro,3902.73,2200.93,65979.66,621,Regular,Digital,93,2017/04/25,18,Activo
2123,DNI,77599025,Juan,Herrera,Sánchez,22/01/1985,39,M,Divorciado,Universitario,Empleado Público,Otro,Arequipa,Arequipa,Sur,850.0,587.0,7415.35,455,Regular,Digital,174,2010-09-12,7,Bloqueado
2124,DNI,10297295,Luis,Rodríguez,Reyes,1988-10-11,36,M,Viudo,técnico,Empleado Privado,Transporte,Yanahuara,Arequipa,Sur,2388.69,1117.38,108927.79,468,Regular,Telemarketing,164,2011/06/28,8,Activo
2125,DNI,22517666,César,López,López,1969-05-07,55,M,Viudo,Universitario,Independiente,Construcción,Arequipa,Arequipa,Sur,6251.14,3228.28,351325.76,505,Regular,Agencia,54,2020/07/03,7,Activo
2126,DNI,56562192,Roberto,Sánchez,Reyes,1969-09-27,55,M,Casado,Universitario,Empleado Privado,Finanzas,Huancayo,Junín,Centro,3741.53,2112.74,169438.25,513,Regular,Agencia,46,26-04-2020,18,Inactivo
2127,DNI,25648586,Sofía,González,Ramos,1972/05/03,52,F,Conviviente,Postgrado,Empleado Público,Educación,Arequipa,Arequipa,Sur,2336.51,1043.42,72029.0,635,Regular,Digital,116,29/05/2015,7,Activo
2128,DNI,96451159,Adriana,Huanca,Huanca,2001-01-04,24,F,Casado,Técnico,Empleado Privado,Construcción,Santiago de Surco,Lima,Lima y Callao,1901.31,1063.66,100392.34,452,Regular,Telemarketing,102,2016/08/01,2,Activo
2129,DNI,80466063,César,García,Ramos,20/10/1977,47,M,Casado,Universitario,Empleado Público,Construcción,Pisco,Ica,Sur,3636.77,1821.76,144519.79,516,Regular,Digital,92,2017-06-10,20,Activo
2130,DNI,52123802,José,Flores,Quispe,2000-07-21,24,M,Casado,Universitario,Empleado Privado,Agricultura,San Juan de Lurigancho,Lima,Lima y Callao,3748.61,2382.47,154590.19,505,Regular,Agencia,164,2011/06/24,1,Activo
2131,DNI,71512954,Patricia,Huanca,Medina,2004/09/03,20,F,Casado,Universitario,Empleado Privado,Finanzas,Trujillo,La Libertad,Norte,2369.1,1445.29,128208.21,367,Regular,Agencia,131,2014/03/15,10,Bloqueado
2132,DNI,16953595,  Rodrigo,Cruz,Castillo,1990/04/28,34,M,Soltero,Universitario,Empresario,Salud,Pisco,Ica,Sur,3134.68,1485.38,124363.66,541,Regular,Referido,175,29/07/2010,20,Activo
2133,DNI,11496336,Carlos,Laime,Martínez,1981/12/09,43,M,Conviviente,Universitario,Empleado Público,Finanzas,El Tambo,Junín,Centro,1271.3,685.09,30130.16,555,Regular,Referido,118,16/04/2015,19,Inactivo
2134,DNI,40059758,Héctor,García,Chávez,2000/01/28,24,M,Soltero,Postgrado,Estudiante,Agricultura,Chimbote,Ancash,Centro,850.0,410.65,40034.72,412,Regular,,27,2022-09-24,21,Activo
2135,DNI,65490787,Carlos,Ramos,Rivera,1988-01-02,37,M,Soltero,Técnico,Independiente,Transporte,Wanchaq,Cusco,Sur,3193.47,2138.19,160661.85,510,Regular,Agencia,48,2021/01/04,17,Activo
2136,DNI,60616941,Elena,López,Laime,1966-10-03,58,F,Soltero,Técnico,Empleado Público,Servicios,San Juan de Lurigancho,Lima,Lima y Callao,2289.29,1481.57,108683.55,548,Regular,Agencia,114,2015/07/26,1,Activo
2137,DNI,6992269,Rocío,Reyes,Medina,1988-03-08,36,F,Viudo,Secundaria,Empleado Privado,Transporte,Chiclayo,Lambayeque,Norte,2977.87,1871.41,79573.35,504,Regular,Agencia,138,2013-08-26,12,Activo
2138,DNI,35120945,Elena,Rodríguez,Castro,31-12-1984,40,F,Conviviente,Universitario,Empresario,Educación,Los Olivos,Lima,Lima y Callao,1914.04,1122.39,64811.71,522,Regular,Digital,5,2022/08/06,4,Activo
2139,DNI,84913878,Sandra,Ortiz,Ortiz,1978-10-05,46,F,Casado,Secundaria,Independiente,Tecnología,Arequipa,Arequipa,Sur,1492.52,1010.04,63198.1,421,Regular,Digital,53,2020-08-09,7,Activo
2140,DNI,43241707,Diana,Pérez,Torres,1965-09-19,59,F,Conviviente,Universitario,Empleado Privado,Construcción,Iquitos,Loreto,Oriente,4110.73,2184.61,102528.2,504,Regular,Digital,41,2021/08/13,22,Activo
2141,DNI,22082204,Claudia,Morales,Condori,1996/05/04,28,F,Soltero,Técnico,Independiente,Manufactura,Wanchaq,Cusco,Sur,1172.74,676.92,11878.26,535,Regular,Telemarketing,18,2023-04-22,17,Activo
2142,DNI,59900284,Iván,Sánchez,Álvarez,1981/09/03,43,M,Soltero,Técnico,Independiente,Servicios,Santiago de Surco,Lima,Lima y Callao,,850.65,79529.83,515,Regular,Digital,75,2018-10-30,2,Activo
2143,CE,579251733,Ángela,Cruz,Sánchez,1992/09/08,32,F,Soltero,Técnico,Empleado Público,Servicios,Santiago de Surco,Lima,Lima y Callao,3554.77,2119.74,67184.65,569,Regular,Agencia,58,2020-02-28,2,Activo
2144,Pasaporte,621167006,Ana,Pérez,Castillo,1988/10/22,36,F,Soltero,Universitario,Independiente,Servicios,Piura,Piura,Norte,1433.54,970.19,47734.63,332,Regular,Referido,142,2013-04-22,14,Activo
2145,DNI,21350113,Héctor,Medina,Castro,14-08-2000,24,Masculino,Soltero,Postgrado,Independiente,Educación,Arequipa,Arequipa,Sur,850.0,496.03,36317.58,465,Regular,Digital,100,2016-10-10,7,Activo
2146,CE,945494972,Fabiola,Vargas,Rodríguez,1986/03/14,38,F,Casado,Técnico,Empleado Privado,Construcción,Wanchaq,Cusco,Sur,,789.78,72982.7,464,Regular,Referido,74,2018/11/17,17,Activo
2147,DNI,46514444,Eduardo,Ramos, RaMíReZ,31/01/1976,48,M,Casado,Universitario,Empleado Privado,Salud,El Tambo,Junín,Centro,3877.17,2511.33,114066.9,395,Regular,Agencia,66,2019-07-13,19,Activo
2148,DNI,8930431,Andrés,Rivera, Vargas,1984-11-03,40,M,Casado,Universitario,Independiente,Construcción,Iquitos,Loreto,Oriente,872.08,474.17,30140.81,531,Regular,Agencia,101,2016-05-09,22,Inactivo
2149,DNI,71542241,José,Huanca,Castillo,1973-09-02,51,M,Soltero,TECNICO,Empleado Público,Comercio,Cusco,Cusco,Sur,1573.78,907.88,52499.98,477,Regular,Referido,34,19/08/2021,16,Inactivo
2150,DNI,19753700,Gabriela,Sánchez,Gómez,15/08/1988,36,F,Conviviente,Técnico,Empleado Público,Manufactura,Sullana,Piura,Norte,850.0,372.08,49879.83,514,Regular,Digital,38,2021-11-16,15,Inactivo
2151,CE,375582632,Ángela,Choque,Huanca,1986-05-22,38,F,Conviviente,Universitario,Empleado Privado,Agricultura,San Juan de Lurigancho,Lima,Lima y Callao,4486.39,3077.37,73054.48,425,Regular,Referido,136,20-10-2013,1,Activo
2152,DNI,81199428,Miguel,López,Choque,1990-04-17,34,M,Soltero,Universitario,Empleado Privado,Tecnología,El Tambo,Junín,Centro,1259.8,683.28,56317.09,418,Regular,Agencia,133,2014/01/06,19,Activo
2153,DNI,33497197,Cecilia,Ortiz,Díaz,27-09-1997,27,fem,Soltero,,Independiente,Comercio,Víctor Larco Herrera,La Libertad,Norte,4150.74,2358.59,174775.87,430,Regular,Referido,87,2017/11/02,11,Inactivo
2154,DNI,73163324,Sandra,Gómez,Chávez,1981/10/28,43,F,Casado,Secundaria,Empleado Privado,Tecnología,Santiago de Surco,Lima,Lima y Callao,2372.39,1050.29,96284.92,419,Regular,Referido,7,16/05/2024,2,Activo
2155,DNI,25798969,Lucía,Ramos,Ortiz,1985/05/10,39,F,Conviviente,Secundaria,Empleado Público,Agricultura,Cusco,Cusco,Sur,,1699.38,121358.86,437,Regular,Telemarketing,31,2020-07-02,16,Activo
2156,DNI,91528311,Héctor,Gómez,Mamani,1973/10/22,51,M,Conviviente,Universitario,Estudiante,Salud,Cayma,Arequipa,Sur,850.0,402.12,34358.1,471,regular ,,10,29-11-2020,6,Activo
2157,DNI,1231625,David,López,  SánCheZ,1976-04-14,48,M,Conviviente,Técnico,Empleado Privado,Comercio,San Juan de Lurigancho,Lima,Lima y Callao,2137.14,1066.82,50076.26,498,Regular,Campaña Institucional,37,2021-01-12,1,Activo
2158,DNI,71845816,José,Cusi,Jiménez,14-05-1986,38,M,Soltero,Secundaria,Empresario,Construcción,Chimbote,Ancash,Centro,6010.95,2744.18,291494.04,378,Regular,Agencia,61,2019/12/11,21,Activo
2159,DNI,80310262,Roberto,Díaz,Álvarez,28/09/2004,20,M,Soltero,Secundaria,Estudiante,Comercio,Los Olivos,Lima,Lima y Callao,850.0,452.09,12727.16,508,Regular,Agencia,24,2023-01-07,4,Activo
2160,CE,476316914,Manuel,Gómez,Jiménez,1993/10/19,31,M,Casado,universitario,Empresario,Comercio,Trujillo,La Libertad,Norte,4541.71,1947.35,74056.33,511,Regular,Agencia,101,2016-09-04,10,Activo
2161,DNI,22676174,Manuel,Chávez,Rivera,1974/10/01,50,M,Casado,Universitario,Empleado Público,Agricultura,Piura,Piura,Norte,994.52,692.4,21176.47,468,Regular,Referido,116,26-05-2015,14,Bloqueado
2162,DNI,78064371,Roberto,Flores,Chávez,1986/10/15,38,M,Casado,Postgrado,Independiente,Otro,La Esperanza,La Libertad,Norte,3699.36,1831.95,179973.85,621,Regular,Telemarketing,38,2021/03/18,9,Activo
2163,DNI,99521154,Sofía,Condori,Huanca,19-09-1985,39,F,Viudo,Técnico,Empleado Privado,Servicios,Chiclayo,Lambayeque,Norte,1377.48,712.19,19820.27,503,Regular,Agencia,88,2017/10/02,13,Activo
2164,DNI,55836454,Rodrigo,Quispe,López,1967-01-20,57,M,Casado,Técnico,Empleado Público,Finanzas,Wanchaq,Cusco,Sur,2453.63,1590.14,23042.07,480,REGULAR,Digital,62,18/11/2019,17,Activo
2165,DNI,43682756,Paola,Ortiz,Ramírez,1971-07-20,53,F,Casado,Universitario,,Salud,Chimbote,Ancash,Centro,4019.9,2713.56,164279.02,451,Regular,Telemarketing,15,2020/02/08,21,Activo
2166,DNI,15808678,Enrique,Romero  ,Apaza,1978/02/18,46,M,Casado,Postgrado,Empresario,Finanzas,Víctor Larco Herrera,La Libertad,Norte,10750.42,7206.74,355009.51,595,Premium,Agencia,60,26-01-2020,11,Activo
2167,DNI,52371002,Elena,Cruz,Rivera,19/08/1983,41,F,Divorciado,Universitario,Empleado Público,Transporte,El Tambo,Junín,Centro,1814.66,730.82,81881.61,572,Regular,Telemarketing,158,2011-12-22,19,Activo
2168,DNI,13014464,Luis,Choque,Huanca,1997/07/12,27,M,Divorciado,Secundaria,Empleado Público,Salud,Santiago de Surco,Lima,Lima y Callao,2228.96,1108.23,112254.31,409,Regular,Agencia,145,2013-01-11,2,Activo
2169,DNI,28940117,Sofía,González,López,1970-09-28,54,F,Soltero,Secundaria,Empleado Público,Comercio,Chiclayo,Lambayeque,Norte,2076.17,1006.93,119491.85,594,Regular,Referido,146,2012-12-10,13,Inactivo
2170,DNI,37316927,Víctor,Quispe,Sánchez,1977-04-17,47,M,Casado ,Secundaria,Empleado Privado,Agricultura,Huancayo,Junín,Centro,1603.68,1037.13,62118.7,572,Regular,Digital,120,2015/02/07,18,Activo
2171,DNI,66180610,Pablo,Romero,Mamani,1964-08-19,60,M,Casado,Técnico,Empleado Privado,Manufactura,Arequipa,Arequipa,Sur,5031.46,2868.99,161114.26,478,Premium,Referido,34,2020-02-02,7,Activo
2172,DNI,90510118,Carlos,Sánchez,García,1986/10/26,38,MASCULINO,Conviviente,Universitario,Independiente,Finanzas,Tarapoto,San Martín,Oriente,2503.68,1057.48,35225.24,443,Regular,Agencia,102,29-07-2016,23,Activo
2173,DNI,11632822,María,Medina, Quispe ,1962/06/07,62,F,Casado,Universitario,Independiente,Agricultura,Santiago de surco ,Lima,Lima y Callao,2970.83,1985.46,154009.49,367,Regular,Referido,29,2022-08-05,2,Inactivo
2174,DNI,54496550,Valeria,Condori,Medina,1978/11/11,46,F,Conviviente,Universitario,Empleado Público,Construcción,Cusco,Cusco,Sur,1891.41,807.01,21319.0,508,Regular,Telemarketing,6,2020-12-10,16,Activo
2175,Pasaporte,24242633,Jorge,Vargas,Ortiz,1987-02-19,37,M,Conviviente,Secundaria,Empleado Público,Servicios,chiclayo ,Lambayeque,Norte,2803.69,1362.67,90456.76,562,Regular,Referido,159,2011-11-14,12,Activo
2176,DNI,20318676,César,Huanca,Torres,26-01-1979,45,M,Viudo,Universitario ,Pensionista,Salud,Chiclayo,Lambayeque,Norte,935.65,401.55,15005.69,487,Regular,Agencia,24,2020/12/21,13,Activo
2177,DNI,96667629,Alejandro,Huanca,ChOqUe,1983/01/06,42,M,Casado,Universitario,Empleado Público,Finanzas,Trujillo,La Libertad,Norte,1530.75,677.35,17163.71,537,Regular,Telemarketing,157,26-01-2012,10,Inactivo
2178,DNI,58446577,Víctor,González,Martínez,1977-09-03,47,M,Casado,Secundaria,Independiente,Otro,Pisco,  Ica,Sur,7115.11,3825.67,420981.08,573,Premium,Digital,84,2018-01-10,20,Activo
2179,DNI,66548427,César,Condori,Reyes,1991-02-18,33,M,Conviviente,Universitario,Empresario,Agricultura,Lima,Lima,Lima y Callao,8743.36,4780.52,455907.37,454,Regular,Campaña Institucional,45,27/03/2021,5,Activo
2180,DNI,94538823,Eduardo,López,Díaz,1974/12/29,53,M,Soltero,Técnico,Independiente,Transporte,Trujillo,La Libertad,Norte,1722.79,740.29,22752.04,442,Regular,Referido,60,2020/01/15,10,Activo
2181,DNI,92039801,Alejandro,Rivera,Ramírez,19/04/1979,45,M,Soltero,Universitario,Independiente,Salud,Chiclayo,Lambayeque,Norte,850.0,522.72,25160.37,392,Regular,Digital,124,2014/10/04,12,Activo
2182,DNI,16231539,Daniela,Quispe,Mamani,1986-01-06,39,F,Soltero,universitario ,Empleado Privado,Servicios,Miraflores,Lima,Lima y Callao,2900.74,1390.69,36652.56,463,Regular,Agencia,92,2017-05-19,3,Activo
2183,DNI,79215109, Mónica ,Castillo,Martínez,17/03/2001,23,F,Casado,Secundaria,Independiente,Comercio,Sullana,Piura,Norte,1126.14,563.56,61616.49,478,Regular,Digital,164,2011/07/02,15,Inactivo
2184,DNI,27638082,Carlos,Martínez,Ramírez,1976/05/22,48,M,Casado,Secundaria,,Construcción,Chiclayo,Lambayeque,Norte,2191.74,929.88,19145.31,580,Regular,Telemarketing,86,2017/11/26,13,Activo
2185,DNI,71414264,Ricardo,Sánchez,Pérez,1978/08/07,46,M,Soltero,Técnico,Empleado Privado,Educación,Yanahuara,Arequipa,Sur,2019.52,1249.91,64336.36,477,Regular,Referido,153,22/05/2012,8,Activo
2186,DNI,28954058,Rosa,Chávez,Díaz,1999/04/23,25,F,Soltero,Técnico,Independiente,Manufactura,Cajamarca,Cajamarca,Norte,1883.56,1218.27,86354.2,522,Regular,Digital,17,25-05-2021,24,Activo
2187,CE,898224554,Andrés,Ramírez,Condori,18-03-1974,50,M,Soltero,Universitario,Empleado Público,Agricultura,Víctor Larco Herrera,La Libertad,Norte,3921.12,2523.44,164247.53,506,Regular,Agencia,156,2012/02/24,11,Activo
2188,DNI,5798662,Rodrigo,Rojas,Torres,1966-11-20,58,M,Conviviente,Técnico,Independiente,Construcción,Víctor Larco Herrera,La Libertad,Norte,2283.78,1479.4,71179.04,592,Regular,Telemarketing,72,2019/01/21,11,Activo
2189,DNI,25637731,Claudia,García,Martínez,1983/02/02,41,F,Soltero,Técnico,Independiente,Agricultura,Chiclayo ,Lambayeque,Norte,3796.92,1598.17,98770.34,570,Regular,Agencia,51,2020/10/04,12,Activo
2190,DNI,58362492,Juan,Torres,Cruz,1985/11/23,39,M,Soltero,Secundaria,Independiente,Educación,Los Olivos,Lima,Lima y Callao,2655.45,1108.47,82678.02,554,Regular,Digital,126,19/08/2014,4,Activo
2191,DNI,89105482,Rocío,Mamani,González,1984-05-21,40,F,Casado,Secundaria,Pensionista,Salud,Pisco,Ica,Sur,850.0,385.83,48830.74,599,Regular,Agencia,56,2020/05/15,20,Activo
2192,DNI,87842775,Héctor,Díaz,Torres,1988/06/03,36,m,Soltero,Técnico,Empleado Privado,Otro,Pisco,Ica,Sur,2943.48,1263.77,122137.11,543,Regular,Digital,37,18-11-2021,20,Activo
2193,DNI,68594416,Alejandra,Jiménez,Martínez,27/06/1990,34,F,Soltero,Universitario,Empleado Público,Manufactura,Chimbote,Ancash,Centro,1324.54,754.58,57712.21,507,Regular,Agencia,33,2021-05-11,21,Inactivo
2194,DNI,3632351,Pablo,Cusi,Vargas,30-07-2004,20,M,Casado,Universitario,Pensionista,Construcción,Lima,Lima,Lima y Callao,850.0,369.28,39884.49,465,Regular,Digital,26,27/10/2022,5,Activo
2195,CE,148454430,Mónica,Pérez,Díaz,1986/01/20,38,fem,Soltero,Universitario,Empresario,Transporte,Yanahuara,Arequipa,Sur,2203.16,1426.96,101793.02,589,Regular,Referido,159,24-11-2011,8,Activo
2196,DNI,31633253,Silvia,Huanca,Mamani,16/08/1981,43,F,Conviviente,Postgrado,Empleado Privado,Manufactura,Cajamarca,Cajamarca,Norte,5870.01,3899.83,321279.19,481,Regular,Referido,89,13-08-2017,24,Activo
2197,DNI,50766606,Manuel,Jiménez,Quispe,1993-01-21,31,M,CASADO,Universitario,Empleado Público,Comercio,Sullana,Piura,Norte,2154.15,1080.35,115220.22,478,Regular,Digital,15,2023/10/03,15,Activo
2198,Pasaporte,741412404,Luis,López,Álvarez,20/04/1997,27,M,Soltero,Técnico,Independiente,Agricultura,Lima,Lima,Lima y Callao,5783.18,2886.88,304743.11,437,Regular,Digital,99,20-10-2016,5,Activo
2199,DNI,38819392,Mónica,López,García,2005-01-03,20,F,Casado,Universitario,Empresario,Tecnología,Wanchaq,Cusco,Sur,10604.85,5903.67,463354.73,463,Premium,Digital,125,2014-09-22,17,Activo
2200,DNI,76018086,Rosa,Cusi,Mamani,1990/03/06,34,F,Casado,Universitario,Empleado Privado,Transporte,Wanchaq,Cusco,Sur,1106.85,567.0,9011.79,568,Regular,Referido,19,2022/11/06,17,Activo
2201,DNI,17731319,Víctor,Pérez,Castillo,1998-11-03,26,M,Divorciado,Técnico,Independiente,Agricultura,Los Olivos,Lima,Lima y Callao,2134.93,1231.2,35736.32,513,Regular,Digital,104,2016/05/20,4,Activo
2202,DNI,18256651,Enrique,Huanca,Castro,1977-10-11,47,M,Casado,Universitario,Independiente,Salud,Cusco,Cusco,Sur,2321.36,1138.12,93031.25,401,REGULAR,Agencia,109,2015/12/28,16,Activo
2203,DNI,50334607,Iván,Díaz,Álvarez,1992/10/12,32,M,Soltero,Universitario,Empleado Público,Otro,Arequipa,Arequipa,Sur,2102.38,1383.16,124710.8,448,Regular,,74,30-11-2018,7,Activo
2204,DNI,73982125,RodRigO ,Chávez,Castro,19/01/1980,44,M,Conviviente,Universitario,Empleado Privado,Salud,Los Olivos,Lima,Lima y Callao,4065.93,2467.35,146454.72,547,Regular,Campaña Institucional,132,31/01/2014,4,Activo
2205,DNI,56996387,David,López,Reyes,1997/12/05,27,M,Divorciado,Técnico,Empleado Privado,Salud,Santiago de Surco,Lima,Lima y Callao,7571.78,3381.25,361443.88,517,Regular,Agencia,140,2013/06/10,2,Activo
2206,DNI,72997665,Manuel,Morales,Apaza,20/01/1983,41,M,Casado,Secundaria,Pensionista,Comercio,Miraflores,Lima,Lima y Callao,1607.92,1010.7,33674.74,614,Regular,Telemarketing,7,2022/10/08,3,Activo
2207,DNI,84397118,Claudia,Cruz,Reyes,2000/06/28,24,F,Soltero,Universitario,Empleado Público,Comercio,Trujillo,La Libertad,Norte,1665.33,995.25,52650.43,348,Regular,Agencia,25,25-11-2021,10,Inactivo
2208,DNI,20310666,Víctor,Morales,Castillo,1980-04-25,44,M,Soltero,Técnico,Empleado Privado,Transporte,Cusco,Cusco,Sur,3471.09,2136.53,48228.65,490,Regular,Agencia,51,2020-08-09,16,Inactivo
2209,DNI,87957971,Paola,Condori,Condori,29/04/1990,34,F,Soltero,Universitario,Independiente,Servicios,Huancayo,Junín,Centro,850.0,497.76,27441.53,493,Regular,Digital,132,2014/02/18,18,Inactivo
2210,DNI,51083278,Cecilia,González,López,1965-07-07,59,F,Conviviente,Técnico,Independiente,Educación,Yanahuara,Arequipa,Sur,1740.49,1167.04,29936.1,536,Regular,Digital,164,2011/06/21,8,Activo
2211,DNI,5241142,Isabel,Ramos,Flores,2001/12/28,23,F,Soltero,Técnico,Empleado Privado,Educación,Víctor Larco Herrera,La Libertad,Norte,3064.63,1348.23,85913.34,438,regular ,Agencia,16,19/08/2023,11,Activo
2212,DNI,10849297,Sandra,Castillo,Gómez,1992/03/26,32,F,Soltero,Universitario,Empleado Privado,Manufactura,Yanahuara,Arequipa,Sur,1799.97,899.16,55324.99,449,Regular,Digital,162,2011/08/18,8,Activo
2213,DNI,56143153,LuIs,Flores,Laime,28-05-1978,46,M,Conviviente,Postgrado,Empleado Público,Otro,Chimbote,Ancash,Centro,1286.24,643.84,17883.6,489,Regular,Agencia,51,19/06/2020,21,Inactivo
2214,DNI,90400241,Ángela,Laime,Herrera,1983-09-08,41,F,Conviviente,Técnico,Estudiante,Manufactura,Santiago de Surco,Lima,Lima y Callao,850.0,341.06,45260.32,582,Regular,Digital,9,2020-09-13,2,Activo
2215,DNI,18976217,Paola,Morales,Reyes,1993/11/30,31,F,Divorciado,Técnico,Empleado Privado,Otro,Miraflores,Lima,Lima y Callao,1868.25,1198.52,29431.26,1050,Regular,Referido,75,2018-10-06,3,Activo
2216,DNI,17507963,Jorge,Gómez,Sánchez,30/12/1961,63,M,Soltero,Secundaria,Empresario,Otro,Lima,Lima,Lima y Callao,9263.78,4987.65,312911.39,497,Premium,Agencia,21,2020/12/02,5,Inactivo
2217,DNI,14570658,Fabiola,Medina,Pérez,1969/03/02,55,F,Conviviente,Técnico,Empresario,Tecnología,Pisco, Ica,Sur,7107.03,4290.59,416747.36,550,Premium,Digital,102,2016-08-03,20,Activo
2218,DNI,99391767,Sandra,Romero,Condori,1987-07-04,37,F,Soltero,Universitario,Independiente,Salud,Sullana,Piura,Norte,1327.8,695.15,17287.33,496,Regular,Digital,32,2022-05-11,15,Activo
2219,DNI,3987806,César,Laime,Castro,1989-10-19,35,m,Conviviente,Postgrado,Independiente,Educación,Trujillo,La Libertad,Norte,7877.21,3764.89,137993.0,418,Regular,Telemarketing,51,2020/09/02,10,Activo
2220,DNI,49320392,Silvia,Pérez,Cusi,1964-06-17,60,F,Soltero,Universitario,Empleado Público,Educación,Pisco,Ica,Sur,2293.41,1409.13,117584.14,551,Regular,Digital,167,29-03-2011,20,Activo
2221,DNI,53092464,Paola,Herrera,Herrera,1973-05-07,51,F,Soltero,Postgrado,Empleado Público,Servicios,CusCo,Cusco,Sur,1751.71,1106.31,40151.36,567,Regular,Agencia,178,21-04-2010,16,Activo
2222,DNI,9455731,César,Herrera,Rodríguez,26-08-2004,20,M,Soltero,UNIVERSITARIO,Empleado Privado,Otro,Yanahuara,Arequipa,Sur,1656.02,716.0,47110.82,402,Regular,Campaña Institucional,178,2010-04-24,8,Activo
2223,DNI,10024588,Héctor,Ortiz,Huanca,1998-05-28,26,M,Casado,Técnico,Empleado Público,Servicios,Iquitos,loreto,Oriente,1701.55,756.27,62757.63,503,Regular,Digital,129,27/05/2014,22,Activo
2224,DNI,33833876,Víctor,Medina,Mamani,1974-03-11,50,M,Casado,Técnico,Empleado Privado,Educación,Chimbote,Ancash,Centro,3407.61,2247.25,165726.91,465,Regular,Digital,58,2020-03-03,21,Activo
2225,DNI,23507993,alejandro,Torres,Romero,1978/09/27,46,M,Casado,Postgrado,Independiente,Manufactura,Los Olivos,Lima,Lima y Callao,2621.08,1599.84,152734.89,545,Regular,Referido,97,2017-01-01,4,Activo
2226,DNI,34299508,Víctor,Apaza,Rodríguez,1973/07/05,51,M,Casado,Secundaria,Pensionista,Construcción,Chiclayo,Lambayeque,Norte,1133.01,523.23,62958.25,449,Regular,Digital,8,2024-04-14,13,Activo
2227,DNI,39718190,Luis,López,Romero,17/06/1987,39,M,Casado,Universitario,Empleado Público,Agricultura,Huancayo,Junín,Centro,1590.9,981.78,49480.76,476,Regular,Telemarketing,106,2016-04-03,18,Activo
2228,Pasaporte,261033248,Fabiola,Cruz,Reyes,1979-12-27,45,F ,Casado,Técnico,Empleado Público,Educación,Iquitos,Loreto,Oriente,2872.77,1727.94,64903.79,510,Regular,,109,13-01-2016,22,Activo
2229,DNI,57247639,Víctor,Torres,Cusi,1982-06-16,42,M,Casado,Técnico,Independiente,Construcción,Trujillo,La Libertad,Norte,2578.09,1046.55,39558.25,459,Regular,Referido,6,15/02/2023,10,Activo
2230,DNI,58009998,Ana,García,Quispe,29-10-1994,30,F,Casado,Universitario,Independiente,Finanzas,Yanahuara,Arequipa,Sur,850.0,507.12,20018.53,428,Regular,Agencia,131,2014-03-09,8,Activo
2231,DNI,75434536,Andrés,  RodRígUez,Vargas,1977-12-10,47,M,Conviviente,Universitario,Empresario,Educación,Sullana,Piura,Norte,3904.64,2253.87,94273.19,505,Regular,Agencia,58,2020/03/16,15,Activo
2232,DNI,53300270, Óscar,Romero,Quispe,1977-11-01,47,M,Soltero,Universitario,Empleado Privado,Comercio,Chiclayo,Lambayeque,Norte,3835.33,1630.95,116297.03,438,Regular,,173,14/10/2010,13,Activo
2233,DNI,86901681,Víctor, MamAni ,Castro,24-01-1971,53,M,Soltero,Postgrado,Independiente,Comercio,Los Olivos,Lima,Lima y Callao,5561.79,3637.65,244594.99,448,Regular,Digital,65,19/08/2019,4,Inactivo
2234,DNI,24455652,Pablo,Pérez,Jiménez,1992/07/05,32,M,Soltero,Secundaria,Empleado Público,Agricultura,Yanahuara,Arequipa,Sur,3140.52,2125.34,176663.61,486,Regular,Referido,150,2012-08-08,8,Activo
2235,DNI,33038156,Gabriela,Pérez,Díaz,2004-02-22,20,F,Casado,Universitario,Empresario,Comercio,Miraflores,Lima,Lima y Callao,2063.91,1161.94,56609.42,460,Regular,Digital,115,2015-07-10,3,Activo
2236,DNI,28740811,Cecilia,Herrera,González,1997/01/01,28,F,casado,Secundaria,Empresario,Comercio,Los Olivos,Lima,Lima y Callao,4001.07,2573.13,75423.16,491,Regular,Referido,167,20-03-2011,4,Activo
2237,DNI,96289302,Isabel,Flores,González,1965-08-27,59,F,casado ,Secundaria,Empleado Privado,Construcción,Wanchaq,Cusco,Sur,2780.55,1541.74,150807.58,573,Regular,Agencia,150,2012/08/17,17,Activo
2238,DNI,89654981,Juan,Choque,Díaz,22-11-1965,59,M,Casado,Técnico,Independiente,Comercio,Cajamarca,Cajamarca,Norte,7184.27,3074.34,210042.83,538,Premium,Digital,140,21-06-2013,24,Activo
2239,CE,487487056,Cecilia,Jiménez,Ramos,15/05/2004,20,F,Casado,Técnico,Empleado Privado,Comercio,Chimbote,Ancash,Centro,2988.66,1872.83,164473.58,513,Regular,Telemarketing,14,17/10/2023,21,Activo
2240,DNI,35066566,Rodrigo,Ramos,Gutiérrez,25-02-1983,41,M ,Viudo,Universitario,Empleado Público,Transporte,Los Olivos,Lima,Lima y Callao,4207.89,1744.51,35963.53,557,regular ,Agencia,36,2020/11/11,4,Activo
2241,DNI,93919474,Alejandro,Herrera,Herrera,22-01-1976,48,M,Soltero,Secundaria,Empleado Público,Finanzas,El Tambo,Junín,Centro,3406.68,1654.1,122528.01,537,Regular,,55,30/05/2020,19,Activo
2242,CE,471424321, JoRgE,Pérez,  LAIME,21-06-2004,20,M ,Soltero,Universitario,Empresario,Finanzas,Lima,Lima,Lima y Callao,3542.84,1367.0,51325.02,542,Regular,Agencia,117,2015-05-10,5,Activo
2243,DNI,9831452,Héctor,Ramírez,Morales,1992-05-05,32,M,Soltero,Universitario,Empleado Público,Comercio,Los Olivos,Lima,Lima y Callao,1783.47,1243.88,100683.75,434,Regular,Agencia,57,2020/03/30,4,Activo
2244,DNI,5800058,Silvia,Gómez,Condori,1961/06/04,63,F,Casado,Técnico,Empleado Privado,Manufactura,Huancayo,Junín,Centro,7653.13,3283.89,206243.58,476,Premium,Digital,101,2016/09/01,18,Activo
2245,DNI,7794914,Ana,Pérez,Vargas,1981-08-26,43,F,Conviviente,Postgrado,Empleado Privado,Servicios,Víctor Larco Herrera,La Libertad,Norte,2042.21,1131.22,89429.17,522,Regular,Agencia,117,2015/05/06,11,Activo
2246,DNI,656266,Rosa,CháVez,Gutiérrez,1976-06-08,48,F,Casado,Universitario,Empleado Público,Agricultura,Víctor Larco Herrera,La Libertad,Norte,,2027.75,128822.98,536,Regular,Telemarketing,65,27-08-2019,11,Activo
2247,DNI,90234423,Rodrigo,Rojas,Cruz  ,1949-05-10,75,M ,Conviviente,Universitario,Pensionista,Educación,Pisco ,Ica,Sur,868.23,467.81,26520.17,417,Regular,Agencia,159,2011-11-12,20,Activo
2248,DNI,35805331,Isabel,Ramos,Sánchez,16-04-1987,37,F,Casado,Secundaria,Independiente,Manufactura,Cayma,Arequipa,Sur,850.0,349.3,23813.78,395,Regular,Agencia,141,17-05-2013,6,Bloqueado
2249,Pasaporte,937223917,Miguel,Sánchez,Romero,1996-01-06,29,M,Divorciado,Secundaria,Empleado Privado,Educación,Trujillo,La Libertad,Norte,1619.25,877.9,52934.43,414,Regular,Digital,79,22/06/2018,10,Inactivo
2250,DNI,40874740,Iván,Castillo,Apaza,1976-08-26,48,M,Conviviente,Secundaria,Independiente,Salud,Víctor Larco Herrera,La Libertad ,Norte,1710.61,715.78,70132.73,485,Regular,Agencia,179,29/03/2010,11,Activo
2251,DNI,34425118,Diego,Jiménez,Álvarez,1972-07-23,52,M,Soltero,Técnico,Empleado Público,Transporte,Santiago de Surco,Lima,Lima y Callao,1670.68,950.16,83735.57,506,Regular,Agencia,99,2016/11/10,2,Activo
2252,DNI,61706491,Patricia,Chávez,Sánchez,1978/07/08,46,F,Soltero,Técnico,Pensionista,Manufactura,Trujillo, La libertad ,Norte,850.0,462.77,25893.98,359,REGULAR,Digital,141,2013-05-25,10,Inactivo
2253,CE,157337684,María,Sánchez,Herrera,1978-07-01,46,F,Soltero,Universitario,Independiente,Manufactura,Los Olivos,Lima,Lima y Callao,3390.56,1587.96,192993.14,609,Regular,Agencia,98,22-11-2016,4,Activo
2254,DNI,51495583,Carlos,García,Huanca,1981-11-16,43,M,Casado,Universitario,Independiente,Educación,Trujillo,La Libertad,Norte,4170.76,2228.08,55516.54,482,Regular,Digital,89,2017/09/06,10,Inactivo
2255,DNI,84827230,Víctor,Rojas,Castro,1979/12/04,45,M,Viudo,Universitario,Empresario,Salud,Wanchaq,Cusco,Sur,15951.61,8702.99,571468.22,422,VIP,Telemarketing,133,31-12-2013,17,Activo
2256,DNI,99081873,Mónica,Gutiérrez,Ortiz,1978/07/22,46,F,Soltero,Secundaria,Empleado Privado,Salud,La Esperanza,La libertad ,Norte,8536.74,3303.78,71336.89,521,Regular,Digital,92,20-05-2017,9,Activo
2257,DNI,32605904,Patricia,QuIsPe,Gómez,1963-10-23,61,F,Casado,Tecnico,Empleado Privado,Transporte, PiScO,Ica,Sur,2378.82,1281.71,122037.64,512,Regular,Telemarketing,83,2018-03-07,20,Activo
2258,DNI,34513599,Adriana,  Herrera,Ortiz,16-03-1982,42,F,Casado,Secundaria,Empleado Privado,Comercio,Chiclayo,Lambayeque,Norte,939.82,647.45,47405.99,420,Regular,Digital,54,2020-02-29,12,Activo
2259,DNI,16411991,Elena,Choque,Quispe,19-10-1996,28,F,Casado ,Técnico,Empleado Público,Educación,Miraflores,Lima,Lima y Callao,2620.7,1735.94,116448.61,535,Regular,Agencia,67,2019/06/11,3,Activo
2260,DNI,38435799,Lucía,Herrera,Chávez,16/10/1979,45,F,Soltero,Universitario,Empleado Público,Transporte,Chimbote,Ancash,Centro,3000.7,1180.74,43848.1,504,Regular,Telemarketing,148,14/10/2012,21,Activo
2261,DNI,97756551,Rocío,Laime,Rivera,27/10/1968,56,F,Soltero,Universitario,Empleado Privado,Tecnología,Cusco,Cusco,Sur,3164.3,1851.46,71177.72,513,Regular,Referido,83,2018-03-03,16,Activo
2262,DNI,1221338,José,Díaz,Cusi,1986-10-06,38,M,Casado,Universitario,Empleado Público,Otro,Sullana,Piura,Norte,2690.54,1373.55,70080.33,479,Regular,Referido,15,2023-08-13,15,Activo
2263,DNI,83968382,Marco,Chávez,Condori,1971-09-27,53,M,Casado,Técnico,Empresario,Agricultura,Víctor Larco Herrera,La Libertad,Norte,3150.26,1535.61,135923.24,465,Regular,Agencia,117,2015/05/14,11,Activo
2264,DNI,6899247,Andrés,MorAleS,Castillo,17/10/1974,50,M,Soltero,Técnico,Pensionista,Transporte,Iquitos,  Loreto,Oriente,1072.68,528.44,35923.76,472,Regular,Digital,74,2018-11-08,22,Activo
2265,DNI,51216983,Adriana,González,Martínez,26-09-1972,52,F,Soltero,Secundaria,Empresario,Transporte,Tarapoto,San Martín,Oriente,4286.2,1851.41,232689.43,515,Regular,Telemarketing,36,2022-01-10,23,Activo
2266,CE,150451967,Lucía,Álvarez,Cruz,1966/02/28,58,F,Casado,Técnico,Empleado Privado,Tecnología,La Esperanza,La Libertad,Norte,6894.43,4260.91,322794.6,607,Premium,Digital,82,2018-04-01,9,Activo
2267,DNI,54690336,Carmen,Torres,Jiménez,1986-03-06,38,F,Viudo,Universitario,Empleado Privado,Manufactura,Cayma,Arequipa,Sur,5110.58,2234.12,183521.45,435,Premium,,176,2010-07-06,6,Inactivo
2268,DNI,78762602,Alejandra,Pérez,Laime,1993-05-21,31,F,Conviviente,Técnico,Empleado Privado,Agricultura,Chiclayo,Lambayeque,Norte,850.0,377.47,31030.15,560,Regular,Agencia,76,2018-09-24,12,Activo
2269,DNI,79699993,Víctor,Cusi,Castro,23-04-1993,31,M,Casado,Postgrado,Independiente,Finanzas,San Juan de Lurigancho,Lima,Lima y Callao,1956.48,792.48,89335.74,420,Regular,Campaña Institucional,124,2014/10/03,1,Activo
2270,DNI,241551,Fabiola,Chávez,Choque,29-01-1974,50,F,Casado,Postgrado,Empleado Público,Tecnología,Iquitos,Loreto,Oriente,1925.76,971.37,32762.81,447,Regular,Referido,22,21-02-2023,22,Inactivo
2271,DNI,68685843,Alejandra,Reyes,Castillo,1977/09/30,47,F,Soltero,Técnico,Empleado Privado,Servicios,Wanchaq,Cusco,Sur,1443.47,954.79,14119.37,447,Regular,Agencia,152,2012-06-18,17,Activo
2272,DNI,31055771,Luis,Ramos,Ortiz,2004-05-14,20,M,Casado,Postgrado,Empleado Privado,Otro,Chiclayo,Lambayeque,Norte,1164.66,671.27,33698.04,462,Regular,Agencia,176,23-06-2010,12,Activo
2273,DNI,93584342,Andrés,Laime,Álvarez,2004-12-15,20,M,Soltero,Técnico,Independiente,Agricultura,Víctor Larco Herrera,La Libertad,Norte,850.0,494.26,50544.26,451,Regular,Referido,141,21-05-2013,11,Activo
2274,DNI,40999151,David, choque ,Castro,17-12-1989,35,M,Divorciado,Técnico,Empleado Público,Servicios,Pisco,Ica,Sur,4432.92,2596.2,210944.55,602,Regular,Agencia,132,2014-02-24,20,Activo
2275,DNI,36412264,David,García,Pérez,1993/01/13,31,M,Casado,Técnico,Empleado Privado,Agricultura,Tarapoto,San Martín,Oriente,3449.71,1604.79,140475.16,514,Regular,Referido,42,2021/03/02,23,Activo
2276,DNI,17442539,Lucía,Chávez,Castillo,1990/09/23,34,F,Casado,Universitario,Independiente,Educación,Trujillo,La Libertad,Norte,850.0,519.9,7379.53,472,Regular,Digital,33,2020/05/01,10,Activo
2277,DNI,66142809,Alejandra,Castro,Condori,1985/10/12,39,F,Viudo ,Secundaria,Empleado Privado,Comercio,Los Olivos,Lima,Lima y Callao,2238.62,920.81,93285.19,507,Regular,Digital,43,16/06/2021,4,Activo
2278,DNI,53317025,María,Castro,Morales,1992/07/09,32,F,Conviviente,Técnico,Empresario,Finanzas,Víctor Larco Herrera,La Libertad,Norte,2655.82,1095.49,135961.1,499,Regular,Digital,160,2011/11/08,11,Activo
2279,DNI,20153330,Rodrigo,Morales,Quispe,1978-05-12,46,M,Soltero,Postgrado,Pensionista,Construcción,Chiclayo,Lambayeque,Norte,850.0,472.69,14759.14,541,Regular,Agencia,51,2020-10-09,12,Activo
2280,DNI,19683948,Cecilia,Gutiérrez,Romero,30/08/2004,20,F,Divorciado,Universitario,Empresario,Construcción,Yanahuara,Arequipa,Sur,3378.88,1356.58,189372.38,462,Regular,Agencia,18,2019/12/27,8,Activo
2281,CE,913156536,David,Ramos,Reyes,1990/12/31,34,M,Casado,Secundaria,Independiente,Educación,Arequipa,Arequipa,Sur,1475.02,954.01,14051.63,576,Regular,Agencia,165,24/05/2011,7,Inactivo
2282,DNI,85297993,Valeria,Pérez  ,Ramos,1993/07/26,31,F,Casado,Universitario,Empleado Privado,Educación,Víctor Larco Herrera,La Libertad,Norte,8849.25,4821.18,364796.45,508,Premium,Agencia,176,2010-07-12,11,Activo
2283,DNI,64123154,Ricardo,Cruz,Jiménez,13-10-1981,43,M,Soltero,Técnico,Empleado Privado,Salud,Iquitos,Loreto,Oriente,3641.52,2091.6,29155.51,630,Regular,Digital,100,2016/10/05,22,Activo
2284,DNI,41052696,Valeria,García,Sánchez,18/06/1994,30,F,Soltero,,Empleado Privado,Agricultura,Arequipa,Arequipa,Sur,1478.77,797.33,13439.95,426,Regular,Agencia,167,2011/04/06,7,Inactivo
2285,CE,796746726,Lucía,Rojas,Ortiz,26/01/1982,42,F,CASADO,Técnico,Empleado Privado,Manufactura,Piura,Piura,Norte,1201.83,566.26,33832.75,486,Regular,Agencia,131,2014/03/09,14,Activo
2286,DNI,70267199,Sandra,Cruz,Ramírez,1962/05/12,62,F,Casado,Técnico,Independiente,Finanzas,Cajamarca,Cajamarca,Norte,2985.59,1670.44,148461.16,499,Regular,Agencia,141,2013/05/29,24,Activo
2287,DNI,52606822,Rosa,Ramos,Quispe,1990-07-12,34,F,Conviviente,Técnico,Empleado Público,Transporte,Santiago de Surco,Lima,Lima y Callao,2839.47,1190.93,84110.88,451,regular,Referido,54,2020-08-07,2,Activo
2288,DNI,78908850,María,Laime,Medina,1960/07/05,64,F,Casado,Secundaria,Empleado Privado,Comercio,Arequipa,Arequipa,Sur,8736.97,5935.92,349310.02,541,regular ,Referido,41,2021-07-27,7,Inactivo
2289,DNI,85951292,Manuel,Mamani,González,1983-12-02,41,M,Conviviente,Secundaria,Empleado Privado,Construcción,Chimbote,Ancash,Centro,4732.52,2006.31,90172.14,551,Regular,Agencia,36,2020-12-02,21,Activo
2290,DNI,39977387,David,Choque,  flores,17/09/1992,32,M,Casado,Técnico,Empleado Privado,Salud,Miraflores,Lima,Lima y Callao,2023.19,1119.03,87277.97,399,Regular,Agencia,28,2020-08-20,3,Activo
2291,DNI,65144486,Lucía,Morales,Rojas,1979/01/09,46,F,Casado,Técnico,Independiente,Comercio,El Tambo,Junín,Centro,3831.38,2331.66,66979.64,422,Regular,Telemarketing,99,19/10/2016,19,Activo
2292,DNI,87202981,Alejandro,González,Ramos,1978-01-29,48,M,Soltero,Secundaria,,Comercio,El Tambo,Junín,Centro,866.87,563.64,35602.46,426,Regular,Digital,158,20-12-2011,19,Activo
2293,DNI,63305074,Fabiola,Torres,Chávez,1976-11-30,48,F,Casado,Técnico,Independiente,Agricultura,Miraflores,Lima,Lima y Callao,1458.99,811.06,68936.51,478,Regular,Agencia,180,28-02-2010,3,Activo
2294,CE,616936240,Miguel,Rivera,Laime,2002-03-27,22,M,Casado,Universitario,Empresario,Transporte,Chimbote,Ancash,Centro,5444.6,3749.78,83783.36,481,Regular,Campaña Institucional,68,2019/05/08,21,Activo
2295,DNI,41037622, Ángela ,Castro,Cruz,1991-11-03,33,F,Casado,Universitario,Empleado Privado,Finanzas,Cajamarca,Cajamarca,Norte,2414.78,997.8,80848.67,484,Regular,Agencia,82,23/03/2018,24,Activo
2296,DNI,44668471, IVÁN,Reyes,Apaza,13/07/1992,32,M,Viudo,Secundaria,Empleado Privado,Finanzas,Wanchaq,Cusco,Sur,1258.37,651.99,30667.34,569,Regular,Agencia,19,13/12/2019,17,Inactivo
2297,DNI,85811014,Lucía,Sánchez,Castillo,1990/04/18,34,F,Casado,Secundaria,Independiente,Transporte,Víctor Larco Herrera,La Libertad,Norte,2047.22,1383.08,88140.2,530,Regular,Agencia,176,2010/07/15,11,Activo
2298,DNI,35631676,mónica ,Condori,Rivera,1949/05/03,75,F,Casado,Secundaria,Independiente,Servicios,Santiago de Surco,Lima,Lima y Callao,1219.86,501.56,26929.05,537,Regular,Agencia,138,2013-08-28,2,Activo
2299,DNI,93834770,Rodrigo,Choque,Choque,22-08-1991,33,M,Casado,Secundaria,Empresario,Otro,Sullana,Piura,Norte,3868.4,2104.51,169023.57,457,Regular,Referido,23,2023/01/24,15,Activo
2300,DNI,48241430,Ricardo,García,Choque,1996-12-23,28,M,Soltero,Técnico,Empleado Privado,Educación,Arequipa,Arequipa,Sur,,1360.56,142076.7,385,Regular,Digital,30,28-10-2020,7,Activo
2301,DNI,76893345,Patricia,Vargas,Laime,1971-06-17,53,F,Soltero,Técnico,Empleado Privado,Finanzas,San Juan de Lurigancho,Lima,Lima y Callao,3171.73,1793.57,163319.95,529,Regular,Agencia,6,2023/10/27,1,Activo
2302,CE,668464820,Juan,Reyes,Rodríguez,28-05-1988,36,M,Conviviente,Universitario,Independiente,Construcción,San Juan de Lurigancho,Lima,Lima y Callao,1721.46,1127.31,20085.69,493,Regular,Digital,100,2016-09-22,1,Activo
2303,DNI,55724772,Carmen,Condori,Sánchez,1996-04-09,28,F,Soltero,Técnico,Empleado Público,Finanzas,La Esperanza,La Libertad,Norte,1634.63,826.83,24950.53,437,Regular,Digital,66,2019-07-03,9,Activo
2304,DNI,23190170,Patricia,Rodríguez,González,1993/06/14,31,F,Casado,Técnico,Empleado Privado,Tecnología,Iquitos,Loreto,Oriente,909.19,537.81,20157.0,541,Regular,Telemarketing,76,2018-10-01,22,Activo
2305,DNI,47057126,Miguel,CUSI,Herrera,1991/03/31,33,M,Soltero,Postgrado,Independiente,Educación,La Esperanza,La Libertad,Norte,4906.1,3186.7,170276.31,538,Regular,Telemarketing,168,14-03-2011,9,Activo
2306,DNI,7018058,José,Vargas,Rojas,22-06-1998,26,M,Divorciado,Secundaria,Empleado Público,Transporte,LoS OlIvOs,Lima,Lima y Callao,1199.8,492.45,38196.9,622,Regular,Digital,22,2023-02-14,4,Activo
2307,DNI,33598480,Lucía,Álvarez,Gómez,1961/07/15,63,F,Conviviente,Técnico,Independiente,Tecnología,Piura,Piura,Norte,2644.03,1291.62,68612.97,529,Regular,Digital,21,2022-09-07,14,Activo
2308,DNI,53210133,Isabel,Díaz,García,1990/09/02,34,F,Conviviente,Universitario,Empleado Privado,Manufactura,Pisco,Ica  ,Sur,3321.41,2275.82,54386.99,438,Regular,Agencia,171,2010-11-19,20,Activo
2309,DNI,14056502,Ricardo,Huanca,Álvarez,13/07/2004,20,M,Viudo,Técnico,Independiente,Salud, Iquitos,Loreto,Oriente,850.0,549.77,47458.35,452,Regular,Agencia,146,13-12-2012,22,Activo
2310,DNI,91991838,Ana, VaRgAs ,López,26/10/1996,28,F,Casado,Técnico,Independiente,Tecnología,San Juan de Lurigancho,Lima,Lima y Callao,1988.78,1049.09,78152.88,406,Regular,Agencia,70,21/03/2019,1,Activo
2311,CE,752969426,Cecilia,Pérez,Álvarez,16-01-2003,23,F,Casado,Técnico,Empleado Privado,Agricultura,Cusco,Cusco,Sur,4033.1,2763.26,173148.97,489,Regular,Referido,18,30-01-2020,16,Activo
2312,DNI,70508755,Iván,Cusi,Pérez,1983/02/02,41,M,Soltero,Tecnico,Independiente,Agricultura,Víctor Larco Herrera,La Libertad,Norte,4281.93,1759.07,65040.15,516,Regular,Agencia,42,2021-06-25,11,Activo
2313,DNI,39193870,Manuel,Cusi,Cusi,1965/02/12,59,M,Casado,Técnico,Empresario,Servicios,El Tambo,Junín,Centro,4913.38,2473.13,171294.85,514,Regular,Agencia,95,2017/02/14,19,Activo
2314,DNI,4624786,Eduardo,Cusi,Ramos,1998/09/21,26,M,Casado,Secundaria,Independiente,Transporte,Iquitos,Loreto,Oriente,1517.76,1007.72,25909.63,515,Regular,Telemarketing,20,2020/12/30,22,Inactivo
2315,DNI,84321095,José,Rivera,Mamani,21/09/1967,57,M,Soltero,Universitario,Empleado Privado,Tecnología,Víctor Larco Herrera,La Libertad,Norte,5126.98,2771.11,193104.29,417,Premium,Digital,76,25/09/2018,11,Activo
2316,DNI,84676170,Adriana,Díaz,López,18-05-1970,54,F,Casado,Técnico,Independiente,Servicios,Tarapoto,San Martín,Oriente,850.0,323.81,34221.31,552,Regular,Referido,147,15/11/2012,23,Activo
2317,DNI,80579550,Mónica,Rivera  ,Vargas,1987/05/08,37,F,Soltero,Secundaria,Independiente,Agricultura,Cajamarca,Cajamarca,Norte,3668.9,1550.32,40178.62,409,Regular,Agencia,161,22-09-2011,24,Activo
2318,DNI,20217589,Pablo,Morales,Martínez,1968-07-07,56,M,Soltero,Postgrado,Independiente,Manufactura,Piura,Piura,Norte,925.02,616.72,31300.31,469,Regular,Digital,40,2020-12-08,14,Activo
2319,DNI,32489323,Carlos,Torres,  CruZ,14/02/1994,30,M,Casado,Universitario,Empleado Público,Salud,Iquitos,Loreto,Oriente,950.95,480.78,44246.83,492,Regular,Telemarketing,117,18/05/2015,22,Activo
2320,DNI,89880775,Eduardo,Medina,Medina,1961/04/12,63,M,Casado ,Universitario,Empleado Privado,Agricultura,Trujillo,La Libertad,Norte,12526.19,8089.94,280823.14,540,REGULAR,Digital,130,2014-04-19,10,Activo
2321,DNI,79346829,Manuel,Romero,Choque,1969/07/08,55,M,Casado,Postgrado,Empleado Público,Servicios,Tarapoto,San Martín,Oriente,2543.4,1210.09,31953.99,555,Regular,Agencia,149,30-09-2012,23,Activo
2322,DNI,48777476,Paola,Reyes,Vargas,16/11/1987,37,F,Divorciado,Universitario,Empleado Privado,Otro,  Yanahuara,Arequipa,Sur,3021.21,1599.47,107480.57,511,Regular,Referido,67,2019-06-11,8,Inactivo
2323,DNI,60688867,Sandra,González,Apaza,1989/04/10,35,F,Casado,Universitario,Empleado Público,Construcción,Cayma,Arequipa,Sur,1937.21,1217.22,116185.67,493,Regular,Campaña Institucional,128,2014/06/12,6,Activo
2324,DNI,65186515,Adriana,Vargas,Mamani,1973/04/15,51,F,Soltero,Secundaria,Pensionista,Agricultura, Miraflores ,Lima,Lima y Callao,850.0,432.74,13175.47,495,Regular,Telemarketing,104,2016/06/10,3,Activo
2325,DNI,14660170,Alejandro,Ramírez,Condori,1960-02-23,64,M,Divorciado,Universitario,Empresario,Finanzas,Piura,Piura,Norte,13454.58,7797.31,479596.89,631,Regular,Agencia,170,2010/12/29,14,Activo
2326,DNI,29578735,Enrique,Castillo,Herrera,22/01/1982,42,M,Soltero,Universitario,Empresario,Construcción,La Esperanza,La Libertad,Norte,6954.1,3051.96,167097.31,572,Regular,Agencia,99,2016/10/16,9,Activo
2327,DNI,8475557,César,Torres,Pérez,28-09-1964,60,M,Casado,Técnico,Independiente,Otro,Miraflores,Lima,Lima y Callao,850.0,459.13,9445.99,439,Regular,Digital,72,13/01/2019,3,Activo
2328,DNI,49835980,Víctor,González,Díaz,1967/11/11,57,M,Casado,Técnico,Estudiante,Tecnología,Chimbote,Ancash,Centro,850.0,515.07,9730.05,470,Regular,Referido,62,15-11-2019,21,Activo
2329,DNI,24469845,César,Vargas,Condori,1998-08-21,26,M,Casado,Postgrado,Independiente,Comercio,Chimbote, Ancash ,Centro,1389.59,717.91,45380.78,384,Regular,Digital,49,2020-05-06,21,Activo
2330,DNI,58899872,MARÍA,Laime,Ramos,23/05/1957,67,F,Conviviente,Técnico,Empleado Público,Agricultura,Lima,Lima,Lima y Callao,2487.31,1720.14,125488.76,531,Regular,Agencia,109,2016/01/09,5,Inactivo
2331,DNI,90981122,Jorge,Apaza,Gutiérrez,1975/11/03,49,M,Soltero,Postgrado,Independiente,Servicios,Sullana,Piura,Norte,4816.5,1896.36,275677.7,555,Regular,Agencia,79,2018-06-18,15,Activo
2332,DNI,52370087, Héctor,Condori,Jiménez,1970/12/05,54,M,Casado,Técnico,Empleado Privado,Finanzas,Trujillo,La Libertad,Norte,2266.69,1231.0,21911.03,489,Regular,Agencia,28,22-08-2022,10,Activo
2333,DNI,74846431,Manuel,Castro,Rodríguez,15-05-1984,42,M,Divorciado,Universitario,Empleado Privado,Manufactura,Cajamarca,Cajamarca,Norte,2337.3,1456.71,75128.53,500,Regular,Agencia,74,2018-11-26,24,Bloqueado
2334,DNI,58219645,Adriana,Jiménez,Ortiz,1978/09/10,46,F,Casado,Universitario,Empleado Público,Tecnología,Yanahuara,Arequipa,Sur,2976.24,1544.95,161458.8,417,Regular,Agencia,15,2022/02/05,8,Activo
2335,DNI,23078141,Jorge,Pérez,Flores,15-07-1974,50,M,Soltero,Universitario,Pensionista,Transporte,Pisco,Ica,Sur,1012.16,503.06,34487.58,535,Regular,Digital,134,23-12-2013,20,Activo
2336,DNI,54759711,Juan,Quispe,Huanca,1973/03/02,51,M,Soltero,Secundaria,Independiente,Educación,Cayma,Arequipa,Sur,7677.02,4711.85,348699.01,586,Regular,Referido,77,27-08-2018,6,Activo
2337,CE,684583109,Héctor,MARTÍNEZ,Ramírez,16/08/1966,58,M,Soltero,Universitario,Empleado Privado,Tecnología,PiuRa ,Piura,Norte,6573.05,4189.56,161034.77,536,Regular,Referido,60,2020-01-09,14,Activo
2338,DNI,21023872,Pablo,Díaz,Gómez,21-01-1982,42,M ,Conviviente,Universitario,Empresario,Tecnología,Miraflores,Lima,Lima y Callao,9683.5,4764.2,499658.91,562,Regular,Agencia,156,2012/03/05,3,Activo
2339,DNI,19643356,Silvia,Ramos,Laime,1986-05-03,38,F,Soltero,Universitario,Empleado Privado,Comercio,El Tambo,Junín,Centro,3381.68,1986.98,172009.24,481,Regular,Agencia,159,2011/12/10,19,Inactivo
2340,Pasaporte,532208939,Isabel,Mamani,García,22-01-1993,31,F,Casado,Técnico,Empleado Privado,Comercio,  LimA,Lima,Lima y Callao,4977.62,1898.06,178966.75,479,Regular,,46,2021-03-18,5,Activo
2341,DNI,75991173,Pablo,González,Romero,1958-11-19,66,M,Casado,Universitario,,Educación,Cusco,Cusco,Sur,2556.12,984.01,32698.62,999,Regular,Agencia,138,2013/08/26,16,Activo
2342,DNI,50245063,Rodrigo,Condori,Herrera,1982-05-20,42,M,Soltero,tecnico,Independiente,Comercio,Arequipa,Arequipa,Sur,5170.14,3253.2,90508.86,515,Regular,Telemarketing,32,2021/03/04,7,Activo
2343,DNI,86676469,Eduardo,Pérez,Castro,1979-03-07,45,M,Conviviente,Secundaria,Empresario,Construcción,Víctor Larco Herrera,La Libertad,Norte,2982.76,1875.97,122462.9,449,Regular,Referido,111,2015/10/22,11,Activo
2344,DNI,38232258,Carlos,Torres,Reyes,1979/05/30,45,M,Casado,Técnico,Empleado Privado,Educación,Cajamarca,Cajamarca,Norte,1472.78,770.49,32553.57,461,Regular,Referido,25,2022/12/12,24,Inactivo
2345,DNI,86610000,Patricia,Reyes,Morales,1976/08/28,48,F,Conviviente,Universitario,Empleado Privado,Servicios,Cusco,Cusco,Sur,-1822.16,759.83,40723.53,583,Regular,Digital,127,2014-07-15,16,Activo
2346,DNI,2696315,Gabriela,Huanca,Morales,1968-03-01,56,F,Conviviente,Técnico,Empleado Privado,Transporte,Wanchaq,CuScO,Sur,1435.95,984.29,82951.22,455,Regular,Referido,171,27-11-2010,17,Activo
2347,DNI,82370844,Diego,Herrera,Huanca,16/07/2004,20,M,Soltero,Universitario,Empleado Público,Otro,Los Olivos,Lima,Lima y Callao,,529.13,56393.77,514,Regular,Agencia,131,2014-02-28,4,Activo
2348,DNI,32645701,Iván,Pérez,Morales,26/04/1987,37,M,Casado,Universitario,Empleado Público,Salud,Los Olivos,Lima,Lima y Callao,2441.07,1699.36,105378.03,416,Regular,Agencia,141,2013/05/24,4,Activo
2349,DNI,79310826,Juan,González,López,1973/06/11,51,M,Soltero,Universitario,Empleado Público,Salud,Cajamarca,Cajamarca,Norte,1805.16,917.96,46919.67,520,Regular,Agencia,145,18/01/2013,24,Activo
2350,CE,661182892, ELENA ,García,Castro,21/01/1984,40,F,Conviviente,Universitario,Empleado Privado,Salud,Chiclayo,Lambayeque,Norte,1485.41,619.51,45379.44,419,regular ,Agencia,3,19/07/2022,13,Activo
2351,CE,928969186,Iván,Morales,Rodríguez,21/03/1971,53,M,Soltero,Técnico,Empleado Público,Otro,Chiclayo,Lambayeque,Norte,2681.49,1210.5,49088.27,582,Regular,Agencia,51,2020-10-20,13,Activo
2352,DNI,58300358,Andrés, Gutiérrez ,Medina,22/08/1979,45,M,Soltero,Universitario,Independiente,Tecnología,El Tambo,Junín,Centro,2636.1,1144.77,25016.08,397,Regular,Referido,147,2012/11/13,19,Activo
2353,DNI,88319272,Claudia,Ortiz,Chávez,1986/03/01,38,F,Conviviente,Universitario,Empleado Privado,Salud,Wanchaq,Cusco,Sur,2724.46,1782.23,27347.52,589,Regular,Digital,90,15-07-2017,17,Activo
2354,DNI,3402073,Óscar,Díaz,Ramírez,1974/05/02,50,M,Casado,Técnico,Empleado Privado,Transporte,Cusco,Cusco,Sur,6511.72,3634.92,182834.94,540,Regular,Digital,116,2015/06/01,16,Bloqueado
2355,DNI,33021489,Rodrigo,González,Condori,1991/08/23,33,M,Soltero,Postgrado,Independiente,Servicios,San Juan de Lurigancho,Lima,Lima y Callao,2358.68,900.65,116058.49,487,Regular,Agencia,4,2022-09-26,1,Activo
2356,DNI,72443764,Rodrigo,Laime,Rivera,14/11/1994,30,M,Casado,Secundaria,Empleado Público,Agricultura,Miraflores,Lima,Lima y Callao,1644.88,959.95,87094.88,476,Regular,Digital,149,2012-10-01,3,Activo
2357,DNI,91487192,Enrique,Cusi,Díaz,1963/10/03,61,M,Casado,Universitario,Empresario,Comercio,Sullana,Piura,Norte,1882.81,1284.23,75865.9,600,Regular,Telemarketing,80,2018-05-22,15,Activo
2358,DNI,26669916,Alejandro,Ramírez,Medina,1994/07/15,30,M,Divorciado,Universitario,Empleado Público,Finanzas,El Tambo,Junín,Centro,1108.04,621.94,39672.24,552,Regular,Telemarketing,97,2016/12/26,19,Activo
2359,DNI,97759776,Alejandra,Rodríguez,Condori,1974/02/23,50,F,Casado,UNIVERSITARIO,,Otro,Trujillo,La Libertad,Norte,3696.48,2332.92,97825.68,566,Regular,Digital,138,2013/08/08,10,Activo
2360,DNI,74126788,Juan,Álvarez,Apaza,1958-11-10,66,M,Casado,Técnico,Empleado Privado,Comercio,Yanahuara,Arequipa,Sur,4451.09,2732.61,216224.09,510,regular,Digital,58,2020-03-09,8,Activo
2361,DNI,5878928, daniela ,Ortiz,Rojas,1979/01/11,46,F,Casado,Secundaria,Independiente,Construcción,Arequipa,Arequipa,Sur,5737.45,3566.9,92265.8,457,Regular,Campaña Institucional,35,2021/10/21,7,Activo
2362,DNI,7991906,Fabiola,Jiménez,Castillo,1990/04/29,34,F,Soltero,Universitario,Empleado Público,Otro,Wanchaq,Cusco,Sur,1751.77,1089.8,19038.77,378,Regular,Agencia,138,2013-08-25,17,Activo
2363,Pasaporte,486711724,Marco,Chávez,Pérez,1981/03/29,43,M,Casado,Universitario,Empresario,Finanzas,San Juan de Lurigancho,Lima,Lima y Callao,1863.77,893.29,97294.58,511,Regular,Agencia,164,26/06/2011,1,Activo
2364,DNI,8962870,Manuel,López,Ortiz,1972-11-21,52,Masculino,Soltero,Universitario,Empleado Público,Construcción,Tarapoto,San Martín,Oriente,1875.75,797.58,82886.73,613,Regular,Telemarketing,101,2016/08/31,23,Activo
2365,DNI,59992071,Cecilia,Romero,López,2000-12-05,24,F,Conviviente,,Independiente,Tecnología,Los Olivos,Lima,Lima y Callao,4636.74,2681.44,160255.79,502,Regular,Telemarketing,119,2015-03-21,4,Bloqueado
2366,DNI,17341741,LuiS,Morales,Sánchez,28-03-2003,21,M,Soltero,Universitario,,Transporte,Trujillo,La Libertad,Norte,13079.12,6634.11,317631.12,474,VIP,Agencia,99,2016-11-10,10,Activo
2367,DNI,66303633,Lucía,Morales,Reyes,18-07-1993,31,F,Casado,Universitario ,Empleado Público,Tecnología,Trujillo,La Libertad,Norte,1101.74,445.1,54291.86,476,Regular,Agencia,159,2011-12-08,10,Activo
2368,DNI,53647066,Marco,Ortiz,Reyes,28/07/1984,40,M,Casado,Universitario,Empleado Privado,Otro,San Juan de Lurigancho,Lima,Lima y Callao,2952.9,1881.36,153712.68,469,Regular,Referido,17,14/09/2022,1,Activo
2369,DNI,91535090,Miguel,Reyes,Ortiz,1975-12-11,49,m,Casado,Secundaria,Empleado Privado,Transporte,La Esperanza,La Libertad,Norte,2470.92,1209.51,54977.74,392,Regular,Referido,141,2013-05-04,9,Activo
2370,DNI,32710049,Ana,Medina,Reyes,1984-03-10,40,fem,Casado,Secundaria,Empleado Privado,Construcción,Chiclayo,Lambayeque,Norte,858.75,521.74,35314.42,501,Regular,Digital,94,2017-04-09,13,Inactivo
2371,DNI,5091633,Gabriela,Morales,ApaZa,1994-08-26,30,Femenino,Casado,Universitario,Independiente,Construcción,Huancayo,JunÍn,Centro,2376.85,1444.23,109596.53,542,Regular,Referido,26,2022-10-25,18,Activo
2372,CE,249128300,Patricia,Vargas,Cruz,1994/11/01,30,F,Casado,Universitario,Empresario,Tecnología,Los Olivos,Lima,Lima y Callao,9856.95,5097.21,329804.37,480,regular,Agencia,178,22-04-2010,4,Activo
2373,DNI,96079117,Ángela,Rivera,Gutiérrez,1961/07/14,63,F,Soltero,Postgrado,Empleado Privado,Construcción,sullana,Piura,Norte,2750.53,1479.89,34773.9,469,Regular,Agencia,103,2016/07/13,15,Inactivo
2374,DNI,87245040,Fabiola,Torres,Morales,28/09/1974,50,F,Casado,Secundaria,Empleado Público,Salud,Chiclayo,Lambayeque,Norte,1879.97,763.91,51537.02,472,Regular,Referido,111,2015/11/14,12,Activo
2375,DNI,21636297,Rocío,Rivera,Cusi,1988/03/02,36,F,Soltero,Universitario,Independiente,Otro,Lima,Lima,Lima y Callao,2157.58,939.46,77414.99,552,Regular,Agencia,75,25-10-2018,5,Inactivo
2376,DNI,37836812,Adriana,Romero,Cruz,2004/10/25,20,F,Casado,,Estudiante,Transporte,Lima,Lima,Lima y Callao,850.0,367.17,46854.66,486,Regular,Campaña Institucional,65,25/08/2019,5,Inactivo
2377,DNI,41057940,Rocío,Gutiérrez,Mamani,1980/07/18,44,F,Casado,Técnico,Independiente,Transporte,Sullana,Piura,Norte,5922.01,2776.29,190753.99,493,Regular,Agencia,109,2016-01-09,15,Activo
2378,DNI,8977547,Gabriela,Ramos,Gutiérrez,1985/02/05,39,F,soltero,Universitario,Empleado Público,Servicios,Los Olivos,Lima,Lima y Callao,2613.46,1187.09,119689.08,509,Regular,Referido,148,17-10-2012,4,Activo
2379,DNI,77149487,José,Castro,Gómez,17/07/1987,37,M,soltero,Universitario ,Independiente,Finanzas,Cayma,Arequipa,Sur,3220.12,1224.19,143964.18,446,Regular,Campaña Institucional,48,21/01/2021,6,Activo
2380,DNI,78098822,Alejandro,Morales,García,28-07-1990,34,M,Conviviente,Universitario,Independiente,Construcción,Huancayo,Junín,Centro,1513.79,841.45,69427.41,548,Regular,Agencia,13,24-03-2022,18,Activo
2381,DNI,79299025,Enrique,Gutiérrez,Flores,2004-09-27,20,M,Soltero,Secundaria,,Otro,Miraflores,Lima,Lima y Callao,2563.39,1530.85,85970.81,457,Regular,Telemarketing,55,24/06/2020,3,Activo
2382,DNI,43260322,Patricia,Herrera,Quispe,2003-03-20,21,F,Soltero,Universitario,Estudiante,Otro,Wanchaq,Cusco,Sur,850.0,478.21,29452.9,479,Regular,Digital,64,19-09-2019,17,Activo
2383,DNI,8889592,Diego,Cusi,Sánchez,1975-05-07,49,M,Conviviente,Secundaria,Empleado Privado,Transporte,Huancayo,Junín,Centro,850.0,417.43,46413.5,570,Regular,Agencia,84,2018-02-02,18,Activo
2384,DNI,41171590,Patricia,Condori,Álvarez,27/06/1991,33,F,Soltero,Técnico,Pensionista,Tecnología,Pisco,Ica,Sur,1284.98,497.15,48536.24,512,Regular,Referido,117,2015/05/01,20,Activo
2385,DNI,32978671,David,Rodríguez,Sánchez,1993/10/26,31,M,Casado,Postgrado,Empleado Privado,Otro,Wanchaq,Cusco,Sur,3632.61,-2049.73,124668.52,452,Regular,Telemarketing,177,2010-06-12,17,Activo
2386,DNI,19103533,Fabiola,Castillo,Vargas,2004/05/02,20,F,Casado,Técnico,Empleado Privado,Transporte,Chimbote,Ancash,Centro,4255.8,2409.16,131267.93,415,Regular,Digital,128,26-06-2014,21,Activo
2387,CE,663143870,Lucía,Díaz,Gutiérrez,1994/01/03,31,F,Casado,Secundaria,Pensionista,Agricultura,Víctor Larco Herrera,La Libertad,Norte,850.0,527.9,10630.24,483,Regular,Agencia,137,2013/09/07,11,Inactivo
2388,DNI,59517336,Enrique,Apaza,Condori,28-02-1983,41,M,Casado,Técnico,Empresario,Tecnología,Pisco,Ica,Sur,7908.74,4553.71,308957.41,443,Regular,Agencia,38,25-10-2021,20,Activo
2389,DNI,38224432,César,Ortiz,Rodríguez,1992-01-09,33,M,Casado,Universitario,Independiente,Finanzas,Los Olivos,Lima,Lima y Callao,2003.54,1124.75,22080.7,577,Regular,Referido,28,2022/09/13,4,Activo
2390,DNI,54369803,Elena,Condori,Torres,1984-02-17,40,F,Soltero,Universitario,Independiente,Agricultura,Víctor Larco Herrera,La lIbErTaD,Norte,4909.25,2651.91,208760.77,491,Regular,Digital,17,2021-10-09,11,Activo
2391,DNI,98198333,Marco,Gutiérrez,López,16-04-1988,36,M,Soltero,Técnico,Empleado Privado,Construcción,San Juan de Lurigancho, Lima,Lima y Callao,2403.32,1588.83,23408.05,469,Regular,Agencia,107,29-02-2016,1,Activo
2392,DNI,10671091,Enrique,MoRaLeS,López,1975-05-30,49,M,Casado,Técnico,Empleado Privado,Servicios,Chimbote,Ancash,Centro,5963.82,2908.96,301596.11,525,Regular,Agencia,111,2015-11-11,21,Activo
2393,DNI,83931856,Roberto,Rodríguez,Cusi,1968-07-03,56,M,Casado,Universitario,,Agricultura,La Esperanza,La Libertad,Norte,1944.77,1189.78,44814.84,485,Regular,Telemarketing,91,19-06-2017,9,Inactivo
2394,DNI,86320197,César,Condori,Sánchez,26-10-1991,33,M,soltero ,Universitario,Independiente,Comercio,Cajamarca,Cajamarca,Norte,2708.04,1384.63,98875.64,455,Regular,Digital,32,16/05/2022,24,Activo
2395,DNI,91277615,Manuel,Castro,Ramírez,1974-09-08,50,M,Conviviente,Universitario,Pensionista,Salud,Wanchaq,Cusco,Sur,850.0,370.0,21625.42,499,Regular,Campaña Institucional,140,29-06-2013,17,Inactivo
2396,DNI,59765712,Eduardo,Medina,Quispe,1974/06/05,50,M,Casado,Técnico,Independiente,Transporte,La Esperanza,La Libertad,Norte,850.0,539.64,7658.96,613,Regular,Digital,169,2011-02-09,9,Activo
2397,DNI,40905444,Héctor,Jiménez,Pérez,1986/03/12,38,M,Conviviente,Técnico,Empleado Público,Otro,Pisco,Ica,Sur,910.23,419.95,47691.99,507,Regular,Referido,5,2022/08/04,20,Activo
2398,DNI,7666752, Cecilia ,Jiménez,Morales,1982/04/04,42,F,Conviviente,Universitario,Empresario,Construcción,Cajamarca,CAJAMARCA,Norte,5460.81,3149.83,275595.26,568,Regular,Agencia,56,2020-05-01,24,Activo
2399,DNI,7783635,Andrés,Mamani,Huanca,1975-01-09,50,M,Soltero,UNIVERSITARIO,Empleado Público,Educación,Miraflores,Lima,Lima y Callao,2521.17,1685.92,122899.47,544,regular ,Referido,27,2020-03-05,3,Activo
2400,DNI,60177265,Jorge,Flores,Quispe,1984/11/10,40,M,Casado,Secundaria,Independiente,Manufactura,Pisco,Ica,Sur,7959.05,4090.19,134578.11,414,Regular,Agencia,166,2011/05/07,20,Inactivo
2401,DNI,20025304,Andrés,Ortiz,Ramírez,1981-05-25,43,M,Viudo,Universitario,Pensionista,Educación,Huancayo,Junín,Centro,1083.6,717.68,13302.38,531,Regular,Digital,33,29-05-2020,18,Activo
2402,DNI,62875318,Rosa,Cusi,Herrera,1993/09/18,31,F,Soltero,Postgrado,Empleado Privado,Manufactura,Trujillo,  La Libertad,Norte,1091.86,680.51,28045.88,477,Regular,Agencia,179,2010-04-03,10,Activo
2403,DNI,30322168,David,Flores,Álvarez,1979/09/05,45,M,Casado,Universitario,Empleado Público,Salud,Chiclayo,Lambayeque,Norte,3915.9,2140.8,184387.95,445,regular,Agencia,99,2016/11/07,13,Activo
2404,DNI,83340179,Carmen,Castillo,Castillo,1969-05-09,55,F,Casado,Universitario,Empleado Privado,Agricultura,Chiclayo,Lambayeque,Norte,10220.26,6540.86,439529.92,502,Regular,Agencia,26,2022-11-07,12,Activo
2405,DNI,11712034,David,Mamani,Castro,23-06-1998,26,M,Conviviente,Universitario,Pensionista,Salud,Chiclayo,Lambayeque,Norte,850.0,528.42,23455.35,461,Regular,Referido,52,2020/09/10,12,Activo
2406,DNI,22422371,Alejandra,Castillo,Medina,1976-07-20,48,F,Casado,Técnico,Estudiante,Manufactura,Cayma,Arequipa,Sur,850.0,543.37,38673.39,579,Regular,Campaña Institucional,54,25/07/2020,6,Activo
2407,DNI,92709930,Enrique,Jiménez, PéReZ,1996/03/07,28,M,Casado,Técnico,Independiente,Otro,Miraflores,Lima,Lima y Callao,850.0,445.85,39671.53,524,Regular,Agencia,17,2023/08/07,3,Activo
2408,DNI,91046005,Diana,Torres,Pérez,25/04/2004,20,F,Soltero,Postgrado,Pensionista,Agricultura,Yanahuara,Arequipa,Sur,850.0,550.11,44948.51,623,Regular,,20,2020/08/05,8,Activo
2409,DNI,27839290,Rocío,Rojas,Jiménez,27/11/1983,41,F,Soltero,Universitario,Empleado Privado,Construcción,Arequipa,Arequipa,Sur,1614.05,896.54,63033.25,481,Regular,Agencia,121,2015/01/02,7,Activo
2410,DNI,59289146,María,Huanca,Álvarez,1983-03-11,41,F,Soltero,Secundaria,Empresario,Otro,Chiclayo,Lambayeque,Norte,6268.38,3807.88,166479.84,550,Regular,Referido,81,2018/04/28,13,Activo
2411,CE,822234494,César,Ortiz,González,1995/11/30,29,M,Soltero,Universitario,Empleado Público,Otro,Sullana,Piura,Norte,3736.22,2289.04,81445.72,504,Regular,Referido,140,2013/06/11,15,Activo
2412,DNI,99142607,Adriana,Rojas,Ramos,1974/08/12,50,F,Soltero,Técnico,Estudiante,Finanzas,Los Olivos,Lima,Lima y Callao,850.0,344.86,18401.44,567,Regular,Agencia,162,2011/08/31,4,Activo
2413,DNI,52591372,Alejandra,Rojas,Chávez,1989-02-05,37,F,Viudo,Secundaria,Empleado Público,Educación,Cajamarca,Cajamarca,Norte,2286.41,1557.92,34021.54,450,Regular,Referido,154,27/04/2012,24,Activo
2414,DNI,20753919,  SaNdRa,López,Quispe,27/03/1994,30,F,Soltero,Universitario,Empleado Privado,Otro,Arequipa,Arequipa,Sur,3652.91,2385.13,145448.71,447,Regular,Digital,66,2019-07-19,7,Activo
2415,DNI,84855050,Isabel,Laime,Pérez,1993/04/22,31,F,Casado,Secundaria,Empresario,Servicios,Víctor Larco Herrera,La Libertad,Norte,3574.45,1599.37,199254.59,532,Regular,Referido,4,14-11-2021,11,Activo
2416,DNI,72438144,Alejandro,Castillo,Rojas,19/02/1990,34,M,Conviviente,Técnico,Empleado Público,Transporte,Tarapoto,San Martín,Oriente,1891.08,761.82,107047.73,495,Regular,Agencia,101,2016/08/16,23,Activo
2417,DNI,55450122,Víctor,Romero,Castillo,2004/09/23,20,M,Soltero,Postgrado,Independiente,Otro,Cajamarca,Cajamarca,Norte,850.0,341.96,18273.93,470,Regular,Referido,55,2020/06/18,24,Activo
2418,DNI,89309222,IvÁn,Sánchez,Reyes,30-11-1986,40,M,Casado ,Secundaria,Empleado Privado,Agricultura,Pisco,Ica,Sur,4501.8,1788.0,119794.51,531,Regular,Telemarketing,63,2019/10/28,20,Activo
2419,DNI,67400097,ÓsCaR,Romero,Martínez,30/01/1974,50,M,Casado,Técnico,Empleado Público,Agricultura,Cayma,Arequipa,Sur,4634.29,2547.74,204977.12,519,Regular,Digital,142,2013/04/28,6,Activo
2420,DNI,34364669,Víctor,Jiménez,Rodríguez,15-11-1975,49,M,Soltero,Secundaria,Empleado Privado,Salud,Arequipa,Arequipa,Sur,2239.39,1006.75,56624.4,632,Regular,Digital,14,27-08-2020,7,Inactivo
2421,DNI,72055532,Carlos,Reyes,Pérez,1959-09-02,65,M,Soltero,Universitario,Empleado Público,Otro,Cajamarca,Cajamarca  ,Norte,2489.57,1092.21,29501.79,556,Regular,Telemarketing,67,2019-06-02,24,Activo
2422,CE,360722884,Valeria ,Jiménez,Vargas,1967/01/15,58,F,Divorciado,Universitario,Empleado Privado,Finanzas,Chiclayo,Lambayeque,Norte,-2967.07,1909.65,115660.04,476,Regular,Agencia,4,2024/08/22,12,Activo
2423,CE,285443052,Rocío,Álvarez,Medina,1972-04-30,52,F,Casado,Universitario,Independiente,Educación,Chimbote,Ancash,Centro,2650.28,1019.44,25494.08,513,Regular,Agencia,174,2010/09/06,21,Activo
2424,DNI,50294079,Rosa,Castro,Cruz,1993-02-08,31,F,Casado,Técnico,Empleado Público,Salud,La Esperanza,La Libertad,Norte,973.02,513.13,15974.12,501,Regular,Digital,36,2021/12/19,9,Activo
2425,DNI,48784041,Ana,Ortiz,Condori,1972-07-08,52,F,Divorciado,Técnico,,Servicios,San Juan de Lurigancho,Lima,Lima y Callao,2141.9,1457.07,103152.46,581,regular ,Agencia,92,2017-05-15,1,Activo
2426,DNI,22913790,Isabel,Quispe,Huanca,1991-03-20,33,F,Casado,tecnico,Independiente,Tecnología,Tarapoto ,  San Martín,Oriente,1038.55,676.17,12495.1,467,Regular,Agencia,103,27-06-2016,23,Activo
2427,DNI,14159284,Mónica,Morales,Cruz,1984-01-06,41,F,Soltero,Universitario,Independiente,Educación,Trujillo,La Libertad,Norte,3967.38,2385.61,223691.52,446,Regular,Digital,121,30-12-2014,10,Activo
2428,DNI,71643611,José,Castillo,Morales,1966-06-02,58,M,Soltero,Técnico,Empleado Privado,Tecnología,  HuaNcaYo,Junín,Centro,8538.64,4359.82,234845.74,521,Regular,Agencia,88,2017/09/13,18,Activo
2429,DNI,34325101,Patricia,Ramos,González,1968/05/06,56,F,Conviviente,Secundaria,,Otro,Huancayo,Junín,Centro,1857.61,1016.28,43917.21,566,regular,Telemarketing,42,2021-03-19,18,Inactivo
2430,DNI,17474815,Diana,Torres,Gutiérrez,28/03/1970,54,F,CASADO,Universitario,Independiente,Servicios,Miraflores,Lima,Lima y Callao,4655.97,1870.02,55784.51,509,Regular,Campaña Institucional,23,22-08-2021,3,Inactivo
2431,DNI,70807092,Jorge,Díaz,Condori,2004-12-08,20,M,Casado,Universitario,Empleado Privado,Transporte,Tarapoto,San Martín,Oriente,1722.11,691.73,36840.67,419,REGULAR,Digital,138,27/08/2013,23,Activo
2432,DNI,54666920,Marco,Rivera,  Castillo,21-08-1994,30,M,Casado,Universitario,Empleado Privado,Finanzas,Cayma,Arequipa,Sur,2752.6,1318.68,88122.29,447,Regular,Digital,99,2016/10/25,6,Activo
2433,DNI,44539750,Claudia,Torres,Apaza,1992-02-12,32,Femenino,Casado,Universitario,Empleado Público,Otro,Tarapoto, San Martín,Oriente,1276.9,495.63,68606.64,451,Regular,Agencia,62,22/11/2019,23,Activo
2434,DNI,26849414,Andrés,Medina,Condori,1969-12-22,55,Masculino,Viudo,Técnico,Pensionista,Comercio, LIMA,Lima,Lima y Callao,883.6,493.3,19865.2,475,Regular,Agencia,116,2015/06/06,5,Activo
2435,DNI,20002978,Ricardo,Huanca  ,Rivera,1988/06/18,36,M,Soltero,Universitario,Empresario,Tecnología,Huancayo,Junín  ,Centro,6710.07,2588.25,318662.69,532,Premium,Agencia,34,2020-10-21,18,Activo
2436,DNI,90358322,Andrés,Díaz,García,28-02-2004,20,M,Soltero,Técnico,Empleado Privado,Manufactura,Lima,Lima,Lima y Callao,3955.98,1732.38,66626.91,536,Regular,Agencia,132,2014-02-10,5,Activo
2437,DNI,48223322,Pablo,López,Apaza,21-09-1995,29,M,Casado,Universitario ,Independiente,Educación,La Esperanza,La Libertad,Norte,1064.44,722.67,45461.61,440,Regular,Referido,140,2013-06-14,9,Bloqueado
2438,CE,133752145,Óscar,Laime,Romero,1992/11/28,32,M,Casado,Universitario,Empleado Privado,Agricultura,Chiclayo,Lambayeque,Norte,2944.43,1785.23,140851.03,366,Regular,Digital,51,2020/10/19,13,Activo
2439,DNI,59730374,Juan,Ortiz,Apaza,1996-03-01,28,M,CASADO,Universitario,Empresario,Otro,La Esperanza,La Libertad,Norte,12911.7,7538.42,768609.49,456,Regular,Agencia,43,22/05/2021,9,Activo
2440,DNI,83077366,Gabriela,Cruz,Flores,20-12-1968,56,F,Casado,Técnico,Independiente,Tecnología,Chiclayo,Lambayeque,Norte,3307.77,2197.39,196748.34,411,Regular,Agencia,169,13/02/2011,13,Activo
2441,Pasaporte,23894056,Carmen,Vargas,Quispe,16-09-1975,49,F,Casado,Técnico,Empleado Privado,Salud,Arequipa,Arequipa,Sur,2828.0,-1375.45,55326.74,474,Regular,Agencia,128,2014/06/03,7,Activo
2442,DNI,9952242,Alejandra,Apaza,Torres,25/10/1980,44,F,Divorciado,Técnico,Independiente,Servicios,Chimbote,Ancash,Centro,3300.3,2206.17,105588.77,531,Regular,Telemarketing,103,2016-07-12,21,Activo
2443,DNI,55677473,Alejandra,Flores,López,1968-12-05,56,F,Casado,Secundaria,Empleado Público,Educación,San Juan de Lurigancho,Lima,Lima y Callao,2747.78,1683.32,140622.02,453,regular ,Digital,17,2023-08-06,1,Activo
2444,DNI,80302492,Enrique,Condori,Laime,19/12/1988,36,M,Soltero,Universitario,Independiente,Comercio,Chimbote,Ancash,Centro,17467.58,9381.94,252793.99,548,VIP,Campaña Institucional,126,2014-08-10,21,Activo
2445,DNI,30380354,Marco,Torres,Cusi,18-05-1954,70,M,Soltero,Universitario,Empresario,Manufactura,Iquitos,Loreto,Oriente,16060.54,6721.83,395853.55,575,VIP,Digital,5,2020-09-10,22,Activo
2446,Pasaporte,819875997,Enrique,Laime,HERRERA,1979-01-22,45,M,Soltero,Universitario,Empleado Privado,Otro,Wanchaq,Cusco,Sur,2860.27,1796.18,104809.4,397,Regular,Digital,161,14-09-2011,17,Inactivo
2447,DNI,62046786,Juan,Flores,Apaza,1982/09/13,42,M,Conviviente,Postgrado,Empresario,Manufactura,Arequipa,Arequipa,Sur,11859.6,7165.3,449506.62,493,Regular,Digital,148,2012/11/01,7,Inactivo
2448,DNI,44491185,Fabiola,Ortiz,Cusi,25/06/1978,46,F,Soltero,Secundaria,Empleado Público,Agricultura,Pisco,Ica,Sur,3056.35,1618.83,84816.03,465,Regular,Referido,138,2013/08/08,20,Activo
2449,DNI,84230227,VaLeRiA  ,Castillo,Quispe,14-09-1988,36,F,Conviviente,Postgrado,Empleado Privado,Construcción,Santiago de Surco,Lima,Lima y Callao,1634.37,674.66,55917.3,432,Regular,Digital,135,2013/11/14,2,Inactivo
2450,DNI,14341663,Miguel,Jiménez,Rivera,1998-05-03,26,M,Casado,Técnico,Independiente,Salud,Iquitos,Loreto,Oriente,1091.12,669.4,61670.1,539,Regular,Referido,38,29/05/2020,22,Activo
2451,DNI,46574096,César,Romero,Quispe,13-11-1993,31,M,Divorciado,Técnico,Independiente,Otro,San Juan de Lurigancho,Lima,Lima y Callao,2335.54,1267.86,52095.97,443,Regular,Digital,91,2017-07-05,1,Activo
2452,DNI,73605390,Isabel,Huanca,Sánchez,1968-06-10,56,F,Conviviente,Postgrado,Independiente,Servicios,Lima,Lima,Lima y Callao,6458.2,4017.81,186180.91,564,Premium,Agencia,145,2013/01/31,5,Activo
2453,DNI,41987032,Enrique,Mamani,Cusi  ,13/09/1979,45,M,Soltero,Secundaria,Estudiante,Tecnología,Cayma,Arequipa,Sur,850.0,354.8,43764.65,423,Regular,Agencia,105,2016/05/11,6,Activo
2454,CE,472787924,Patricia,Rivera,Mamani,1959-09-07,65,F,Soltero,Técnico,Independiente,Otro,Tarapoto,San Martín,Oriente,1608.96,1061.21,35050.71,549,Regular,Referido,90,18/07/2017,23,Activo
2455,DNI,61376982,Alejandra,Ramos,Rodríguez,20-06-1970,54,F,Soltero,Técnico,Pensionista,Tecnología,El Tambo,Junín,Centro,915.42,511.33,28713.52,559,Regular,Agencia,67,27-06-2019,19,Bloqueado
2456,DNI,12126358,Sandra,Rodríguez,Cusi,1973/05/06,51,F,Soltero,Técnico,Empleado Público,Servicios,Pisco,Ica,Sur,4499.1,2820.31,167877.52,499,Regular,Agencia,18,2023-07-05,20,Inactivo
2457,DNI,28284012,Roberto,Vargas,Sánchez,1998-03-02,26,M,Casado,Universitario,Empleado Privado,Comercio,Wanchaq,Cusco,Sur,1944.06,935.9,28748.19,474,Regular,Agencia,74,2018-11-24,17,Activo
2458,DNI,78303172,Luis,Cusi,Rivera,30/04/1982,42,M,Casado,Técnico,Independiente,Finanzas,Pisco,Ica,Sur,1770.61,739.52,41015.78,381,Regular,Digital,102,2016/07/25,20,Inactivo
2459,DNI,96799184,Luis,Reyes,Huanca,14-06-1977,47,M,Viudo,Secundaria,Empresario,Construcción,Los Olivos,Lima,Lima y Callao,19439.72,11630.98,1111502.42,574,VIP,Agencia,78,2018/07/13,4,Activo
2460,CE,845934010,Víctor,Castro,Jiménez,1975-09-08,49,M,Viudo ,Técnico,Independiente,Construcción,La Esperanza,La Libertad,Norte,3666.06,1787.25,202159.1,522,Regular,Digital,11,2022/10/17,9,Activo
2461,DNI,25931227,Elena,Mamani,Rivera,1971-11-04,53,F,Soltero,Técnico,Empresario,Agricultura,Tarapoto,San Martín,Oriente,7877.42,5233.88,256607.11,518,Regular,Referido,83,2018/03/07,23,Activo
2462,DNI,72396778,Andrés,García,Morales,26/01/1992,32,Masculino,Soltero,Secundaria,Empleado Privado,Salud,Víctor Larco Herrera,La Libertad,Norte,2324.41,1312.14,84573.18,489,Regular,Agencia,65,2019/08/05,11,Activo
2463,DNI,7372291,Carlos,Rojas,Castro,1986-10-10,38,M,Casado,Técnico,Empleado Público,Comercio,San Juan de Lurigancho,Lima,Lima y Callao,2320.3,1240.21,129813.92,525,Regular,Agencia,156,2012-02-16,1,Activo
2464,DNI,58484149,Daniela,Ramos,Ortiz,1974-01-01,51,F,Soltero,Secundaria,Independiente,Manufactura,Chiclayo,Lambayeque,Norte,6114.4,2680.17,74299.59,513,Regular,Telemarketing,98,2016/12/03,12,Activo
2465,DNI,69380584,Jorge,Ramírez,Cruz,1998-07-09,26,M,Casado,Secundaria,Empresario,Comercio,Trujillo,La Libertad,Norte,4097.83,1664.71,136684.82,489,Regular,Referido,131,2014/03/09,10,Activo
2466,DNI,45631479,Andrés,Sánchez,Huanca,2004/06/28,20,M,Conviviente,Secundaria,Independiente,Construcción,Miraflores, Lima,Lima y Callao,5137.04,2084.22,83970.03,468,Regular,Digital,9,2020-07-21,3,Activo
2467,DNI,88166809,Elena,Huanca,Herrera,25-07-1978,46,F,Casado,Secundaria,Empleado Público,Finanzas,El Tambo,Junín,Centro,3753.9,1810.92,203315.09,481,Regular,Digital,154,17-04-2012,19,Activo
2468,DNI,45747706, César,Chávez,Ramos,17-01-1976,48,M,Soltero,Universitario,Empleado Público,Transporte,  ChImBoTe,Ancash,Centro,2111.16,1336.77,26055.54,506,Regular,Referido,116,2015-06-06,21,Activo
2469,DNI,11565277,Fernando,Ramos,Cusi,1992-07-01,32,M,Soltero,Secundaria,Empresario,Otro,Cayma,Arequipa,Sur,14401.23,6779.3,822209.2,496,VIP,Agencia,120,2015/01/31,6,Inactivo
2470,DNI,85463164,Pablo,Rojas,Laime,1974-04-13,50,M,Conviviente,Postgrado,Empleado Privado,Comercio,Sullana,Piura,Norte,1183.02,471.06,32068.85,562,Regular,Agencia,151,2012-08-02,15,Activo
2471,DNI,33149325,Fabiola,Díaz,Rivera,14-09-1970,54,F,Conviviente,Universitario,Empleado Público,Finanzas,Arequipa,Arequipa,Sur,2393.41,1161.43,121257.37,513,Regular,Referido,132,2014/02/11,7,Activo
2472,DNI,2810003,Ángela,gómez,García,25-06-1978,46,F,Conviviente,Universitario,Empleado Público,Educación,Tarapoto,San Martín,Oriente,5430.89,2623.11,116502.54,422,Regular,Digital,23,20/04/2020,23,Activo
2473,CE,765029425,Isabel,Condori,Rojas,1973-09-04,51,F,Soltero,Secundaria,Empleado Privado,Construcción,Miraflores,Lima,Lima y Callao,1928.77,1118.65,86054.49,499,Regular,Referido,101,2016/09/10,3,Activo
2474,DNI,66162429,Fernando,Herrera,Díaz,22-05-1985,39,M,Divorciado,Secundaria,Empleado Privado,Tecnología,Cusco,Cusco,Sur,2246.97,1274.83,122172.22,482,Regular,Agencia,19,23/05/2023,16,Activo
2475,DNI,86491750,Diego,Martínez,Torres,1996/05/28,28,M,Casado,Universitario,Empleado Público,Manufactura,Chiclayo,Lambayeque,Norte,2847.06,1918.13,66255.72,389,Regular,Agencia,6,2022/02/21,13,Activo
2476,DNI,37514164,Miguel,Vargas,Cruz,1976-08-26,48,M,Casado,Universitario,Independiente,Educación,CUSCO ,Cusco,Sur,1939.85,971.36,25914.31,431,Regular,Digital,74,2018-12-01,16,Activo
2477,DNI,63555012,Fernando,Quispe,Díaz,15-02-1980,48,M,Soltero,Universitario,Empleado Privado,Finanzas,Wanchaq,Cusco,Sur,1327.5,729.24,12838.31,490,Regular,Referido,75,2018/10/12,17,Activo
2478,DNI,65497059,Diana,Jiménez ,Ramírez,2000/07/26,24,Femenino,Conviviente,Postgrado,Empleado Privado,Transporte,Yanahuara,Arequipa,Sur,3098.03,2070.33,117687.85,411,Regular,Referido,2,2022/06/29,8,Activo
2479,DNI,71360421,Andrés,Flores,González,1989-01-07,36,M,Soltero,Postgrado,Empleado Privado,Comercio,Huancayo,Junín,Centro,3149.32,1841.62,58739.02,437,Regular,Agencia,171,2010-11-30,18,Activo
2480,DNI,56862229,Diego,Jiménez,Flores,1983/12/01,41,M,Soltero,Universitario,Empleado Privado,Transporte,Piura,Piura,Norte,1326.06,529.56,30220.28,518,regular ,Referido,81,28/04/2018,14,Activo
2481,DNI,7064872,Luis,Rodríguez,Jiménez,1961/07/05,63,M,Casado,Técnico,Empleado Público,Tecnología,Chimbote,Ancash,Centro,7472.67,4275.7,115567.92,549,Premium,Campaña Institucional,106,2016/03/24,21,Bloqueado
2482,DNI,77004830,Sandra,Choque,Laime,1973/06/02,51,F,Casado,Técnico,Empresario,Construcción,Chiclayo,Lambayeque,Norte,2105.0,1396.28,25883.74,603,REGULAR,Digital,163,2011-08-08,12,Activo
2483,DNI,22506348,Andrés,Reyes,Cusi,1973-10-25,51,M,Soltero,Técnico,Empleado Público,Otro,Yanahuara,Arequipa,Sur,1857.29,1139.51,35718.66,588,Regular,Referido,40,2021/08/27,8,Inactivo
2484,DNI,95418520,Carlos,González,Ortiz,1986/06/14,38,M,Soltero,Técnico,Empleado Privado,Comercio,San Juan de Lurigancho, Lima,Lima y Callao,2196.68,1174.08,123512.65,507,Regular,Referido,64,13-09-2019,1,Activo
2485,DNI,34096008,Gabriela,Gutiérrez,Reyes,19-09-1995,29,F,Conviviente,Universitario,Empleado Privado,Educación,Santiago de Surco,Lima,Lima y Callao,4279.63,2671.86,164181.2,413,Regular,Digital,149,17-09-2012,2,Activo
2486,DNI,56442927,Andrés,Apaza,Ramos,1995/10/21,29,M,Casado,Secundaria,Empleado Privado,Finanzas,Chiclayo,Lambayeque,Norte,1629.4,715.66,52382.36,508,Regular,Agencia,134,2013-12-18,13,Activo
2487,DNI,95238149,José,Romero,Ramos,1990/03/03,34,M,Casado,Secundaria,Empleado Privado,Agricultura,Cayma,Arequipa,Sur,1363.72,892.68,65019.03,440,Regular,Agencia,24,29/12/2022,6,Activo
2488,DNI,63623175,Claudia,Vargas,Quispe,1983/05/01,41,F,Casado,Técnico,Empleado Público,Salud,Santiago de Surco,Lima,Lima y Callao,1305.7,588.26,22450.85,440,Regular,Agencia,75,16-10-2018,2,Activo
2489,DNI,65469915,César,Castro,Reyes,17-12-1957,67,M,Casado,Universitario,Empresario,Finanzas,Huancayo,Junín,Centro,4070.79,2481.0,124526.48,520,Regular,Digital,92,26-05-2017,18,Activo
2490,DNI,42983687,Diana,Huanca,Condori,30-07-1987,37,F,Casado,Universitario,Estudiante,Salud,Iquitos,Loreto,Oriente,850.0,576.21,47451.84,511,Regular,Agencia,174,2010/08/25,22,Activo
2491,DNI,69611588,Enrique,Jiménez,Jiménez,1971/07/12,53,M,CASADO,Secundaria,Empresario,Servicios,Chimbote,Ancash,Centro,5171.71,2037.02,291703.13,461,Regular,Referido,140,2013-06-29,21,Activo
2492,DNI,20605116,César,García,Pérez,1967-10-12,57,M,Casado,Postgrado,Empresario,Educación,ChiClaYo  ,Lambayeque,Norte,6032.48,3271.08,249565.6,632,Regular,Digital,44,2021-02-15,13,Activo
2493,DNI,2327107,Jorge,Rojas,Choque,2004-11-02,20,M,DIVORCIADO,Secundaria,Independiente,Salud,Trujillo,La Libertad,Norte,2228.2,-1399.65,87882.69,559,Regular,Agencia,115,20-07-2015,10,Activo
2494,DNI,43172104,Roberto,Morales,Martínez,29-09-1987,37,M,Conviviente,Técnico,Empresario,Servicios, ChImBoTe,Ancash,Centro,4820.23,2616.37,179851.69,521,Regular,Referido,16,2021/03/23,21,Activo
2495,DNI,44593181,Manuel,Quispe,Rodríguez,1989/02/10,35,M,Soltero,Secundaria,Empleado Privado,Transporte,Arequipa,Arequipa,Sur,2307.6,1273.69,82602.77,458,Regular,Agencia,90,2017/08/10,7,Activo
2496,DNI,64718629,Fabiola,Huanca,Díaz,1990-08-31,34,F,Soltero,Técnico,Empresario,Servicios,Víctor Larco Herrera,La Libertad,Norte,11263.04,5130.41,471549.9,538,Regular,Agencia,72,2019/01/10,11,Activo
2497,DNI,45845840,Ricardo,Chávez,Choque,1979-02-14,45,M,Soltero,Secundaria,Empleado Privado,Salud,San Juan de Lurigancho,Lima,Lima y Callao,4364.45,2312.83,65271.23,481,Regular,Campaña Institucional,113,27-08-2015,1,Activo
2498,DNI,44451906,Iván,López,Castro,1992-05-31,32,M,Casado,,Empresario,Construcción,El Tambo,Junín,Centro,3692.77,1552.73,63499.55,495,Regular,Agencia,50,15-04-2020,19,Activo
2499,DNI,84257542,Rocío,Díaz,García,1995/06/10,29,F,Viudo,Técnico,Empleado Privado,Manufactura,Cajamarca,Cajamarca,Norte,1999.55,936.87,36781.46,439,Regular,Agencia,126,23-08-2014,24,Activo
2500,CE,322535022,Alejandra,Ramírez,Ramos,1957/04/25,67,F,Casado,Técnico,Empleado Público,Otro,Chimbote,Ancash,Centro,850.0,491.28,29328.59,521,Regular,Agencia,167,22-03-2011,21,Activo
2501,DNI,75222120,Alejandro,Ortiz,Huanca,1962-11-21,62,M,Soltero,Técnico,Empleado Privado,Otro,Wanchaq,Cusco,Sur,3485.93,1856.53,29610.86,558,Regular,Agencia,127,29/06/2014,17,Activo
2502,DNI,35002156,Juan,Díaz,CRUZ,29-01-1981,43,m,Soltero,Secundaria,Empresario,Educación,Trujillo,La Libertad,Norte,3872.42,2064.56,73429.99,388,Regular,Digital,96,2017-01-13,10,Activo
2503,DNI,51344553,Cecilia,Castillo,Condori,1980-07-03,44,F,Casado,Universitario,Independiente,Salud,Pisco,Ica,Sur,1375.54,927.78,55089.42,444,Regular,Digital,148,2012/10/20,20,Activo
2504,DNI,42809115,Marco,Flores,Cusi,1988-09-24,36,M,Soltero,SECUNDARIA,Empleado Privado,Tecnología,Chiclayo,Lambayeque,Norte,6505.47,3819.64,229760.13,619,regular,Agencia,108,2016-02-05,13,Activo
2505,DNI,65476512,Carlos,Jiménez,Ortiz,1980/05/02,44,M,Conviviente,técnico,Independiente,Otro,Iquitos,Loreto,Oriente,1709.9,688.42,73659.15,424,Regular,Digital,67,2019-06-03,22,Activo
2506,DNI,33495651,Víctor,Rodríguez,Quispe,1977-07-14,47,M,Casado,Universitario,Empresario,Construcción,Chiclayo,Lambayeque,Norte,17351.09,8528.0,319534.97,531,VIP,Referido,106,2016/04/12,12,Inactivo
2507,DNI,12498334,Elena,Ramos,Huanca,14/06/2004,20,F,Soltero,Técnico,Empleado Privado,Salud,Cajamarca,Cajamarca,Norte,3318.25,1863.6,103756.54,510,Regular,Referido,94,22/03/2017,24,Activo
2508,DNI,73529083,Silvia,Reyes,Condori,2002/03/12,22,F,Soltero,Universitario,Empleado Privado,Educación,Los Olivos,Lima,Lima y Callao,2639.72,1570.95,137479.16,483,Regular,Referido,74,13/11/2018,4,Activo
2509,DNI,81169441,Eduardo,Ortiz,Romero,1983-04-18,41,M,Casado,Postgrado,Estudiante,Educación,Arequipa,Arequipa,Sur,850.0,549.78,47324.37,539,Regular,Referido,34,17-03-2022,7,Activo
2510,DNI,5419199,Carmen,Condori,Quispe,24-01-1987,37,F,Casado,Universitario,Empleado Privado,Finanzas,El Tambo,Junín,Centro,1304.12,543.1,25913.85,365,Regular,Digital,143,2013/03/13,19,Activo
2511,DNI,12285893,Rosa,Mamani,Chávez,21-10-1967,57,F,Casado,Secundaria,Empleado Público,Servicios,Sullana,Piura,Norte,3007.26,1442.53,46241.84,536,Regular,Agencia,80,2018-06-06,15,Activo
2512,DNI,60128549,Eduardo,Cruz,Pérez,31/03/1988,36,M,Casado,Universitario,Independiente,Otro,Chimbote,Ancash,Centro,1537.13,641.45,14661.65,417,Regular,Digital,150,2012/08/07,21,Activo
2513,CE,295790354,Claudia,  SÁNCHEZ,Castillo,14/12/1988,36,fem,Casado,Universitario,Empleado Público,Educación,Sullana,Piura,Norte,862.58,329.96,26403.97,455,Regular,Agencia,14,2020/05/05,15,Activo
2514,DNI,64841212,Claudia,Herrera,Laime,29-04-1986,38,F,Soltero,Universitario,Empleado Privado,Comercio,Chiclayo,Lambayeque,Norte,3746.8,2062.6,207386.29,482,Regular,Agencia,160,2011-10-20,13,Inactivo
2515,DNI,38870571,Diego,Martínez,Rojas,31-10-1973,51,M,Conviviente,Técnico,Empleado Público,Finanzas,La Esperanza,La Libertad,Norte,3866.48,1748.64,58926.41,582,Regular,Digital,54,13-07-2020,9,Activo
2516,DNI,94838560,Marco,Condori,Huanca,21/12/1977,47,M,Soltero,Universitario,Independiente,Tecnología,Piura,Piura,Norte,2440.53,968.57,74174.69,441,Regular,Agencia,31,2020/08/04,14,Inactivo
2517,DNI,61999326,CésAr,Apaza,Castillo,1974/09/17,50,M,Divorciado,Técnico,Independiente,Tecnología,Arequipa,Arequipa,Sur,8015.66,3833.18,251907.59,529,Premium,Telemarketing,157,2012-02-02,7,Activo
2518,DNI,37803717,Miguel,Herrera,Romero,23/02/1959,65,M,Soltero,,Independiente,Tecnología,Cajamarca,Cajamarca,Norte,941.25,443.64,14013.76,448,Regular,Telemarketing,49,20/10/2020,24,Activo
2519,DNI,63638139,Pablo,Torres,Flores,1972-12-24,52,M,Soltero,Universitario,Empleado Privado,Construcción,Chiclayo,Lambayeque,Norte,3496.99,1791.89,82979.68,577,Regular,Telemarketing,82,2018-03-25,13,Activo
2520,DNI,4879370,Marco, gómez ,Sánchez,1983-12-13,41,M,Conviviente,Secundaria,Empleado Privado,Manufactura,El Tambo,Junín,Centro,1831.51,1044.38,107208.58,473,Regular,Agencia,141,2013/05/07,19,Activo
2521,DNI,92920133,Fabiola,Reyes,HUANCA,2001-02-18,23,F,Casado,Universitario,Empleado Público,Transporte,Miraflores,Lima,Lima y Callao,1150.14,708.17,44909.46,530,Regular,Telemarketing,46,2021/03/03,3,Inactivo
2522,CE,139282369,Adriana,Choque,Vargas,1972-12-19,52,F,Casado,Técnico,Pensionista,Manufactura,Pisco,Ica,Sur,1303.38,886.05,58270.11,405,Regular,Digital,164,2011-07-11,20,Activo
2523,DNI,67361404,Ricardo,Pérez,Morales,1987/04/05,37,M,Casado,Técnico,Empleado Privado,Finanzas,Yanahuara,Arequipa,Sur,1485.3,573.57,64803.42,543,Regular,Agencia,144,2013/02/26,8,Activo
2524,DNI,29223197,Carmen,Vargas,Cusi,15/11/1990,34,F,Divorciado,Universitario,Empleado Público,Transporte,Tarapoto,San Martín,Oriente,1283.91,752.97,11051.52,495,Regular,Referido,157,2012-01-20,23,Activo
2525,CE,723227478,Ángela,Flores,MaRtÍnEz,1990-12-08,34,f,Soltero,Secundaria,Empresario,Finanzas,Wanchaq,Cusco,Sur,13124.21,5150.01,568987.91,476,Premium,Telemarketing,177,2010/06/16,17,Activo
2526,DNI,94178584,Alejandro,Cusi,Reyes,1999/08/03,25,M,Casado,Técnico,Independiente,Construcción,Yanahuara,Arequipa,Sur,850.0,396.28,13495.0,457,Regular,Agencia,125,16/09/2014,8,Activo
2527,DNI,97923410,Sandra,Pérez,López,1989/03/07,35,F,Casado,Universitario,Empleado Privado,Agricultura,Miraflores,Lima,Lima y Callao,1320.21,687.22,15265.41,540,Regular,Agencia,3,2024/01/09,3,Activo
2528,DNI,76896176,Mónica,Reyes, Sánchez,1974-12-16,50,F,Casado,Técnico,Empresario,Construcción,Trujillo,La Libertad,Norte,5981.33,3732.51,179663.86,602,Regular,Digital,17,25-07-2022,10,Activo
2529,DNI,41008259, María,Ramos,Rivera,1975-03-19,49,F,Casado,Técnico,Empleado Público,Educación,Miraflores,Lima,Lima y Callao,1598.81,1013.31,58189.47,459,Regular,Agencia,15,2022-03-22,3,Activo
2530,CE,54690508,Roberto,Vargas,Torres,1973-08-03,51,M,Soltero,Universitario,Empresario,Transporte,Santiago de Surco,Lima,Lima y Callao,,5172.34,398059.32,541,Regular,Referido,80,18/05/2018,2,Activo
2531,DNI,75263228,María,Ortiz,Ramírez,1993/12/14,31,F,Conviviente,Técnico,Independiente,Manufactura,Wanchaq,Cusco,Sur,3271.62,1745.07,169025.79,431,Regular,Agencia,113,2015-09-03,17,Activo
2532,DNI,50627415,Ana,Gómez,González,1984-12-11,40,F,Casado,Secundaria,Empleado Privado,Tecnología,Arequipa,Arequipa,Sur,5783.09,3582.19,50798.05,455,Premium,Telemarketing,82,21/03/2018,7,Inactivo
2533,DNI,49189245,Lucía,Condori, RoJaS ,2001-12-19,23,F,Casado,Técnico,Empleado Privado,Agricultura,Víctor Larco Herrera,La Libertad,Norte,1440.58,722.84,34866.98,512,Regular,Referido,72,25/01/2019,11,Activo
2534,DNI,81585350,Sandra,Cruz,López,26-08-1979,45,F,Conviviente,Técnico,Empresario,Finanzas,Tarapoto,San Martín,Oriente,-5429.68,2440.3,291862.37,490,Regular,Agencia,87,22/10/2017,23,Inactivo
2535,DNI,29386556,Ana,Gutiérrez,González,27/03/1977,47,fem,Divorciado,Técnico,Independiente,Otro,Sullana,Piura,Norte,1335.81,835.12,64424.06,509,Regular,Agencia,51,16-10-2020,15,Activo
2536,DNI,27951324,Rodrigo,Cusi,Rodríguez,1991/07/02,33,M,Casado,Secundaria,Empleado Privado,Manufactura,Iquitos,Loreto,Oriente,1694.33,1027.0,80114.48,437,Regular,Referido,173,28-09-2010,22,Inactivo
2537,CE,340077160,Gabriela,Castro,Torres,22/02/1987,37,F,Soltero,Secundaria,Empleado Privado,Manufactura,Cajamarca,Cajamarca,Norte,2674.34,1114.1,58297.32,493,Regular,Referido,117,2015-05-05,24,Inactivo
2538,DNI,75317528,Ricardo,Ramos,Laime,2004/05/30,20,M,Casado,Universitario,Empleado Privado,Otro,Chimbote,Ancash,Centro,1585.0,650.65,42301.83,431,Regular,Agencia,62,2019/11/01,21,Bloqueado
2539,DNI,50022874,Ángela,López,Martínez,1964/11/08,60,F,Soltero,Universitario,Empleado Privado,Finanzas,Víctor Larco Herrera,La Libertad,Norte,1886.2,835.86,97396.24,522,Regular,Digital,139,2013/07/30,11,Bloqueado
2540,DNI,64214928,Enrique,Apaza,Ortiz,1965/11/07,59,M,Casado,Técnico,Empresario,Educación,Iquitos, loreto,Oriente,2944.96,1445.54,119772.29,556,Regular,Referido,10,2020/06/01,22,Inactivo
2541,DNI,39205515,Sofía,Huanca,Quispe,1992/02/11,32,F,Divorciado,Técnico,Independiente,Agricultura,Piura,Piura,Norte,1513.93,665.84,62698.57,426,Regular,Referido,157,2012-01-14,14,Inactivo
2542,DNI,26874433,Manuel,Cruz,García,14-08-1991,33,M,Casado,Postgrado,Empleado Privado,Manufactura,El Tambo,Junín,Centro,10350.88,5998.55,381670.92,536,Regular,Agencia,144,2013/02/03,19,Activo
2543,DNI,14075597,Patricia,Rodríguez,Cruz,1970/01/04,55,F,Casado,Técnico,Empleado Privado,Servicios,San Juan de Lurigancho,Lima,Lima y Callao,4001.47,1656.63,174977.57,422,Regular,Telemarketing,57,2020/02/29,1,Inactivo
2544,DNI,82382888,Marco,Chávez,Cruz,1978/12/13,46,M,Soltero,Técnico,Empleado Privado,Manufactura,Cusco,Cusco,Sur,5018.1,2390.46,108188.83,452,Regular,Telemarketing,87,2017-10-11,16,Activo
2545,DNI,55428468,Valeria,Condori,Cusi,31/12/1971,53,F,Viudo,tecnico,Empleado Público,Otro,Cusco,Cusco,Sur,3029.84,1918.49,153181.28,627,Regular,Referido,32,2021/06/10,16,Activo
2546,DNI,43274026,Lucía, López,Reyes,1988/10/16,36,F,Casado,Universitario,Empleado Privado,Finanzas,Lima,Lima,Lima y Callao,1570.52,708.83,25215.25,457,Regular,Agencia,124,24-10-2014,5,Activo
2547,DNI,51438827,Lucía,Morales,Morales,15/11/1965,59,F,Soltero,Universitario,Empleado Privado,Agricultura,La Esperanza,La Libertad,Norte,1288.75,530.73,34051.1,397,Regular,Telemarketing,138,2013/08/08,9,Activo
2548,DNI,40621461,Adriana,Gutiérrez,Huanca,1981-11-26,43,F,Soltero,Técnico,Empleado Público,Salud,Miraflores,Lima,Lima y Callao,1781.12,1215.32,73649.76,508,Regular,Agencia,52,2020-08-28,3,Activo
2549,DNI,41577180,Roberto,Vargas,Vargas,1971/07/21,53,M,Divorciado,Postgrado,Independiente,Finanzas,Trujillo,La Libertad,Norte,1715.97,1063.97,48593.5,399,Regular,Agencia,162,25/08/2011,10,Activo
2550,DNI,82745745,Sandra,Castro,Álvarez,17/07/1958,66,F,casado,Universitario,Empleado Privado,Finanzas,Chimbote,Ancash,Centro,2044.54,1191.88,91068.81,455,Regular,Referido,67,28/06/2019,21,Activo
2551,DNI,35371214,María,Huanca,Castro,1969/10/09,55,F,Casado,Secundaria,Estudiante,Comercio,Yanahuara,Arequipa,Sur,850.0,452.21,37281.49,500,Regular,Digital,107,2016/03/09,8,Activo
2552,DNI,26557474,Isabel,Reyes,Rodríguez,1977/09/03,47,F,Casado,Universitario,Empleado Privado,Educación,Arequipa,Arequipa,Sur,5081.99,3152.52,183173.46,482,Regular,Agencia,39,2021-10-11,7,Activo
2553,DNI,9393496,Rosa,Rojas,Rodríguez,1964-04-24,60,F,Soltero,Universitario,Empleado Privado,Finanzas,Wanchaq,Cusco,Sur,1112.56,439.21,61640.76,554,Regular,Telemarketing,152,2012-06-23,17,Activo
2554,DNI,88926701,Valeria,Medina,Rivera,16-11-1993,31,F,Soltero,Secundaria,Independiente,Servicios,Piura,Piura,Norte,5586.27,2643.08,249470.74,485,Regular,Digital,117,2015-04-26,14,Activo
2555,DNI,72045337,Jorge,Torres,Quispe,1991-02-11,33,M,Divorciado,Técnico,Independiente,Salud,La Esperanza,La Libertad,Norte,3455.97,1808.55,90314.83,525,REGULAR,Digital,18,2023-07-01,9,Activo
2556,DNI,79823389,Pablo,Flores,Gutiérrez,1975/09/10,49,M,Conviviente,técnico,Independiente,Salud,Chiclayo,Lambayeque,Norte,1194.37,705.54,12660.59,-5,Regular,Referido,57,25-04-2020,13,Activo
2557,DNI,98773510,José,Cruz,Gómez,1983/12/04,41,M,Casado,Universitario,Empleado Privado,Otro,Los Olivos, Lima,Lima y Callao,2769.03,1893.52,101940.07,528,Regular,Digital,99,2016-11-09,4,Activo
2558,DNI,92936166,José,Apaza,Castillo,2005-01-04,20,M,Conviviente,Postgrado,Empleado Privado,Finanzas,La Esperanza,La Libertad,Norte,2805.48,1330.17,112401.19,439,Regular,Telemarketing,117,2015-04-29,9,Activo
2559,DNI,39663527,Patricia,Laime,Rojas,1993/04/07,31,F,Soltero,SECUNDARIA,Estudiante,Salud,Piura,Piura,Norte,850.0,427.25,35415.19,456,Regular,Agencia,126,2014-08-12,14,Activo
2560,DNI,52820790,Iván,Gutiérrez,Torres,2004-01-08,20,M,Conviviente,Técnico,Empleado Privado,Otro,El Tambo,Junín,Centro,,908.2,81243.9,405,Regular,Telemarketing,14,2021/09/19,19,Activo
2561,DNI,80280222,Rocío,Rojas,Torres,1976/04/23,48,F,Casado,Técnico,Empleado Privado,Educación,Piura,Piura,Norte,1990.57,1020.29,23027.74,484,Regular,Digital,67,30/06/2019,14,Bloqueado
2562,DNI,43883392,Luis,Mamani,Herrera,1964/04/03,60,M,Soltero,Postgrado,Empleado Público,Tecnología,Chiclayo,Lambayeque,Norte,3569.08,1823.64,62547.48,586,Regular,Agencia,91,26/06/2017,13,Activo
2563,DNI,73598407,Lucía,Rojas,González,1988-05-21,36,F,Soltero,Universitario,Empleado Público,Transporte,Sullana,Piura,Norte,2502.84,1155.18,92621.08,486,Regular,Agencia,114,2015/07/24,15,Activo
2564,DNI,47189166,Patricia,Castro,Gutiérrez,1985-06-26,39,F,Casado,Técnico,Independiente,Servicios,Piura,Piura,Norte,3035.95,1937.16,116987.49,451,regular,Referido,118,2015/04/01,14,Activo
2565,DNI,36423822,Alejandra,Laime,Mamani,1965-05-20,59,F,Soltero,Técnico,Empleado Público,Construcción,Cayma,Arequipa,Sur,2234.07,1521.99,23272.41,566,Regular,Agencia,41,19/08/2021,6,Activo
2566,Pasaporte,94113965,Eduardo,Castillo,Rojas,1965-10-12,59,M,Soltero,Secundaria,Independiente,Transporte,Cayma,Arequipa,Sur,5419.67,2247.84,252134.13,441,Regular,Agencia,93,2017/05/04,6,Activo
2567,DNI,28975720,Enrique,Choque,Cruz,1977-06-11,47,M,Conviviente,Universitario,Empleado Privado,Manufactura,Pisco,ICA ,Sur,4523.43,2590.25,112298.87,548,Regular,Referido,168,2011-02-15,20,Activo
2568,DNI,70990699,María,rojas,Sánchez,1996/08/07,28,F,Divorciado,Universitario,Empleado Privado,Tecnología,Chiclayo, LAMBAYEQUE ,Norte,,800.67,62369.22,520,Regular,Digital,136,2013/10/12,12,Activo
2569,DNI,89068878,Carmen,López,Ortiz,1992/08/06,32,F,Soltero,Postgrado,Independiente,Manufactura,Yanahuara,Arequipa,Sur,1747.46,940.8,73667.55,558,Regular,Digital,169,2011-01-31,8,Activo
2570,DNI,95342970,Paola, Martínez,Castillo,1983/10/06,41,F,Soltero,universitario ,Pensionista,Salud,Miraflores,Lima,Lima y Callao,850.0,470.25,28881.05,434,Regular,Referido,178,2010/05/03,3,Activo
2571,CE,694410423,Alejandro,García,Rodríguez,1979/09/05,45,M,Viudo,Postgrado,Empresario,Comercio,Arequipa,Arequipa,Sur,2636.14,1217.85,151866.79,499,Regular,Telemarketing,43,27-12-2019,7,Activo
2572,DNI,34211474,Mónica,Herrera,Cusi,1979/07/04,45,F,Casado,Técnico,Empleado Privado,Salud,Huancayo,Junín,Centro,5577.72,3740.25,99722.09,535,Premium,Agencia,125,2014/09/09,18,Activo
2573,DNI,97924761,Rodrigo,Ortiz,Sánchez,23-07-1991,33,M,Casado,Secundaria,Empresario,Transporte,Cayma,Arequipa,Sur,10839.18,4361.62,610452.29,494,Regular,Digital,72,2019/01/25,6,Activo
2574,DNI,75413263,Andrés,Medina,Apaza,22/08/1997,27,M,Casado,Secundaria,Empleado Privado,Otro,La Esperanza,La Libertad,Norte,2316.56,1213.1,77482.93,544,Regular,Telemarketing,15,26-09-2023,9,Activo
2575,DNI,70450386,Ana,CHOQUE  ,Ramírez,1981-11-05,43,F,Conviviente,Técnico,Independiente,Finanzas,Lima,Lima,Lima y Callao,2370.37,1054.07,91743.01,579,Regular,Agencia,20,17/04/2023,5,Activo
2576,DNI,28558679,César,Díaz,Gutiérrez,19/07/2000,24,M,Divorciado,secundaria,Empleado Privado,Comercio,Pisco,Ica,Sur,1293.47,728.89,65922.74,369,Regular,Digital,114,2015-07-31,20,Activo
2577,DNI,6955211,Fernando,Chávez,Cusi ,1978-06-01,46,M,Soltero,Universitario,Empresario,Transporte, Cajamarca,Cajamarca,Norte,6530.49,4107.78,175032.02,606,Regular,Agencia,25,2021-05-09,24,Activo
2578,DNI,29288104,Pablo,Rojas,Mamani,1980/04/03,44,M,Soltero,Técnico,Independiente,Otro,AREQUIPA,Arequipa,Sur,1784.0,1028.08,84255.88,489,Regular,Referido,69,2019/04/30,7,Activo
2579,DNI,85980690,Víctor,Rojas,Vargas,24/01/1981,43,M,SOLTERO,Universitario,Empresario,Tecnología,Wanchaq,Cusco,Sur,2119.59,1002.15,56134.8,657,Regular,Digital,83,26-02-2018,17,Activo
2580,DNI,69095940,Fabiola,Laime,Chávez,1976-02-29,48,F,Casado,Universitario,Independiente,Servicios,La Esperanza,La Libertad,Norte,2824.1,1565.43,153282.9,531,Regular,Campaña Institucional,1,2021-10-08,9,Activo
2581,DNI,29333677,Lucía,García,Huanca,1974/05/20,50,F,Soltero,Secundaria,Empleado Público,Salud,Wanchaq,Cusco,Sur,2115.63,838.52,122053.47,484,Regular,Digital,24,2023/01/01,17,Activo
2582,DNI,88840416,Rosa,Flores,Romero,18-03-1975,49,F,Soltero,Técnico,Independiente,Construcción,Yanahuara,Arequipa,Sur,3216.85,2032.96,49729.66,455,Regular,Agencia,64,25/09/2019,8,Activo
2583,DNI,61016810,Manuel, VaRgAs ,Ramos,1965-02-16,59,Masculino,Casado,Técnico,Empleado Privado,Salud,Chiclayo,Lambayeque,Norte,3723.09,2185.61,129348.15,556,Regular,Digital,4,19-05-2022,12,Activo
2584,DNI,20403240,Claudia,García,Castillo,28-11-1966,58,F,Soltero,Postgrado,Independiente,Servicios,San Juan de Lurigancho,Lima,Lima y Callao,2655.06,1547.82,130120.63,529,Regular,Agencia,115,2015/07/16,1,Activo
2585,DNI,43128686,José,Reyes,Ramos,1973-10-03,51,M,Casado,Técnico,Empleado Público,Educación,Santiago de Surco,Lima,Lima y Callao,1686.65,788.76,45475.11,522,Regular,Agencia,22,2019-12-08,2,Inactivo
2586,DNI,85319990,Isabel,Díaz,Medina,1981-09-10,43,F,Casado,Técnico,Empleado Privado,Comercio,Trujillo,La Libertad,Norte,1779.35,1244.76,17453.04,615,Regular,Agencia,134,2013/12/06,10,Activo
2587,DNI,78314642,Alejandro,Mamani,López,1999/02/20,25,M,Casado,Secundaria,Independiente,Tecnología,Pisco,Ica,Sur,850.0,452.57,43120.04,531,Regular,Referido,34,2022-03-09,20,Activo
2588,DNI,73237249,Ángela,Díaz,Álvarez,27/03/1974,50,Femenino,Casado,Secundaria,Empleado Público,Construcción,Tarapoto,San Martín,Oriente,1484.66,861.94,35436.13,551,Regular,Digital,172,2010-11-01,23,Activo
2589,DNI,27450569,Carlos,Rojas,González,26/04/1965,59,M,Casado,Universitario ,Empleado Público,Educación,San Juan de Lurigancho,Lima,Lima y Callao,2353.19,1356.83,54138.61,676,Regular,,92,30-05-2017,1,Inactivo
2590,DNI,2562197,Óscar,Sánchez,Díaz,2003/08/18,21,M,Soltero,Técnico,Pensionista,Agricultura,Miraflores,Lima,Lima y Callao,1162.99,675.89,40892.41,517,Regular,Referido,40,2021/08/25,3,Activo
2591,DNI,43007247,Miguel,Chávez,Flores,1972/01/25,52,M,Conviviente,Universitario,Independiente,Comercio,Miraflores,Lima,Lima y Callao,2174.3,1045.47,34916.21,486,Regular,Campaña Institucional,102,2016-08-14,3,Activo
2592,DNI,77242427,Carmen,Reyes,Mamani,17-04-1977,47,F,casado ,Universitario,Empleado Privado,Servicios,Cajamarca,Cajamarca,Norte,4445.04,2092.94,122526.84,532,Regular,Agencia,155,2012/03/14,24,Activo
2593,DNI,87799948,José,Sánchez,Ramírez,1970-05-01,54,M,Soltero,Técnico,Empleado Privado,Comercio,Tarapoto,San Martín,Oriente,1866.96,1292.05,30416.64,492,Regular,Digital,150,2012/08/17,23,Activo
2594,Pasaporte,258684810,César,Jiménez,Rojas,1994-11-23,30,M,Casado,Secundaria,Independiente,Salud,Piura,Piura,Norte,1617.92,767.18,16040.84,524,Regular,Agencia,121,2014-12-28,14,Inactivo
2595,DNI,7864770,Pablo,Díaz,Cusi,1970/06/11,56,M,Soltero,Postgrado,Empresario,Educación,Los Olivos,Lima,Lima y Callao,27616.01,11108.82,482800.38,570,VIP,Campaña Institucional,91,16-06-2017,4,Inactivo
2596,DNI,78956235,Patricia,Morales,DÍAZ,1982-07-01,42,F,Soltero,Técnico,Empleado Privado,Otro,Yanahuara,ArEqUiPa,Sur,3003.64,2095.14,86508.84,453,Regular,Telemarketing,173,29/09/2010,8,Activo
2597,DNI,5004510,Sofía,Herrera,Cusi,1983-03-28,41,F,Divorciado,Universitario,Empresario,Educación,Chiclayo,Lambayeque,Norte,11198.74,5040.53,410641.83,530,Regular,Agencia,36,2022-01-07,12,Activo
2598,Pasaporte,832257021,Andrés,LaImE  ,Rivera,1992-02-15,32,M,Soltero,Universitario,Empleado Privado,Educación,Wanchaq,Cusco,Sur,1657.66,937.14,95887.26,446,regular,Digital,22,2023-03-02,17,Activo
2599,DNI,17815483,Iván,Gómez,Apaza,1982/11/25,42,M,Conviviente,universitario,Empleado Privado,Servicios,Piura,Piura,Norte,5173.38,2803.38,147340.53,419,Premium,Agencia,169,2011/01/26,14,Activo
2600,DNI,26784566,Pablo,Medina,Ramos,18/08/1986,38,M,Divorciado,Universitario,Independiente,Servicios,Yanahuara,Arequipa,Sur,2501.72,1177.0,111196.97,381,regular ,Referido,14,15-07-2023,8,Inactivo
2601,DNI,66017829,Rodrigo,González,Álvarez,1994/01/07,31,M ,Casado,Secundaria,Independiente,Agricultura,Chiclayo,Lambayeque,Norte,1328.17,667.44,57020.4,425,REGULAR,Referido,113,2015-09-04,12,Activo
2602,DNI,99699465,Marco ,Cusi,Rodríguez,27-10-1980,44,M,Divorciado,Universitario,Empleado Público,Servicios,Lima,Lima,Lima y Callao,2008.82,1083.49,90511.25,479,Regular,Digital,128,21-06-2014,5,Inactivo
2603,DNI,68414579,Valeria,Choque,Cusi,1977-04-13,47,F,Casado,Técnico,Empleado Privado,Salud,Trujillo,La Libertad,Norte,6996.77,4456.76,210135.35,594,Premium,Agencia,58,2020-03-05,10,Inactivo
2604,DNI,2327639,José,Romero,Laime,2004/03/07,20,M,Conviviente,Técnico,Estudiante,Otro,Chiclayo,Lambayeque,Norte,850.0,497.95,30200.15,441,Regular,Referido,109,2016/01/16,12,Activo
2605,Pasaporte,718175340, Sandra,Laime,Romero,1981-06-24,43,F,Casado,Secundaria,Empleado Público,Otro,  El Tambo,Junín,Centro,1812.97,1083.31,50646.95,514,Regular,Digital,105,2016-05-08,19,Activo
2606,DNI,21091626,Rodrigo,Jiménez,Torres,28/11/1981,43,M,Casado,Universitario,Empresario,Educación,Trujillo,La Libertad,Norte,4083.31,1964.65,234513.26,463,Regular,Telemarketing,72,2019-01-31,10,Activo
2607,DNI,82436981,IsAbEl,Morales,Reyes,1988-10-12,36,F,Divorciado,Universitario,Empresario,Comercio,Arequipa,Arequipa,Sur,6301.38,2752.92,352668.08,539,Regular,Digital,17,22-07-2023,7,Activo
2608,DNI,1298394,Lucía,Castro,Quispe,1972-11-13,52,F,Casado,Técnico,Estudiante,Educación,Chimbote,Ancash,Centro,850.0,585.5,32651.48,515,Regular,Agencia,78,2018/07/13,21,Activo
2609,DNI,55786859,Daniela,Martínez,García,1971-06-08,53,F,Soltero,Secundaria,Independiente,Construcción,Víctor Larco Herrera,La Libertad,Norte,5712.7,3409.94,148857.82,507,Premium,Telemarketing,52,2020/09/22,11,Bloqueado
2610,DNI,3420687,Pablo,Jiménez,Mamani,1985/02/13,39,M,Conviviente,Secundaria,Empleado Público,Salud,Lima,Lima,Lima y Callao,2225.97,1302.96,52174.47,439,Regular,Agencia,164,2011/07/12,5,Activo
2611,DNI,67123046,Alejandro,Mamani,Rodríguez,1985-02-06,39,M,Casado,Universitario,Empresario,Educación,pisco,Ica,Sur,8762.62,5829.25,324373.04,551,Regular,Referido,100,2016-10-10,20,Activo
2612,DNI,22208610,Silvia ,Sánchez,Álvarez ,1986/02/01,38,F,Soltero,Técnico,Empleado Público,Comercio,Yanahuara,Arequipa,Sur,2232.34,1238.19,97238.02,456,Regular,Referido,109,2015-12-24,8,Activo
2613,DNI,8247407,Mónica,Morales,Laime,1974/09/02,50,F,Casado,Universitario,Empleado Público,Manufactura,Huancayo,Junín,Centro,2169.39,959.17,50594.9,504,Regular,Agencia,19,18-02-2023,18,Activo
2614,Pasaporte,392950197,César,Herrera,Medina,1987-06-05,37,M,Viudo,Secundaria,Empresario,Manufactura,Miraflores,LimA  ,Lima y Callao,5314.2,2171.32,308347.09,481,REGULAR,,57,21/04/2020,3,Activo
2615,DNI,19388309,Alejandro,García,Choque,1975/05/23,49,M,Soltero,Técnico,Empleado Privado,Tecnología,Tarapoto,San Martín,Oriente,2461.48,1462.25,106558.84,586,Regular,Agencia,85,2017/12/17,23,Activo
2616,DNI,52731187,Roberto,Pérez,Morales,1966-01-10,59,M,Conviviente,Técnico,Empleado Privado,Educación,Huancayo,Junín,Centro,2058.76,1295.93,20014.17,516,Regular,Digital,94,25-03-2017,18,Activo
2617,DNI,95992224,Roberto,Condori,Medina,22-07-1990,34,M,Casado,,Independiente,Agricultura,Wanchaq,Cusco,Sur,1742.92,1052.43,101012.77,584,Regular,Agencia,80,2018-06-03,17,Inactivo
2618,DNI,48618382,Manuel,Rojas,Castro,1986-11-28,38,M,Casado,Universitario,Empresario,Finanzas,Santiago de Surco,Lima,Lima y Callao,6903.97,3890.85,118695.31,540,Premium,Agencia,152,22-06-2012,2,Activo
2619,DNI,8617808,Rosa,Mamani,Rivera,18/08/1995,29,F,Casado,Secundaria,Empleado Público,Transporte,Miraflores,Lima,Lima y Callao,1351.23,831.7,65608.88,419,Regular,Agencia,132,22/02/2014,3,Activo
2620,DNI,65959257,Fernando,Flores,Ortiz,21/10/1993,31,M,Soltero,Universitario,Empresario,Salud,Chiclayo,Lambayeque,Norte,950.95,631.8,41774.87,518,Regular,Telemarketing,119,2015-03-23,12,Activo
2621,DNI,13702616,Carlos,Ortiz,Castro,1958-03-29,66,M,Casado,tecnico,Pensionista,Salud,Miraflores  ,Lima,Lima y Callao,1313.79,757.93,62179.67,434,Regular,Agencia,18,2021-05-02,3,Activo
2622,DNI,20914319,Manuel,Chávez,Pérez,1990-12-21,34,M,Soltero,Universitario,Independiente,Agricultura,Huancayo,Junín,Centro,1588.83,816.19,20768.15,418,Regular,Telemarketing,53,2020/08/24,18,Activo
2623,DNI,29887287,Claudia,Pérez,González,1972-01-18,52,F,Conviviente,Secundaria,Empresario,Comercio,Yanahuara,Arequipa,Sur,10033.35,5720.12,200151.93,474,Regular,Agencia,21,2023-04-04,8,Inactivo
2624,DNI,27709785,Héctor,Rojas,Condori,1975/01/02,50,M,Soltero,Técnico,Independiente,Finanzas,Iquitos,Loreto,Oriente,7201.88,2752.57,335206.28,614,Regular,Digital,118,2015/04/04,22,Activo
2625,DNI,51954423,Valeria,Ramos,González,1949/09/26,75,F,Soltero,Técnico,Empleado Privado,Construcción,La Esperanza,La Libertad,Norte,2267.96,1380.76,92099.55,669,Regular,Agencia,65,2019/08/13,9,Activo
2626,Pasaporte,874853159,David,Castillo,González,1988/01/06,37,M,Viudo,Universitario,Empleado Público,Finanzas,Los Olivos,Lima,Lima y Callao,1601.81,919.47,65573.35,516,Regular,Digital,114,18/08/2015,4,Activo
2627,DNI,88176835,Carlos,Choque,Romero,26-01-1989,35,M,Soltero,Técnico,Empleado Privado,Tecnología,Cusco,Cusco,Sur,3292.89,2115.28,69303.4,406,Regular,Agencia,128,2014/06/17,16,Activo
2628,DNI,31681516,Héctor,Torres,Castro,1985-10-25,39,M,Soltero,Secundaria,Empleado Privado,Finanzas,La Esperanza,La Libertad,Norte,5293.79,3040.85,199023.54,485,Regular,Agencia,73,2018-12-20,9,Activo
2629,DNI,61901748,Eduardo,Castillo,Torres,1981-03-11,43,MASCULINO,Conviviente,Universitario,Independiente,Agricultura,Cayma,Arequipa,Sur,3277.11,1547.95,124359.96,555,Regular,,62,2019-11-05,6,Activo
2630,Pasaporte,390875358,José,Quispe,Torres,2002/03/06,22,M,Casado,Universitario,Empleado Privado,Construcción,Chimbote,Ancash,Centro,3237.15,1626.58,179673.79,444,Regular,Referido,76,2018/09/08,21,Inactivo
2631,CE,323246935,Víctor,Herrera,Torres,13-09-1981,43,M,Casado,Técnico,Empleado Privado,Salud,Piura,Piura,Norte,4875.66,1960.69,220423.53,428,Regular,Digital,153,2012-05-27,14,Activo
2632,DNI,42716965,Paola,Mamani, MamAni,20/10/1995,29,F,Casado,,Independiente,Transporte,Cusco,Cusco,Sur,850.0,406.78,47640.03,434,Regular,Referido,31,25-04-2020,16,Activo
2633,DNI,44066899, Lucía ,Apaza,Ortiz,1968-01-06,57,F,Divorciado,Secundaria,Empresario,Manufactura,Chiclayo,Lambayeque,Norte,5941.79,4053.47,197986.45,463,Regular,Agencia,77,2018-08-12,13,Activo
2634,DNI,83020056,María,Choque,Rodríguez,1988/12/03,36,F,Casado,Técnico,Empleado Privado,Construcción,Cayma,Arequipa,Sur,1292.12,767.44,46680.34,414,Regular,Referido,30,2022/06/25,6,Activo
2635,DNI,6958051,Cecilia,López,González,1978-04-08,46,FEMENINO,Casado,Técnico,Empresario,Agricultura,Yanahuara,Arequipa,Sur,2921.98,1175.68,39790.69,576,Regular,Digital,111,29/10/2015,8,Inactivo
2636,DNI,28556336,Juan,Morales  ,Torres,24/04/1983,41,M,Casado,Universitario,Independiente,Otro,Trujillo,La Libertad,Norte,2457.25,1171.22,78432.88,471,Regular,Agencia,17,27-01-2021,10,Activo
2637,DNI,89130510,Andrés,Flores,Pérez,1973/05/04,51,M,Soltero,Secundaria,Independiente,Comercio,Los olIvoS,Lima,Lima y Callao,4309.85,2544.7,258531.59,523,Regular,Agencia,31,19-01-2021,4,Activo
2638,DNI,97688543,César,Laime,Álvarez,1976/02/06,48,M,Soltero,Universitario,Empleado Privado,Agricultura,Arequipa,Arequipa,Sur,2678.19,1302.95,41004.77,527,Regular,Agencia,10,17-02-2024,7,Activo
2639,DNI,66234253,Pablo,ReyEs,Mamani,26-09-1987,37,M,Divorciado,Universitario,Empleado Privado,Servicios,Cajamarca,Cajamarca,Norte,2743.5,1865.26,27916.25,465,Regular,Telemarketing,2,2024/10/24,24,Activo
2640,DNI,18741465,Carmen,CHÁVEZ  ,García,1989/01/08,36,F,Casado,Técnico,Empleado Privado,Manufactura,Santiago de Surco,Lima,Lima y Callao,1926.41,815.91,49866.5,503,Regular,Digital,125,2014/09/04,2,Activo
2641,DNI,46222847,Diana,Morales,Mamani,1967/10/08,57,F,Divorciado,Técnico,Independiente,Comercio,Chiclayo,Lambayeque,Norte,5895.18,3100.28,159780.95,448,Premium,Agencia,62,2019/11/01,12,Activo
2642,DNI,41859400,Fabiola,García,Laime,1967-11-30,57,F,Soltero,Universitario,Independiente,Finanzas,Chiclayo,Lambayeque,Norte,2078.51,1042.98,82177.56,542,Regular,Referido,143,2013/03/31,12,Activo
2643,DNI,77556123,Eduardo,Medina,Laime,1993-07-04,31,M,Soltero,Secundaria,Empleado Privado,Servicios,Chiclayo,Lambayeque,Norte,2803.06,1309.26,147578.72,489,Regular,Referido,180,20-02-2010,13,Activo
2644,DNI,21722094,Carlos,Chávez,Rodríguez,19-02-2000,24,M,Soltero,Secundaria,Empleado Privado,Comercio,El Tambo,JunÍn,Centro,3334.3,1294.38,101307.88,536,Regular,Digital,70,28/03/2019,19,Activo
2645,DNI,72307357, CaRmEn ,Choque,Herrera,18/05/1985,39,F,Soltero,Técnico,Empleado Público,Servicios,Los Olivos,Lima,Lima y Callao,,1932.38,67409.92,495,Regular,Digital,172,2010-10-24,4,Activo
2646,DNI,99515414,Isabel,Herrera,Reyes,30-01-1972,52,F,Soltero,Postgrado,Empleado Público,Agricultura,Víctor Larco Herrera,LA LIBERTAD ,Norte,934.57,633.24,23073.37,652,Regular,Agencia,64,2019-09-04,11,Activo
2647,DNI,44250969,Claudia,García,Cusi,28-04-1965,59,f,Soltero,Universitario,Empleado Privado,Transporte,Piura,Piura,Norte,2788.67,1735.03,128256.5,405,Regular,Referido,68,2019/05/12,14,Activo
2648,DNI,50529653,Andrés,Jiménez,Rodríguez,17/04/1979,45,M,Casado,Universitario,Empleado Público,Agricultura,Víctor Larco Herrera,La Libertad,Norte,1211.23,796.67,22417.57,534,Regular,Digital,134,2013/12/20,11,Activo
2649,DNI,2755470,Elena,Choque,Jiménez,1974-06-24,52,F,Soltero,Técnico,Empleado Público,Finanzas,Los Olivos,Lima,Lima y Callao,1491.86,1001.26,16139.9,573,Regular,Agencia,135,22-11-2013,4,Activo
2650,DNI,98046065,Óscar,Morales,Medina,1973-04-10,51,M,Soltero,Técnico,Empleado Privado,Finanzas,Los Olivos,Lima,Lima y Callao,4956.02,1939.59,265486.5,506,Regular,Agencia,8,2024-03-24,4,Activo
2651,DNI,39045543,José,Díaz,Ramos,1999/03/05,25,M,Casado,Secundaria,Empleado Privado,Manufactura,Cajamarca,CajAmaRca  ,Norte,4046.29,2024.38,43703.58,450,Regular,Agencia,83,21/02/2018,24,Activo
2652,DNI,73800778,Sandra,González,Flores,1999/01/21,25,F,Casado,Universitario,Empleado Privado,Servicios,Iquitos,Loreto,Oriente,4878.72,1927.06,70579.01,582,Regular,Telemarketing,11,2022-02-26,22,Activo
2653,DNI,9833812,Alejandra,García,Álvarez,1983/06/28,41,F,Casado,Universitario,Pensionista,Finanzas,Arequipa,Arequipa,Sur,2466.44,1339.25,84764.04,491,Regular,Referido,51,21-10-2020,7,Activo
2654,DNI,73843953, Ana,Herrera,Ramos,30/09/1987,37,F,Conviviente,Secundaria,Estudiante,Transporte,Pisco,Ica,Sur,850.0,385.62,23445.83,567,Regular,Referido,133,2014-01-09,20,Activo
2655,DNI,2019268,Valeria,Cruz,Herrera,1992/04/17,32,F,Conviviente,Universitario,Empleado Privado,Comercio,Santiago de Surco,Lima,Lima y Callao,3802.23,1947.61,201507.39,444,Regular,Telemarketing,53,2019-12-06,2,Activo
2656,DNI,61426624,Andrés,Herrera,Herrera,1988/07/12,36,M,Soltero,técnico,Empleado Privado,Salud,Tarapoto,San Martín,Oriente,4550.96,1867.94,165118.58,462,Regular,Referido,120,2015/01/26,23,Activo
2657,DNI,13597489,Enrique,Pérez,Pérez,1988-01-02,37,m,Casado,Técnico,Empleado Público,Construcción,Chimbote,Ancash,Centro,3193.89,1268.21,172912.38,589,Regular,Agencia,101,17/08/2016,21,Activo
2658,DNI,63373434,Carmen,Romero,  Huanca,1975/03/20,49,F,Casado,Universitario ,Pensionista,Finanzas,Sullana,Piura,Norte,850.0,324.82,41103.26,467,Regular,Agencia,45,2021/04/10,15,Activo
2659,DNI,6625957,María,Rodríguez,Rivera,1982-09-05,42,F,Casado,Técnico,Empleado Privado,Servicios,Lima,Lima,Lima y Callao,3344.1,2248.55,39318.87,435,Regular,Agencia,116,2015-06-08,5,Activo
2660,DNI,94047891,Marco,Gómez,Pérez,1974-05-11,50,mas,Soltero,Técnico,Estudiante,Educación,La Esperanza,La Libertad,Norte,850.0,370.71,41688.29,402,REGULAR,Agencia,162,2011-09-07,9,Activo
2661,DNI,27941455,Fabiola,Condori,Laime,1994/03/08,30,F,Soltero,Técnico,Independiente,Manufactura,Yanahuara,Arequipa,Sur,1489.64,867.72,41649.39,463,Regular,Agencia,177,2010/06/02,8,Activo
2662,DNI,70497344,Paola,Martínez,Cruz,28/04/1960,64,F,Conviviente,Postgrado,Empleado Privado,Educación,El Tambo,Junín,Centro,3743.31,1750.6,63025.1,471,Regular,Telemarketing,140,2013-06-21,19,Activo
2663,DNI,52218159,Eduardo,Mamani,Ortiz,26/03/1980,44,M,casado ,Universitario,Empleado Público,Servicios,Los Olivos,Lima,Lima y Callao,1860.67,908.45,26615.19,527,Regular,Agencia,22,2020/11/13,4,Activo
2664,DNI,95225494,Rocío,Apaza,Álvarez,30/06/1976,48,F,Casado,Secundaria,Empleado Privado,Servicios,Yanahuara,Arequipa,Sur,5451.0,3217.7,321107.88,501,Premium,Digital,96,2017/02/08,8,Activo
2665,DNI,23757454,Luis,Reyes,Rivera,27-08-1963,61,M,Conviviente,Universitario,Empleado Público,Otro,Wanchaq,Cusco,Sur,3470.92,2262.5,61702.86,498,Regular,Agencia,26,2020-11-14,17,Inactivo
2666,DNI,81591665,Claudia,Díaz,García,1956-12-14,68,F,Casado,Universitario,Empleado Público,Servicios,Wanchaq,Cusco,Sur,2878.66,1736.77,62282.13,489,Regular,Referido,117,2015/05/11,17,Activo
2667,CE,294531965,Gabriela,Flores,González,28/09/1963,61,F,Soltero,Técnico,Empleado Público,Agricultura,Cusco,Cusco,Sur,5541.81,3685.32,182706.91,539,Premium,,41,2021-07-22,16,Activo
2668,DNI,20796199,Valeria,Gutiérrez,García,1989/12/26,35,F,Soltero,Universitario,Empleado Público,Salud,San Juan de Lurigancho,Lima,Lima y Callao,1865.06,1142.22,65131.37,535,Regular,Digital,171,24/11/2010,1,Activo
2669,DNI,15749167,Manuel,Laime,Pérez,22/09/1967,57,M,Soltero,Universitario,Empleado Privado,Educación,Iquitos,Loreto,Oriente,4219.04,2353.87,143353.83,519,Regular,Digital,134,2013/12/15,22,Activo
2670,CE,528579401,Cecilia,Castro,Huanca,1965-04-11,59,F,Conviviente,Técnico,Empleado Público,Agricultura,Cayma,Arequipa,Sur,2101.69,878.17,63311.18,589,Regular,Telemarketing,6,21-01-2020,6,Activo
2671,DNI,78734808,Carlos,Rojas,Condori,17/03/1986,38,M,Divorciado,Secundaria,Independiente,Agricultura,  Chimbote,Ancash,Centro,,1249.46,110834.73,476,Regular,Digital,24,2023-01-09,21,Activo
2672,Pasaporte,342683969,David,Quispe,Sánchez,1983/01/20,41,M,Casado,Técnico,Pensionista,Manufactura,Lima,Lima,Lima y Callao,894.2,503.28,20657.83,557,Regular,Referido,50,2020/11/19,5,Activo
2673,DNI,40238789,Daniela,Quispe,Rodríguez,1991/12/17,33,F,Casado,Secundaria,Empleado Privado,Manufactura,Miraflores,Lima,Lima y Callao,1833.08,1017.44,42524.6,589,Regular,Digital,161,2011/10/07,3,Inactivo
2674,CE,225953762,Mónica,López,GUTIÉRREZ  ,1972/01/13,53,F,Soltero,Secundaria,Independiente,Finanzas,Cajamarca,Cajamarca,Norte,850.0,560.84,45550.19,470,Regular,Digital,109,2016-01-14,24,Activo
2675,DNI,5973037,César,Ramírez,Romero,28/10/2004,20,M,Casado,Técnico,Independiente,Agricultura,Chiclayo,Lambayeque,Norte,998.93,392.44,28608.2,300,Regular,Agencia,71,2019-02-03,12,Activo
2676,DNI,70496729,Ana,Condori,Apaza,1984-09-28,40,F,Soltero,Técnico,Empleado Privado,Finanzas,El Tambo,Junín,Centro,1584.86,805.45,80296.68,486,REGULAR,Referido,67,15/06/2019,19,Inactivo
2677,DNI,88823979,Cecilia,Reyes,Romero,16-01-2002,22,F,Conviviente,Universitario,Independiente,Comercio,La Esperanza,La Libertad,Norte,2096.92,1320.6,19969.64,434,Regular,Referido,115,2015/07/18,9,Inactivo
2678,DNI,29932103,  Juan,González,Vargas,1964-02-09,60,M,Conviviente,Técnico,Empleado Privado,Agricultura,Trujillo,La Libertad,Norte,6555.11,4052.02,286315.82,566,Regular,Referido,64,27-09-2019,10,Activo
2679,DNI,18034307,Manuel,Castillo,Ortiz,27/10/1986,38,M,Soltero,Universitario,Empleado Público,Tecnología,Los Olivos,Lima,Lima y Callao,4527.24,2869.79,157439.76,420,Regular,Digital,178,22/04/2010,4,Inactivo
2680,DNI,98685819,Silvia, RAMOS,Jiménez,26-12-1999,25,F,Conviviente,Técnico,Independiente,Tecnología,Cusco,Cusco,Sur,1915.95,1212.82,28480.62,585,Regular,Referido,164,2011-07-02,16,Activo
2681,DNI,46471742,César,Ortiz,Cusi,1985-10-23,39,M,Casado,Universitario,Empleado Privado,Tecnología,La Esperanza,La Libertad,Norte,2539.89,1104.13,91274.86,404,Regular,Digital,43,2021/05/25,9,Activo
2682,DNI,41811607,Cecilia,Castro,Pérez,1971/10/30,53,F,Casado,Universitario,Empleado Privado,Comercio,Iquitos,Loreto,Oriente,4969.72,1929.04,57895.89,552,Regular,Digital,10,2023-09-22,22,Activo
2683,DNI,31410924,silvia ,Rivera,Álvarez,1990/10/09,34,F,Soltero,Secundaria,Empleado Privado,Transporte,Cajamarca,Cajamarca,Norte,1879.22,1051.46,60861.49,403,Regular,Referido,5,29/07/2024,24,Bloqueado
2684,CE,247273188,David,Castro,Apaza,1981-01-17,43,M,Casado,Secundaria,Empleado Público,Comercio,Chiclayo,Lambayeque,Norte,,589.81,52177.08,442,Regular,Agencia,32,2022-04-24,13,Activo
2685,DNI,21421140,César,Chávez,Chávez,1988-07-12,36,M,Casado,universitario,,Servicios,Piura,Piura,Norte,1656.24,935.05,19810.24,467,Regular,Telemarketing,175,2010-08-02,14,Inactivo
2686,DNI,34247064, Sofía,Ramírez,García,1977/05/04,47,F,Casado,Universitario,Empleado Privado,Construcción,El Tambo,Junín,Centro,3075.4,1678.05,60055.46,480,Regular,Telemarketing,75,29-10-2018,19,Activo
2687,DNI,41434564,Miguel,Álvarez,Chávez,17/12/1990,36,M,Casado,Técnico,Independiente,Finanzas,Tarapoto,San Martín,Oriente,1182.58,555.4,40268.57,494,Regular,Digital,147,23/11/2012,23,Activo
2688,DNI,79497567,Luis,Ramírez,Martínez,1981/06/28,43,M,Casado,Técnico,Empleado Privado,Otro,Chiclayo,Lambayeque,Norte,1353.59,667.64,77603.26,541,Regular,Digital,163,25-07-2011,12,Activo
2689,DNI,24221645,Gabriela,Laime,Pérez,1993/09/18,31,F,Soltero,Secundaria,Empleado Privado,Otro,El Tambo,Junín,Centro,2731.57,1484.15,77675.04,536,Regular,Agencia,72,2019/01/03,19,Bloqueado
2690,DNI,5819836,Patricia,Torres,Ramos,1961/06/24,65,F,Casado,Universitario,Empleado Privado,Educación,Arequipa,Arequipa,Sur,3139.12,1209.26,118514.64,485,Regular,Digital,81,2018-04-18,7,Activo
2691,DNI,83410807,Rocío,Cruz,Mamani,1971-06-17,53,F,casado ,Postgrado,Empleado Público,Finanzas,Santiago de Surco,Lima,Lima y Callao,2994.13,1731.27,113735.56,491,Regular,Agencia,10,2024-02-25,2,Activo
2692,DNI,22085950,Valeria,Gutiérrez,Herrera,1992/11/12,32,F,Conviviente,Postgrado,Empleado Privado,Servicios,Lima,Lima,Lima y Callao,934.05,483.41,20840.97,478,Regular,Agencia,179,31-03-2010,5,Activo
2693,DNI,71665536,Daniela,Castillo,Laime,1983/07/13,41,F,Viudo,Secundaria,Independiente,Servicios,Cayma,Arequipa,Sur,5126.7,3334.58,238438.56,511,Regular,Agencia,69,30-04-2019,6,Activo
2694,DNI,49179216,Jorge,Choque,Martínez,1966/02/06,58,M,Casado,Técnico,Empleado Privado,Tecnología,Arequipa,Arequipa,Sur,2253.45,1356.66,41591.55,574,Regular,Agencia,102,2016-08-13,7,Activo
2695,DNI,53845035,Sofía,Álvarez,Choque,29-04-1989,35,F ,Casado,Universitario,Pensionista,Educación,Yanahuara,Arequipa,Sur,1354.3,679.05,19159.62,394,Regular,Telemarketing,123,24-11-2014,8,Activo
2696,DNI,66629136,Miguel,Flores,Torres,30-09-1980,44,M,Conviviente,Secundaria,Empresario,Manufactura,Cajamarca,Cajamarca,Norte,1769.96,1130.52,21016.69,494,Regular,Digital,48,2021-01-12,24,Inactivo
2697,DNI,44753936,Pablo,García,González,1977/08/16,47,M,Conviviente,Secundaria,Empleado Público,Agricultura,Víctor Larco Herrera,La Libertad,Norte,1778.06,739.87,26347.78,456,Regular,Digital,142,25-04-2013,11,Inactivo
2698,DNI,51800756,Sandra,Herrera,Morales,27/09/1972,52,F,Casado,Secundaria,Pensionista,Transporte,Pisco,Ica,Sur,1081.53,495.62,32758.19,473,Regular,Agencia,71,2019-03-01,20,Activo
2699,DNI,73090729,Iván,Medina,Pérez,31-10-1982,42,M,soltero ,universitario,Empleado Privado,Tecnología,Pisco,Ica,Sur,10644.76,7446.12,273559.34,567,Regular,Agencia,1,2024-02-10,20,Bloqueado
2700,DNI,86338975,José,Rojas,Romero,1981/10/07,45,M,Soltero,Secundaria,Empleado Privado,Otro,Cajamarca,Cajamarca,Norte,3890.11,2626.64,184125.61,519,Regular,Agencia,104,24/05/2016,24,Activo
2701,DNI,28815659,Enrique,Jiménez,Díaz,24-02-2004,20,M,Divorciado,Técnico,Empleado Privado,Agricultura,Cayma,Arequipa,Sur,1690.33,782.73,92534.89,426,Regular,Agencia,132,2014/02/01,6,Activo
2702,Pasaporte,299244235,Marco,Quispe,Quispe,2004/12/27,20,M,Divorciado,Técnico,Empleado Público,Tecnología,Víctor Larco Herrera,La Libertad,Norte,1106.77,612.87,20688.92,363,Regular,Agencia,128,2014/06/11,11,Activo
2703,DNI,92947874,Ricardo,Medina,Rodríguez,25/06/1983,41,M,Casado,Técnico,Independiente,Transporte,Tarapoto,San Martín,Oriente,4105.24,2705.75,74753.84,550,Regular,Digital,38,2021-08-07,23,Activo
2704,DNI,48129645,SaNdRa,Torres,Cusi,16/06/1978,46,fem,Conviviente,Técnico,Empleado Público,Construcción,Cayma,Arequipa,Sur,1478.79,952.56,39558.95,405,Regular,Digital,122,2014/12/05,6,Activo
2705,DNI,77291188,Daniela,Pérez  ,Torres,21-02-2004,20,F,Conviviente,Universitario,Independiente,Comercio,Yanahuara,Arequipa,Sur,850.0,394.62,43422.03,402,Regular,Referido,103,2016-07-07,8,Activo
2706,DNI,58828442,Enrique, García ,Choque,1984-10-12,40,M,Conviviente,Postgrado,Pensionista,Otro,Chiclayo,Lambayeque,Norte,850.0,346.94,32945.31,500,Regular,Referido,29,2022-07-30,13,Activo
2707,CE,475636518,Andrés,Pérez,Gómez,1985-04-08,39,M,Soltero,Universitario,Empresario,Comercio,Chimbote,Ancash,Centro,5641.05,3240.85,154416.86,572,Premium,Agencia,173,2010/10/01,21,Activo
2708,CE,358139795,César,Torres,Rivera,1997-07-06,27,M,Soltero,Universitario,Empleado Privado,Otro, Cajamarca ,Cajamarca,Norte,3112.6,1965.79,54877.97,465,Regular,Campaña Institucional,36,2020/06/06,24,Activo
2709,DNI,99885522, Daniela ,Flores,Ortiz,1987-12-25,37,F,Casado,Universitario,Empleado Público,Salud,Yanahuara,Arequipa,Sur,2892.79,1568.05,93225.45,549,Regular,Referido,93,23/04/2017,8,Activo
2710,DNI,48729129,Rocío,Chávez,Jiménez,28/03/1994,30,F,Casado,Universitario,Empresario,Otro,Lima,Lima,Lima y Callao,4674.52,3142.41,242078.0,509,Regular,Digital,41,2021-07-24,5,Activo
2711,DNI,95576329,David, Morales,Quispe,1986-12-27,38,M,Conviviente,Universitario,Empresario,Servicios,San Juan de Lurigancho,Lima,Lima y Callao,7900.88,4085.59,151747.22,528,Premium,Agencia,161,2011-10-09,1,Activo
2712,DNI,3663860,David,Castro,Mamani,31-08-1961,63,M,Soltero,Universitario,Independiente,Salud,Trujillo,La Libertad,Norte,926.05,570.9,17286.82,505,Regular,Referido,126,25/08/2014,10,Activo
2713,DNI,22887617,Alejandro,Ortiz,Rodríguez,22-07-1993,31,M,Soltero,Técnico,Empleado Privado,Educación,Huancayo,Junín,Centro,3531.69,2206.5,125849.25,384,Regular,Agencia,105,2016-05-07,18,Activo
2714,DNI,99497450,Carlos,Herrera,Choque,1978/04/02,46,M,Conviviente,Postgrado,,Finanzas,Yanahuara,Arequipa,Sur,2141.62,1175.76,20256.99,452,Regular,Digital,96,2017-02-09,8,Activo
2715,DNI,55524027,GaBrIeLa,López,Mamani,2000/02/04,24,F,Casado,Universitario,Estudiante,Construcción,Yanahuara,Arequipa,Sur,850.0,497.12,36880.46,517,Regular,Agencia,74,2018/11/20,8,Activo
2716,DNI,15223450,Ricardo,Rodríguez,Condori,1983/02/12,41,M,Viudo,Universitario,Empresario,Educación,Piura,Piura,Norte,8295.69,4730.57,148573.42,609,Premium,Agencia,164,24-06-2011,14,Activo
2717,DNI,60506405,Luis,Reyes,Huanca,30/06/1979,45,M,Soltero,Universitario,Empleado Público,Construcción,Huancayo,Junín,Centro,1725.79,914.0,72791.03,536,Regular,Digital,16,2022/09/19,18,Activo
2718,DNI,35317324,Silvia,Sánchez,Chávez,1989-08-19,35,F ,Casado,Técnico,Empleado Privado,Otro,Wanchaq,Cusco,Sur,2096.01,1212.53,46568.46,393,Regular,Agencia,145,2013-01-05,17,Activo
2719,DNI,92658352,Carmen,González,Morales,1971/09/03,53,F,Casado,Universitario,Empleado Privado,Otro,Los Olivos,Lima,Lima y Callao,2544.09,1681.94,129314.2,514,Regular,Campaña Institucional,36,25/08/2021,4,Activo
2720,DNI,70931957,AnDrÉs,Álvarez,RoDrÍgUeZ  ,1995-06-13,29,M,Casado,Universitario,Pensionista,Transporte,Chiclayo,Lambayeque,Norte,1124.61,784.79,24691.47,423,Regular,Digital,131,2014-03-09,13,Activo
2721,DNI,45784490,Elena,Ortiz,Ortiz,1984/02/14,40,F,Divorciado,Secundaria,Independiente,Manufactura,San Juan de Lurigancho,Lima,Lima y Callao,4245.86,2439.33,170144.87,531,Regular,Agencia,119,2015/03/04,1,Activo
2722,DNI,18376910,Marco,Medina,Castillo,1983-01-25,41,M,Casado,Universitario,Empleado Privado,Tecnología,Huancayo,Junín,Centro,1167.73,816.99,65843.29,648,Regular,Referido,109,18/01/2016,18,Activo
2723,DNI,44532567,Claudia,  Mamani,Apaza,1957/12/19,69,F,Soltero,Postgrado,Empleado Privado,Servicios,Wanchaq,Cusco,Sur,4707.46,1855.04,150027.47,477,Regular,Digital,168,23-02-2011,17,Activo
2724,DNI,21655146,Luis,García,Laime,24-08-1984,40,M,Soltero,Universitario,Empleado Público,Comercio,Chiclayo,Lambayeque,Norte,1672.13,1002.62,81737.37,572,Regular,Telemarketing,91,2017-06-13,13,Activo
2725,DNI,22855693,Rocío,Apaza,Mamani,18-02-1979,45,F,soltero ,Universitario,,Finanzas,Yanahuara,Arequipa,Sur,1577.03,975.11,21375.35,484,Regular,Agencia,118,2015/03/26,8,Activo
2726,Pasaporte,37773110,Silvia,Martínez,Huanca,1969/10/04,55,F,Divorciado,Universitario,Empleado Privado,Transporte,Miraflores,Lima,Lima y Callao,6963.72,3573.65,390457.5,600,Regular,Referido,152,16/06/2012,3,Activo
2727,DNI,94007467,Héctor,Vargas,Cruz,29/09/1973,51,M,Soltero,Universitario,Empleado Privado,Finanzas,Chiclayo,Lambayeque,Norte,2681.51,1485.6,37391.78,323,Regular,Referido,171,13/12/2010,12,Inactivo
2728,DNI,5955870,Carmen,Sánchez,Apaza,1979/04/29,45,F,Soltero,Técnico,Empleado Privado,Salud,Santiago de Surco,Lima,Lima y Callao,2910.4,1810.55,136555.15,501,Regular,Telemarketing,113,2015/09/08,2,Activo
2729,DNI,70287372,Cecilia,Mamani,Morales,1982/11/05,42,F,soltero ,Secundaria,Empresario,Salud,Chiclayo,Lambayeque,Norte,2588.23,1719.09,99785.64,-5,regular,Agencia,8,2020-10-13,13,Activo
2730,DNI,28904268,Manuel,Castro,Gómez,1975/03/11,49,M,Casado,Universitario,Empleado Público,Agricultura,Tarapoto,San Martín,Oriente,2919.29,1947.21,102665.13,571,Regular,Agencia,47,2021-02-05,23,Activo
2731,DNI,13304421,Diana,Rojas,Condori,19-04-1975,49,FEMENINO,Casado,Técnico,Independiente,Manufactura,Pisco,Ica,Sur,1842.98,1253.18,107862.33,493,Regular,Agencia,62,2019/11/24,20,Activo
2732,DNI,41631664,Cecilia,Ortiz,Jiménez,1982/01/04,43,F,Conviviente,Técnico,Empleado Privado,Comercio,Trujillo,La Libertad,Norte,3028.69,1552.82,64895.1,545,Regular,Agencia,176,2010/06/24,10,Activo
2733,DNI,80856902,  GabRieLa,Romero  ,Gutiérrez,1975/11/10,49,F,Divorciado,Universitario,Empleado Privado,Servicios,Iquitos,Loreto,Oriente,8474.63,5250.33,85034.64,631,Regular,Digital,102,15/08/2016,22,Activo
2734,DNI,77226966,Isabel,García,Romero,31/10/1982,42,F,Conviviente,Técnico,Empleado Privado,Finanzas,Yanahuara,Arequipa,Sur,850.0,581.66,27899.82,552,Regular,,5,2021/08/08,8,Inactivo
2735,DNI,14651679,Cecilia,López,Pérez,1989/07/27,35,F,Soltero,Secundaria,Independiente,Salud,Huancayo,Junín,Centro,1260.12,496.91,34430.11,453,Regular,Agencia,83,2018-02-12,18,Activo
2736,DNI,72016485,Patricia,Rojas,Pérez,1988/05/07,36,F,Conviviente,Técnico,Empleado Privado,Manufactura,El Tambo,JunÍn,Centro,3692.66,1898.26,41086.7,395,Regular,Agencia,111,2015-11-03,19,Activo
2737,CE,362569153,Diana,Álvarez,Reyes,1995/09/01,29,F,Conviviente,Universitario,Independiente,Finanzas,Santiago de Surco,Lima,Lima y Callao,2673.17,1092.84,23905.45,503,Regular,Telemarketing,78,15-07-2018,2,Activo
2738,DNI,10619581,Luis,Cusi,Huanca,24-01-1975,49,M,Divorciado,Secundaria,Empleado Público,Finanzas,Piura,Piura,Norte,1621.89,1092.86,13254.36,462,Regular,Agencia,97,2017/01/10,14,Activo
2739,DNI,87850374,Cecilia,Vargas,Díaz,1989/06/04,35,F,Divorciado,Técnico,Estudiante,Otro,San Juan de Lurigancho,LimA  ,Lima y Callao,850.0,533.41,20013.12,555,Regular,Agencia,172,13-11-2010,1,Activo
2740,DNI,12193387,Héctor,Medina,Sánchez,2004/04/11,20,M,Soltero,Secundaria,Pensionista,Educación,Miraflores,Lima,Lima y Callao,850.0,507.06,12565.11,378,Regular,Agencia,84,2018-01-11,3,Activo
2741,DNI,41089452,Alejandro,Romero,Jiménez,2002-05-15,22,M,Soltero,Secundaria,Empleado Privado,Transporte,Piura,Piura,Norte,3919.28,2420.69,125433.9,490,Regular,Digital,177,20/05/2010,14,Activo
2742,DNI,45522554,Diego,Medina,Ortiz,19-03-1977,47,M,Conviviente,Universitario,Empleado Privado,Agricultura, San juan de lurigancho,Lima,Lima y Callao,4685.28,1899.77,276225.86,473,Regular,Referido,152,2012-06-21,1,Activo
2743,DNI,33305613,Luis,Ortiz,Pérez,1988/09/11,36,M,Soltero,Secundaria,Independiente,Otro,Wanchaq,Cusco,Sur,10280.25,6329.06,161306.83,480,Regular,Referido,111,23-10-2015,17,Activo
2744,DNI,22111189,Diana,Álvarez,Mamani,1974/01/26,50,F,Soltero,Universitario,Independiente,Manufactura,Los Olivos,Lima,Lima y Callao,2484.42,1350.83,115794.3,398,Regular,Referido,55,2020-06-02,4,Activo
2745,DNI,98602082,Óscar,Reyes,Cruz,22/09/2004,20,M,Casado,Técnico,Empleado Privado,Otro,Wanchaq,Cusco,Sur,1776.99,1046.34,20057.79,511,Regular,Referido,167,2011/03/26,17,Activo
2746,Pasaporte,358805887,Gabriela,Morales,Reyes,1973-08-04,51,F,Casado,Postgrado,Pensionista,Finanzas,  Wanchaq,Cusco,Sur,1613.36,945.71,96410.6,445,Regular,Digital,108,2016-02-12,17,Activo
2747,CE,864840927,Diego,Laime,López,17/10/1963,61,M,Soltero,Secundaria,Empleado Privado,Comercio,Arequipa,Arequipa,Sur,2011.27,1033.78,44681.59,525,Regular,Referido,168,2011-03-04,7,Inactivo
2748,DNI,36391596,Jorge,Flores,Ortiz,1983/04/03,41,M,Casado,Universitario,Independiente,Educación,Chiclayo,Lambayeque,Norte,2049.13,802.91,48484.51,559,Regular,Referido,139,14/07/2013,13,Activo
2749,DNI,32633457,Juan,Morales,Gutiérrez,1991/04/09,33,M,Soltero,Universitario,Empresario,Servicios,Víctor Larco Herrera,La Libertad,Norte,2378.22,1579.17,138140.8,495,Regular,Telemarketing,62,15-11-2019,11,Activo
2750,DNI,90895710,Fabiola,Medina,Álvarez,1987/11/27,37,F,Casado,Técnico,Pensionista,Servicios,Chiclayo,Lambayeque,Norte,3892.58,1842.13,164721.03,520,Regular,Agencia,96,2017-01-26,13,Activo
2751,DNI,95094436,Héctor,Reyes,Castillo,15/03/1987,37,M,Soltero,Universitario,Empleado Público,Tecnología,Víctor Larco Herrera,La Libertad,Norte,1330.66,666.19,34915.8,394,Regular,Digital,91,2017-07-06,11,Bloqueado
2752,DNI,26369008,Diana,Rojas,González,1995/04/11,29,F,Casado,Técnico,Empleado Privado,Manufactura,Víctor Larco Herrera,La Libertad,Norte,2719.71,1280.85,83932.39,547,Regular,Digital,113,2015/09/08,11,Activo
2753,CE,970555013,Víctor,Martínez,Quispe,20-05-1969,55,M,Soltero,Universitario,Empleado Privado,Agricultura,Arequipa,Arequipa,Sur,3508.58,1824.56,201416.39,491,Regular,Telemarketing,50,2020/09/04,7,Bloqueado
2754,DNI,40261015,Paola,Ramírez,HuAnCa,1979/01/19,45,FEMENINO,Divorciado,Universitario,Empleado Privado,Construcción,Los Olivos,Lima,Lima y Callao,2247.65,1531.37,99268.59,586,Regular,Agencia,129,2014-05-12,4,Inactivo
2755,DNI,84620542,Luis,Martínez,Romero,16/01/1985,39,M,Soltero,Universitario,Pensionista,Servicios,Víctor Larco Herrera,La Libertad,Norte,989.27,540.59,44247.27,358,Regular,Digital,121,2015-01-08,11,Activo
2756,DNI,74181827,Diego,Rivera,Rojas,1985-09-16,39,M,Soltero,Técnico,Independiente,Servicios,Huancayo,Junín,Centro,4093.02,1615.86,198855.79,427,Regular,Referido,24,2023/01/02,18,Activo
2757,DNI,63571886,Isabel,Rivera,Cusi,1992/03/28,32,F ,Casado,Universitario,Independiente,Transporte,La Esperanza,La Libertad,Norte,3754.1,1987.43,166412.84,394,Regular,Campaña Institucional,54,30/06/2020,9,Activo
2758,DNI,79319807,César,Chávez,Castillo,1970/05/24,54,M,Soltero,Técnico,Empleado Privado,Educación,Sullana,Piura,Norte,2381.36,1540.46,140263.98,484,Regular,Digital,48,2021/01/07,15,Activo
2759,DNI,77041458,Miguel,Castillo,Jiménez,22/08/1996,28,M,Casado,Técnico,Pensionista,Manufactura,Sullana,PIURA,Norte,1089.63,680.16,55788.02,599,Regular,Agencia,63,2019/10/11,15,Activo
2760,Pasaporte,400421099,Óscar,Martínez,Rojas,1973-09-11,51,M,Casado,Universitario,Empleado Privado,Tecnología,Víctor Larco Herrera,La Libertad,Norte,1974.96,1070.11,62194.3,562,Regular,Agencia,67,2019/06/08,11,Activo
2761,DNI,83607989,Héctor,Laime,Rojas,1986/06/11,38,M,Soltero,Universitario,Empresario,Salud,El Tambo,Junín,Centro,12687.94,8767.21,554864.12,566,Premium,Referido,145,2013-01-10,19,Inactivo
2762,DNI,1362408,ángela,Gómez,Rodríguez,25-04-2004,20,F,Divorciado,Secundaria,Independiente,Transporte,Yanahuara,Arequipa,Sur,962.29,590.13,33295.99,503,Regular,Referido,180,13/03/2010,8,Activo
2763,DNI,22505467,Mónica,Ortiz,Rojas,1981-05-10,43,F,Divorciado,Universitario,Empleado Privado,Otro,Tarapoto,San Martín,Oriente,1720.13,792.5,42511.09,453,Regular,Agencia,50,2019-12-23,23,Inactivo
2764,DNI,34371424,María,Herrera,Laime,20/07/2004,20,F,Soltero,Universitario,Empleado Privado,Tecnología,Lima,Lima,Lima y Callao,2271.01,1071.44,19039.53,576,Regular,Agencia,137,2013-09-12,5,Activo
2765,DNI,65738537,Alejandra,Gómez,Gutiérrez,1973-03-08,51,F,soltero,Postgrado,Empleado Privado,Construcción,Cajamarca,Cajamarca,Norte,9096.59,5064.02,212913.64,563,Premium,Telemarketing,147,2012-11-22,24,Activo
2766,DNI,3213378,Andrés,Laime,Cusi,24-02-1970,54,M,Conviviente,Secundaria,Pensionista,Educación,Cayma,Arequipa,Sur,2517.78,1222.6,20862.23,526,Regular,Digital,39,2021-01-14,6,Activo
2767,DNI,20082244,Gabriela,Flores,Laime,1985-09-14,39,F,Casado,Universitario,Independiente,Servicios, SANTIAGO DE SURCO,LiMa,Lima y Callao,4695.5,3062.96,117312.81,567,Regular,Agencia,113,31-08-2015,2,Activo
2768,DNI,64151182,María,Condori,Herrera,31-07-1988,36,F,soltero,tecnico,Independiente,Manufactura,El Tambo, junín ,Centro,1343.28,719.3,30262.5,484,Regular,Referido,49,2020/12/09,19,Inactivo
2769,Pasaporte,139928581,Fabiola,Herrera,López,1973/12/05,51,F,Soltero,Secundaria,Empleado Privado,Manufactura,Cajamarca,Cajamarca,Norte,4534.6,2078.24,82187.03,427,Regular,Agencia,41,24/11/2020,24,Activo
2770,DNI,10597842,Eduardo,Pérez,Rojas,1960/11/30,64,M,Viudo,Universitario,Empleado Privado,Otro,El Tambo,Junín,Centro,-2411.63,1503.09,94500.0,500,Regular,Digital,87,2017-11-01,19,Activo
2771,DNI,17630191,Claudia,Vargas,Torres,1993-01-09,31,F,Soltero,Técnico,,Manufactura,El Tambo,Junín,Centro,14133.55,8299.96,618476.0,508,VIP,Referido,120,2015-02-03,19,Activo
2772,DNI,82064562,Ana,Pérez,Chávez,13/11/1993,31,F,Casado,Secundaria,Pensionista,Comercio,Trujillo,La Libertad,Norte,1357.02,516.2,76122.46,511,Regular,Digital,173,18-09-2010,10,Activo
2773,DNI,20565679,Diego,Díaz,Castro,1985-07-06,39,M,Casado,Universitario,Empleado Privado,Educación,Arequipa,Arequipa,Sur,4237.81,2545.53,157993.57,441,regular ,Digital,157,25/01/2012,7,Activo
2774,DNI,33249707,Patricia,Quispe,Ramos,1988-08-24,36,F,Casado,Secundaria,Independiente,Tecnología,El Tambo,Junín,Centro,850.0,349.36,7760.73,402,regular ,Digital,116,2015/06/18,19,Activo
2775,DNI,54040261,Iván,Castro,Torres,1961-03-28,63,M,Casado,Técnico,Empleado Privado,Tecnología,Lima,Lima,Lima y Callao,7501.35,5086.48,83703.08,528,Regular,Referido,178,15/05/2010,5,Activo
2776,DNI,59827814,Andrés,CasTro,Ramírez,24/10/1963,61,M,Conviviente,Postgrado,Empleado Privado,Transporte,Pisco,Ica,Sur,3007.69,1663.32,105133.11,502,Regular,Referido,5,21-07-2024,20,Activo
2777,DNI,45338430,  AleJanDra,Sánchez,Mamani,1982-10-29,42,F,Casado,Secundaria,Independiente,Finanzas,Los Olivos,Lima,Lima y Callao,2136.75,928.38,79693.29,475,Regular,Digital,81,2018/04/11,4,Activo
2778,DNI,80344058,Miguel,López,Gómez,1969-12-20,55,M,Viudo,Tecnico,Empleado Público,Finanzas,chiclayo  ,Lambayeque,Norte,2461.37,1476.89,25231.32,566,Regular,Referido,103,2016/07/08,12,Activo
2779,DNI,92095455,Silvia,Ortiz,Morales,1970-03-10,54,F,Soltero,Universitario,Independiente,Construcción,Trujillo,La Libertad,Norte,3338.34,2276.06,70294.79,454,Regular,Referido,172,2010-10-26,10,Activo
2780,DNI,95874279,Alejandra,Laime,Chávez,15-03-1999,25,F,Viudo,Técnico,Empleado Privado,Manufactura,Wanchaq,Cusco,Sur,2673.14,1246.65,39646.38,453,Regular,Agencia,61,2019-12-24,17,Activo
2781,DNI,41638828,ángela,Castillo,Rodríguez,27/03/1981,43,F,Casado,Secundaria,Pensionista,Transporte,Huancayo,Junín,Centro,1049.02,690.74,61437.78,628,Regular,Referido,167,24-03-2011,18,Activo
2782,DNI,11665563,Miguel,  RivEra,Sánchez,1998/11/07,26,M,Conviviente,Técnico,Empresario,Manufactura,Trujillo,La Libertad,Norte,1527.38,826.71,70027.08,500,Regular,Agencia,98,2016-12-08,10,Inactivo
2783,DNI,55694146,Héctor,Díaz,Díaz,31/07/1987,37,M,Conviviente,Postgrado,Independiente,Manufactura,Chiclayo,Lambayeque,Norte,2799.29,1845.16,33870.45,513,Regular,Agencia,76,2018-10-04,13,Inactivo
2784,DNI,65665764,Alejandro, Díaz ,Medina,31-10-1967,57,M,Soltero,Técnico,Empleado Público,Educación,Tarapoto ,San Martín,Oriente,1285.92,683.93,40860.5,497,Regular,Agencia,26,22-10-2022,23,Activo
2785,DNI,24962344,Miguel,Pérez,López,1977/06/10,47,M,Soltero,Universitario,Independiente,Construcción,Pisco,Ica,Sur,4150.53,-2120.14,156397.73,619,Regular,Digital,58,2020/03/08,20,Activo
2786,DNI,33601078,Roberto,Apaza,Reyes,1971-05-05,53,M,Conviviente,Técnico,Independiente,Otro,Trujillo,La Libertad,Norte,2427.89,1143.58,75899.67,455,Regular,Agencia,18,2020-03-14,10,Activo
2787,DNI,54980618,Valeria,Martínez,Reyes ,25/07/1989,35,fem,Conviviente,Técnico,Pensionista,Tecnología,Los Olivos,Lima,Lima y Callao,850.0,551.37,41271.78,510,Regular,Referido,110,2015/11/28,4,Activo
2788,DNI,42866227,Alejandro,Herrera,Romero,26/06/1979,45,M,Soltero,Universitario,Empleado Privado,Otro,Chiclayo,Lambayeque,Norte,1502.88,955.42,14027.34,466,REGULAR,Agencia,52,2020-09-02,13,Activo
2789,DNI,27723657,Manuel,CasTilLo  ,Castro,1972-06-13,52,m,Casado,Postgrado,Empleado Público,Salud,Iquitos,Loreto,Oriente,2612.8,1828.96,28493.64,554,Regular,Referido,12,2023/12/08,22,Activo
2790,CE,349457244,Silvia,Mamani,Torres,13/06/1978,46,F,Casado,Secundaria,Empleado Privado,Educación,Tarapoto,San Martín,Oriente,6618.05,4416.43,107247.78,515,Premium,Agencia,169,21/01/2011,23,Activo
2791,DNI,18338070,Miguel,Ramos,Apaza,1987-02-19,37,M,Soltero,Técnico,Empleado Privado,Servicios,Víctor Larco Herrera,La Libertad,Norte,1733.67,979.61,95441.14,492,Regular,Agencia,166,2011-04-29,11,Activo
2792,DNI,86069624,María,Castillo,Díaz,2004-08-31,20,F,Conviviente,Universitario,Independiente,Finanzas,Víctor Larco Herrera,La Libertad,Norte,1708.15,1105.48,17242.9,442,Regular,Agencia,23,22/01/2023,11,Activo
2793,DNI,4044161,Juan,Díaz,García,1999/04/05,25,M,Casado,Universitario,Empresario,Otro,Wanchaq,Cusco,Sur,,1626.98,153131.96,527,Regular,Agencia,99,2016-11-07,17,Activo
2794,DNI,8805749,Andrés,Chávez,Apaza,17-07-1980,44,M,Casado,Universitario,Empleado Privado,Transporte,San Juan de Lurigancho,Lima,Lima y Callao,3042.46,2067.04,38285.64,508,Regular,Digital,75,2018/10/09,1,Bloqueado
2795,DNI,35444589,Ana,Rivera,Ramos,15/03/1981,43,F,Soltero,Universitario,Empleado Privado,Salud,Pisco,Ica,Sur,5342.59,2816.27,272442.86,501,Regular,Telemarketing,37,2020/12/11,20,Activo
2796,DNI,56636305,Miguel,Vargas ,Ramírez,18/06/2000,24,M,Soltero,Universitario,Empleado Privado,Servicios, Chimbote ,Ancash,Centro,5557.76,2605.03,146354.62,487,Regular,Digital,133,2014/01/23,21,Activo
2797,DNI,36957001,Cecilia,Cruz,Pérez,1990/05/19,34,F,Casado,Secundaria,Empleado Privado,Manufactura,Huancayo,Junín,Centro,1429.77,888.37,26208.19,495,Regular,Agencia,91,29/06/2017,18,Activo
2798,CE,120574921,Patricia,Gómez,Díaz,30/07/1984,40,F,Soltero,Universitario,Empleado Público,Comercio,Arequipa,Arequipa,Sur,3900.58,1636.7,79603.47,488,Regular,Agencia,62,2019/11/17,7,Activo
2799,DNI,10769070,Patricia,Condori,Romero,1993-12-22,31,F,Soltero,Postgrado,Empleado Privado,Finanzas,Tarapoto,San Martín,Oriente,4086.22,1882.66,117976.38,525,Regular,Agencia,84,2018/01/09,23,Activo
2800,DNI,16156336,Marco,Ortiz,Cruz,17/02/1980,44,M,Soltero,Universitario,Empresario,Servicios,Chiclayo,Lambayeque,Norte,8737.16,6071.02,336184.22,521,Premium,Agencia,168,2011-02-14,12,Activo
2801,DNI,8169035,Ricardo, RIVERA ,Reyes,1980/12/07,44,M,Soltero,Universitario,Empleado Privado,Agricultura,Piura,PiUrA,Norte,5177.21,2003.01,281140.56,530,Regular,Campaña Institucional,129,19/05/2014,14,Activo
2802,DNI,88392114,Manuel,Castillo, Apaza ,1986-01-06,39,M,Divorciado,Universitario,Empleado Privado,Salud,Los Olivos,Lima,Lima y Callao,5473.54,2591.14,312509.74,359,Premium,Digital,161,2011/10/09,4,Activo
2803,DNI,30073703,Manuel,Ortiz,Medina,1958-07-08,66,M,Conviviente,Postgrado,Pensionista,Salud,Cajamarca,Cajamarca,Norte,850.0,587.18,25739.22,477,Regular,Agencia,103,30/06/2016,24,Activo
2804,DNI,55428358,Claudia,Condori,Castillo  ,1984-01-03,41,F,Casado,Técnico,Empleado Público,Agricultura,Sullana,Piura,Norte,1974.94,1289.14,54004.54,560,Regular,Agencia,8,16-01-2023,15,Activo
2805,DNI,83018608,Iván,Martínez,Jiménez,17-08-1995,29,M,Soltero,Universitario,Independiente,Transporte,Chimbote,Ancash,Centro,2523.36,1326.48,125303.84,436,Regular,Referido,68,2019/05/09,21,Inactivo
2806,DNI,42709839,Claudia,Choque,Herrera,1979/07/04,45,F,Conviviente,Universitario,,Transporte,San Juan de Lurigancho,Lima,Lima y Callao,2102.86,1312.29,63151.29,516,Regular,Agencia,8,2020/08/27,1,Activo
2807,CE,634716780,Ángela,Ramos,Díaz,1989/01/25,35,F,Soltero,Universitario,Independiente,Salud,San Juan de Lurigancho,Lima,Lima y Callao,1545.27,974.01,53657.31,491,Regular,,94,2017/04/06,1,Activo
2808,DNI,80874592,Daniela,Ramos,Ortiz,1971/07/20,53,F,Soltero,Universitario,Independiente,Manufactura,Cayma,Arequipa,Sur,1661.93,943.04,45326.01,455,Regular,Agencia,68,2019/05/14,6,Activo
2809,DNI,71417874,Diego,Medina,Apaza,23/06/1983,43,M,Conviviente,Universitario,Empresario,Servicios,La Esperanza,La Libertad,Norte,5923.35,3633.4,294681.8,571,Premium,Agencia,22,2021/07/05,9,Activo
2810,CE,865357866,Jorge,Álvarez ,Gómez,1993/08/20,31,M,Casado,Postgrado,Empleado Público,Educación,Víctor Larco Herrera,La Libertad,Norte,949.28,643.81,9167.8,459,Regular,Telemarketing,175,2010/07/28,11,Activo
2811,DNI,84418519,Rosa,Torres,Rivera,1992-08-20,32,F,Casado,Universitario,Empleado Privado,Construcción,La Esperanza,La Libertad,Norte,2530.86,1309.57,67354.0,438,Regular,Digital,124,2014-10-06,9,Activo
2812,DNI,98047327,Iván, López,Condori,1974/11/01,50,M,Divorciado,secundaria ,Empresario,Agricultura,San Juan de Lurigancho,Lima,Lima y Callao,5117.59,2738.89,48294.56,533,Regular,Agencia,43,2021/06/14,1,Inactivo
2813,DNI,71851147,Andrés,Cusi,Sánchez,20-11-1981,43,M,Casado,Universitario,Empleado Público,Educación,Cajamarca,Cajamarca,Norte,2298.51,1126.4,65067.74,507,Regular,Agencia,158,2011-12-14,24,Activo
2814,DNI,11891928,Sandra,Apaza,López  ,1976-03-14,48,F,Soltero,Universitario,Independiente,Otro,Sullana,Piura,Norte,1396.86,594.43,64614.37,571,Regular,Agencia,131,2014-03-05,15,Activo
2815,DNI,35408584,Enrique,Martínez,Condori  ,1985/09/17,39,M ,Soltero,Secundaria,Empleado Privado,Finanzas,Cajamarca,Cajamarca,Norte,1444.8,805.73,66612.86,491,Regular,Referido,146,2012-12-20,24,Activo
2816,DNI,68814539,Lucía,Condori,Huanca,1993/06/24,31,F,Viudo,Universitario,Pensionista,Servicios,Víctor Larco Herrera,La Libertad,Norte,1253.39,744.91,38279.69,590,Regular,Campaña Institucional,59,2020/02/02,11,Bloqueado
2817,DNI,44890208,Fernando,Huanca,Reyes,1992/10/04,32,M,Soltero,Universitario,Empresario,Manufactura,Wanchaq,Cusco,Sur,6471.29,4454.69,273455.32,404,Regular,Agencia,25,22/02/2021,17,Activo
2818,DNI,29612052,Patricia ,Pérez,Vargas,14-05-1977,47,F,Casado,Universitario,,Comercio,La Esperanza,La Libertad,Norte,850.0,460.86,42916.89,457,Regular,Agencia,71,2019/02/09,9,Activo
2819,DNI,43762920,MaRcO ,Castro,Herrera,1996/10/22,28,M,Casado,Postgrado,Empresario,Agricultura,Lima,Lima,Lima y Callao,7955.84,3190.45,338435.42,553,Premium,Agencia,91,2017-06-29,5,Activo
2820,DNI,55753882,Ángela,Álvarez,Huanca,15-12-1982,42,F,Conviviente,Universitario,Pensionista,Salud,Santiago de Surco,Lima,Lima y Callao,850.0,442.78,8920.86,572,Regular,Digital,18,2020/11/21,2,Activo
2821,DNI,17818875,Miguel,Mamani,González,1992/01/28,32,M,Conviviente,Universitario,,Servicios,Tarapoto,San Martín,Oriente,850.0,582.64,22289.74,494,Regular,Agencia,165,2011-06-01,23,Activo
2822,DNI,57156210,Rodrigo,Castro,Ramírez,1996/09/09,28,M,Conviviente,Universitario,Independiente,Agricultura,Wanchaq,Cusco,Sur,4164.69,2204.28,91209.95,449,Regular,Telemarketing,166,30-04-2011,17,Activo
2823,CE,86146391,Óscar,Chávez,Martínez,1975-06-05,49,M,Soltero,Universitario,Independiente,Salud,Santiago de Surco,Lima,Lima y Callao,6549.94,4366.45,228116.5,440,Regular,Digital,15,23/08/2023,2,Activo
2824,Pasaporte,260562926,Alejandro,Díaz,Romero,1989-02-11,35,M,Casado,Secundaria,Empleado Público,Manufactura,La Esperanza,La Libertad,Norte,1938.62,1295.83,26664.68,580,regular ,Agencia,121,2015-01-23,9,Activo
2825,DNI,86281180,Ricardo,Chávez,Flores,1990/11/18,34,M,Soltero,Universitario,Empleado Privado,Tecnología,Yanahuara,Arequipa,Sur,1987.67,1079.35,67508.81,501,Regular,Digital,8,2024/05/01,8,Activo
2826,DNI,88245919,Sandra,Jiménez,Condori,1989/10/06,35,F,Casado,Universitario,Independiente,Manufactura,Cajamarca,Cajamarca,Norte,2457.18,1130.01,135738.25,392,Regular,Agencia,73,2018-12-19,24,Activo
2827,DNI,41387055,Fernando,Ramírez,Choque,27/04/1956,68,M,Soltero,Técnico,Empleado Privado,Transporte,Tarapoto,San Martín,Oriente,1737.89,1084.32,69821.77,495,Regular,Referido,180,22-02-2010,23,Activo
2828,DNI,49914107,Roberto,Chávez,TORRES,30-09-1983,41,M,Conviviente,TECNICO,Empleado Público,Tecnología,Cusco,Cusco,Sur,4500.57,2911.44,45497.72,437,Regular,Digital,9,2021/05/28,16,Activo
2829,DNI,27537373,David,Reyes,Medina,1960/01/12,65,M,Soltero,Técnico,Empleado Privado,Finanzas,Trujillo,La Libertad,Norte,4883.9,3158.63,280801.25,542,Regular,Telemarketing,88,2017/09/24,10,Activo
2830,CE,436920091, MarCo ,Gutiérrez,Laime,1994-05-10,30,M,Divorciado,Postgrado,Independiente,Tecnología,Chiclayo,Lambayeque,Norte,3162.05,1323.41,176144.98,431,Regular,Agencia,152,27-06-2012,13,Inactivo
2831,DNI,64013748,Ana,Ramírez,Huanca,1968-01-07,57,F,Casado,Universitario ,Empleado Público,Tecnología,Tarapoto,San Martín,Oriente,1593.51,899.18,32310.27,522,Regular,Referido,156,23-02-2012,23,Activo
2832,DNI,18044794,Diego,Medina,Ramírez,1989/08/28,35,M,Conviviente,Técnico,Empleado Público,Transporte,El Tambo,Junín,Centro,1346.13,514.24,61178.72,535,Regular,Referido,162,2011-08-23,19,Activo
2833,DNI,10500917,Carlos,Álvarez,López,1976/09/10,48,M,Viudo,Postgrado,Pensionista,Finanzas, CaYmA,Arequipa,Sur,1776.76,913.87,86616.9,397,Regular,Digital,119,2015/03/24,6,Activo
2834,DNI,15451643,Miguel,Quispe,Mamani,1970/09/02,54,M,Divorciado,Universitario,Empleado Privado,Finanzas,Sullana,Piura,Norte,10875.02,6273.41,383588.19,497,Regular,Digital,94,2017/03/22,15,Activo
2835,DNI,28757198,César,García,Martínez,1960-03-19,64,M,Casado,Universitario,Empleado Público,Otro,Huancayo,Junín,Centro,2215.81,1443.61,115681.31,458,Regular,Referido,141,20/05/2013,18,Activo
2836,DNI,30093220,Valeria,Jiménez,Mamani,1986-04-04,38,F,Casado,Técnico,Empleado Público,Comercio,Huancayo,Junín,Centro,3111.93,1830.04,86313.66,457,Regular,Digital,65,2019/08/27,18,Activo
2837,DNI,29638026,Alejandro,Morales,Álvarez,1990/11/27,34,M,SOLTERO,Universitario,Independiente,Otro,  SaN JuAn dE LuRiGaNcHo,Lima ,Lima y Callao,3319.09,1585.44,40770.4,477,Regular,Referido,47,24-01-2021,1,Activo
2838,DNI,17729257, Ana ,Cruz,González,1975/07/20,49,F,Casado,Técnico,Empleado Privado,Educación,Piura,Piura,Norte,3378.12,2245.91,56845.25,526,regular ,Digital,81,17-04-2018,14,Activo
2839,DNI,23073888,Enrique,Cruz,Flores,1988/07/26,36,M,Casado,Postgrado,Empleado Privado,Servicios,Miraflores,Lima,Lima y Callao,3052.86,1207.59,35293.4,429,Regular,Digital,139,2013/07/12,3,Activo
2840,DNI,45205009,Rodrigo,Díaz,Álvarez,1967/07/20,57,M,Conviviente,Secundaria,Pensionista,Finanzas,Miraflores,Lima,Lima y Callao,905.43,619.24,11722.75,569,Regular,Digital,9,2022-05-11,3,Activo
2841,DNI,12250112,Carlos,Condori,Herrera,23/02/1985,39,M,Conviviente,Técnico,Empleado Privado,Transporte,Víctor Larco Herrera,La Libertad,Norte,3079.43,2127.68,34757.97,457,Regular,Agencia,6,2024-06-13,11,Activo
2842,DNI,37191045,Juan,Díaz,Laime,1995/12/11,29,M,Soltero,SECUNDARIA,Independiente,Educación,PISCO ,Ica,Sur,850.0,389.99,7165.89,407,Regular,Referido,151,2012/08/03,20,Activo
2843,DNI,91275362,Paola,Vargas,Álvarez,1986-12-09,38,F,Soltero,Universitario,Empleado Privado,Finanzas,Trujillo,La Libertad,Norte,3070.69,1510.13,60871.46,538,Regular,Campaña Institucional,139,2013/07/09,10,Activo
2844,DNI,35636405,Ricardo,Díaz,Ramos,1988/05/11,36,M,Casado,Técnico,Empleado Privado,Tecnología,El Tambo,Junín,Centro,1749.33,1115.42,83010.03,398,Regular,Agencia,18,2020-03-09,19,Activo
2845,DNI,6104203,Diego,Pérez,Mamani,1978/01/01,47,M,Soltero,Técnico,Empleado Público,Transporte,Piura,Piura,Norte,3808.33,1997.16,124009.0,587,Regular,Agencia,34,16-02-2022,14,Activo
2846,DNI,69008534,Alejandro,González,Vargas,1974/03/01,50,M,Casado,Técnico,Empresario,Comercio,Chimbote,Ancash,Centro,8923.6,4724.25,81206.41,626,Regular,Referido,144,20-02-2013,21,Activo
2847,DNI,63951981,Gabriela,Ramos,Ramos,13-09-1979,45,F,Casado,Técnico,Independiente,Manufactura,Pisco,Ica,Sur,3749.03,1739.14,110061.27,477,Regular,Agencia,44,2021-05-09,20,Inactivo
2848,DNI,71358996,Ángela,Ramos,Pérez,1999/07/28,25,F,Soltero,Universitario,Empresario,Comercio,Pisco,Ica,Sur,3315.32,2216.51,125448.76,483,Regular,Agencia,41,2021-08-05,20,Activo
2849,DNI,92930907,Héctor,Huanca,Condori,29/05/1982,42,M,Conviviente,SECUNDARIA,Empleado Privado,Transporte,Sullana,Piura,Norte,7462.39,5088.42,242679.68,502,Regular,Digital,171,2010/11/23,15,Activo
2850,DNI,60506890,Elena,García  ,Álvarez,1968/10/11,56,F,Conviviente,Universitario,Independiente,Transporte,La Esperanza,La Libertad,Norte,1902.15,738.61,113843.82,490,Regular,Referido,105,2016/04/25,9,Activo
2851,DNI,2416177,Isabel,Quispe,Díaz,1998/05/17,26,F ,Conviviente,Secundaria,Independiente,Salud,San Juan de Lurigancho,Lima,Lima y Callao,1218.83,565.86,37759.58,490,Regular,Digital,68,2019/05/04,1,Activo
2852,DNI,86470485,Óscar,García,Castillo,19-09-1982,42,M,Divorciado,Técnico,Empresario,Construcción,Cayma, Arequipa,Sur,10099.6,4467.07,110239.71,533,Regular,Agencia,85,2018-01-04,6,Activo
2853,CE,7488382,Manuel,Chávez,Gutiérrez,1987-05-05,37,M,Casado,Secundaria,Empleado Privado,Comercio,Cusco,Cusco,Sur,8022.63,3933.04,222014.85,486,premium,Agencia,26,2022-06-24,16,Activo
2854,DNI,57571869,Rosa,Vargas,Flores,1969/06/21,55,F,Divorciado,Técnico,Pensionista,Transporte,Iquitos,Loreto,Oriente,980.38,426.99,32505.21,543,Regular,Agencia,109,28-12-2015,22,Activo
2855,DNI,23151108,Alejandra,Morales,Castro,1971-07-23,53,F,Soltero,Técnico,Pensionista,Manufactura,Chimbote,Ancash,Centro,1233.89,672.11,61374.81,372,Regular,Agencia,150,2012-08-28,21,Activo
2856,DNI,83760617,Carmen,López,Díaz,22-01-1982,42,F,Soltero,Postgrado,Independiente,Transporte,Chiclayo,Lambayeque,Norte,5518.22,2847.92,75839.43,523,Regular,Referido,130,2014-04-12,12,Inactivo
2857,CE,834443402,Eduardo,Laime,Díaz,1977/03/06,47,M,Conviviente,Universitario,Empleado Privado,Transporte,Cayma,Arequipa,Sur,1249.55,742.76,72157.11,453,Regular,Digital,108,2016-02-09,6,Inactivo
2858,DNI,38186832,césar,Romero,Sánchez,1978-05-07,46,M,Soltero,Técnico,Empleado Privado,Manufactura,Yanahuara,Arequipa,Sur,3603.04,1872.67,165176.92,563,Regular,Digital,81,22/04/2018,8,Activo
2859,DNI,72249761,MARCO,Cruz,Romero,1985/01/09,40,M,Conviviente,Universitario,Empleado Privado,Manufactura,Pisco,Ica,Sur,3436.24,1451.13,97829.5,487,Regular,Agencia,150,31-08-2012,20,Activo
2860,DNI,11571826,Héctor,Medina,Martínez,1994/11/20,30,M,Casado,Secundaria,Empleado Privado,Salud,Piura,Piura,Norte,850.0,329.06,34423.34,490,Regular,Agencia,34,2022/03/09,14,Activo
2861,DNI,91037497,Cecilia,CasTro  ,Castro,13/07/1980,44,F ,Soltero,Técnico,Empresario,Educación,Trujillo,La Libertad,Norte,4018.33,1997.82,84423.39,424,Regular,Digital,48,2021/01/01,10,Activo
2862,DNI,21319139,Diana,Rivera,Ramos,1975/03/08,49,F,Conviviente,Universitario,Independiente,Manufactura,Trujillo,La Libertad,Norte,2038.6,1329.5,62166.13,528,Regular,Referido,20,2023/05/01,10,Inactivo
2863,CE,135033668,Lucía,CONDORI  ,Rivera,27-03-1960,64,F,Divorciado,Universitario,Empleado Público,Finanzas,San Juan de Lurigancho,Lima,Lima y Callao,1045.31,559.7,17953.49,493,Regular,Agencia,127,2014-07-02,1,Activo
2864,DNI,54968472,Cecilia,Mamani,Mamani,21-08-1985,39,F,Conviviente,Universitario,Empleado Privado,Comercio,Los Olivos,Lima,Lima y Callao,5761.26,2535.01,332944.03,400,Premium,Agencia,147,2012/11/05,4,Inactivo
2865,DNI,83963247,Iván,Pérez,Mamani,1959/05/07,65,M,Soltero,Secundaria,Empleado Privado,Construcción,El Tambo,Junín,Centro,3579.72,1463.56,211395.06,511,Regular,,74,2018-11-25,19,Activo
2866,DNI,6824239,Andrés,Gutiérrez,Mamani,1985-11-12,39,M,Casado,Técnico,Empleado Privado,Salud,Miraflores,Lima,Lima y Callao,2238.07,876.55,44899.1,540,Regular,Agencia,99,27-10-2016,3,Activo
2867,DNI,88419482,Jorge,Laime,Laime,1995/04/09,29,M,Soltero,Universitario,Empleado Privado,Otro,Víctor Larco Herrera,La Libertad,Norte,3051.89,1258.49,100656.95,448,Regular,Telemarketing,156,20-02-2012,11,Activo
2868,DNI,47381063,Alejandro,Apaza,García,1992-09-12,32,M,Casado,Secundaria,Independiente,Otro,Los Olivos,Lima,Lima y Callao,13172.54,6697.35,136656.02,517,VIP,Digital,109,2015-12-30,4,Activo
2869,Pasaporte,901752400,Iván,Ramírez,Ramírez,1975/06/26,49,M,Soltero,Técnico,Empleado Privado,Comercio,Trujillo,La Libertad,Norte,5297.81,2433.88,55059.97,425,Premium,Agencia,157,23/01/2012,10,Activo
2870,DNI,87928392,Iván,TORRES,Chávez,30/11/1961,63,M,Casado,Postgrado,Empleado Privado,Manufactura,Miraflores,Lima,Lima y Callao,941.66,500.0,31306.53,469,Regular,Digital,93,2017-05-05,3,Activo
2871,DNI,43237603,Ángela,Choque,Huanca,20/08/1988,36,F,Soltero,Técnico,Empresario,Construcción,YanAhuAra,Arequipa,Sur,7762.05,4926.03,84437.86,521,Regular,Digital,37,2021/12/05,8,Activo
2872,DNI,32603222,Diego,  Gómez,Ramírez,22/10/1985,39,mas,Casado,Técnico,Empresario,Servicios,Yanahuara,Arequipa,Sur,5565.27,2625.13,183101.51,455,Regular,Digital,165,2011-06-06,8,Inactivo
2873,DNI,81819242,Daniela,Apaza,Reyes,2000/08/03,24,F,Soltero,Universitario,Independiente,Construcción,Sullana,Piura,Norte,3349.09,1992.26,39264.78,500,Regular,Digital,57,15-12-2019,15,Bloqueado
2874,DNI,49800929,Víctor,Huanca,Herrera,1963/10/26,61,M,Soltero,Técnico,Empleado Privado,Tecnología,San Juan de Lurigancho,Lima,Lima y Callao,2195.04,1323.01,43567.83,552,Regular,Agencia,159,2011-12-03,1,Activo
2875,DNI,26832334,Valeria,Gutiérrez,Ramos,18/08/1986,38,F,Casado,Técnico,Empleado Privado,Otro,Chimbote,Ancash,Centro,5008.81,2393.68,244548.02,543,Regular,Agencia,119,23-02-2015,21,Bloqueado
2876,CE,653126456,Rodrigo,Cruz,Huanca,1980-04-09,44,M,Casado ,Universitario,Empleado Privado,Salud,Miraflores,Lima,Lima y Callao,2440.02,1108.25,94917.56,543,Regular,Telemarketing,28,2021-11-19,3,Activo
2877,CE,356255013,Diego,Sánchez,Mamani,27-11-1975,49,m,Casado,Universitario,Empleado Público,Servicios,Yanahuara,Arequipa,Sur,1689.83,991.26,70830.48,443,Regular,Referido,59,2020/02/01,8,Activo
2878,DNI,1738226,Silvia,Ortiz,Pérez,1986/12/02,38,F,Divorciado,Secundaria,Empresario,Educación,Iquitos,Loreto,Oriente,13807.47,7195.85,700490.62,587,VIP,Digital,163,2011-07-23,22,Activo
2879,CE,639987568,Rocío,Álvarez,Álvarez,1996-09-12,28,F,Conviviente,Universitario,Empleado Privado,Finanzas,Piura,Piura,Norte,1420.11,758.05,57488.19,534,Regular,Digital,73,2018/12/16,14,Activo
2880,DNI,9327532,Carmen,PérEz,Rodríguez,1996-11-03,28,F,Casado,,Independiente,Agricultura,Arequipa,Arequipa,Sur,2977.61,1632.2,113912.53,434,regular,Telemarketing,135,2013-11-02,7,Activo
2881,DNI,33239691,Héctor,Ramírez,López,1963-01-25,61,M,Viudo,Universitario,Pensionista,Educación,San Juan de Lurigancho,Lima,Lima y Callao,880.77,572.51,40284.82,574,Regular,Agencia,102,20/07/2016,1,Inactivo
2882,DNI,23965978,Carmen,Castillo,Pérez,1980/06/28,44,F,Soltero,Universitario,Empleado Privado,Comercio,La Esperanza,La Libertad,Norte,3280.08,1982.93,140312.0,384,Regular,Digital,106,2016-03-23,9,Activo
2883,CE,391349731,Fernando,Gómez,Rivera,2004/06/06,20,M,Conviviente,Universitario,Empleado Privado,Transporte,Huancayo,Junín,Centro,2125.76,816.51,75397.66,467,Regular,Agencia,79,2018/06/09,18,Activo
2884,DNI,23616010,Elena,Cruz,Sánchez,17-10-1996,28,fem,Casado,Universitario,Independiente,Salud,Cajamarca,Cajamarca,Norte,972.9,372.24,51968.58,494,Regular,Agencia,70,28-03-2019,24,Bloqueado
2885,CE,106097849,Ángela,Reyes,Cusi,17-10-1976,48,F,casado,Secundaria,Empleado Privado,Otro,Los Olivos,Lima,Lima y Callao,2779.62,1808.94,140410.17,540,Regular,Digital,11,30/05/2021,4,Activo
2886,DNI,19422365,Adriana,Quispe,Rojas,1997-06-03,27,F,Divorciado,Técnico,Independiente,Salud,Santiago de Surco,Lima,Lima y Callao,1611.15,736.53,94298.66,554,Regular,Agencia,155,2012/03/30,2,Inactivo
2887,DNI,50944483,Enrique,Gómez,Jiménez,1983-01-05,42,M,Soltero,Postgrado,Empleado Público,Otro,Yanahuara,Arequipa,Sur,2219.45,1111.87,35351.5,634,Regular,,33,2020/02/18,8,Activo
2888,DNI,73722575,Sandra,Álvarez,García,1999/12/01,25,F,Casado,Universitario,,Educación,Cajamarca,Cajamarca,Norte,2528.02,1313.57,87590.2,574,Regular,Agencia,99,2016/11/06,24,Activo
2889,DNI,23358623,Rosa,Reyes,Condori,1986/03/02,38,F,Soltero,Universitario,Independiente,Otro,Víctor Larco Herrera,La Libertad,Norte,4127.63,1703.06,63842.06,431,Regular,Agencia,114,2015/08/04,11,Activo
2890,DNI,66577606,Patricia,Flores,Álvarez,1991/08/08,33,F,Soltero,universitario,Empleado Privado,Transporte,Lima,Lima,Lima y Callao,3217.48,1347.85,132131.91,519,Regular,Campaña Institucional,50,25-10-2020,5,Activo
2891,CE,31696466,Roberto,Torres,Rodríguez,1969-04-12,55,M,Conviviente,Secundaria,Empleado Privado,Construcción,El Tambo,Junín,Centro,6858.43,4789.71,246217.02,512,Regular,Referido,52,2020-09-01,19,Activo
2892,DNI,12476859,Rocío,Mamani,Chávez,1968/04/03,56,F,Casado,Técnico,Empleado Privado,Educación,Piura,Piura,Norte,2654.84,1543.9,35421.03,558,Regular,Digital,170,23-12-2010,14,Inactivo
2893,DNI,48254576,Héctor,Martínez,Gómez,1980-04-05,44,M,Soltero,Técnico,Pensionista,Salud,Tarapoto,San Martín,Oriente,1271.3,675.57,72383.8,511,Regular,Referido,77,22-08-2018,23,Bloqueado
2894,DNI,72420465,Miguel,Díaz,Huanca,2002-02-01,22,Masculino,Soltero,Universitario,Empleado Público,Construcción,Cayma,Arequipa,Sur,1142.0,524.28,64115.83,480,Regular,Agencia,173,30-09-2010,6,Activo
2895,DNI,3043307,Andrés,Mamani,Ramírez,27/06/2003,21,M,Casado,Universitario,Independiente,Comercio,Santiago de Surco,Lima,Lima y Callao,3508.92,1843.79,128539.72,506,Regular,Digital,13,19-07-2020,2,Activo
2896,DNI,62718106,David,Díaz,Gómez,1979/09/08,45,M,Soltero,Universitario,Empleado Público,Transporte,Pisco,Ica,Sur,1378.16,659.91,72357.23,586,Regular,Agencia,87,28/10/2017,20,Activo
2897,DNI,65165126,Pablo,Romero,Medina,1958-09-01,66,M,Soltero,Universitario,Independiente,Salud,Iquitos,Loreto,Oriente,3054.88,1584.06,125529.98,1050,Regular,Telemarketing,9,15-03-2024,22,Activo
2898,DNI,985450,Rodrigo,González,Ramos,1980-11-11,44,M,Casado,Universitario,Empleado Público,Transporte,Wanchaq,Cusco,Sur,2648.3,1206.0,83136.17,504,Regular,Digital,127,2014/07/02,17,Activo
2899,DNI,62037602,Isabel,Torres,Gómez,1983-10-04,41,F,Casado,Secundaria,Empresario,Salud,Chimbote,Ancash  ,Centro,9801.73,6332.21,560510.55,650,Regular,Agencia,55,2020-06-12,21,Activo
2900,DNI,90466005,  pablo,Álvarez,  CUSI,16-12-1999,25,M,Casado,Universitario,Empleado Privado,Servicios,Sullana,Piura,Norte,2355.98,1222.75,93448.89,397,Regular,Digital,112,20/10/2015,15,Activo
2901,DNI,82622555,Gabriela,Gutiérrez,González,16-02-1963,61,F,Casado,Técnico,Independiente,Servicios,CayMa,Arequipa,Sur,1767.9,720.13,70917.29,434,Regular,Digital,144,2013-02-18,6,Activo
2902,DNI,91616931,Rodrigo,Martínez,Apaza,23-02-1975,49,M,Soltero,Universitario,Pensionista,Manufactura,Yanahuara,Arequipa,Sur,2216.94,869.53,61984.39,534,Regular,Agencia,107,2016/03/11,8,Activo
2903,DNI,58164946,Roberto ,Cusi,RodRígUez,1980/08/27,44,M,Conviviente,UNIVERSITARIO,Independiente,Construcción,Chiclayo,Lambayeque,Norte,3152.42,1388.44,146637.66,570,Regular,Digital,66,23-07-2019,13,Activo
2904,DNI,91790608,Víctor,Sánchez,Herrera,1993-06-11,31,M,Conviviente,SECUNDARIA,Empleado Público,Transporte,  Cusco,Cusco,Sur,1849.62,1088.5,16548.92,465,Regular,Digital,177,2010-05-23,16,Activo
2905,DNI,67596500,Enrique, Apaza,Rivera,1997/10/24,27,Masculino,Divorciado,Universitario,Empleado Privado,Construcción,Sullana,Piura,Norte,2142.38,1191.16,116532.88,525,Regular,Telemarketing,18,2020-12-07,15,Activo
2906,DNI,16561246,Elena ,Romero,Álvarez,1976/08/10,48,F,Casado,Técnico,Independiente,Finanzas,Tarapoto,San Martín,Oriente,3827.46,1999.36,160270.63,507,regular ,Agencia,143,21/03/2013,23,Activo
2907,DNI,84746978,José,Ramírez,Condori,25-02-1976,48,M,Casado,Secundaria,Empleado Privado,Educación,La Esperanza,La Libertad,Norte,1995.49,1002.21,27297.51,478,Regular,Campaña Institucional,46,21/02/2021,9,Activo
2908,DNI,27291714,Iván,Rodríguez,Gutiérrez,28-08-1980,44,M,Soltero,Secundaria,Independiente,Construcción,Huancayo,Junín,Centro,2874.94,1305.88,73325.05,509,Regular,Digital,10,2019-12-30,18,Bloqueado
2909,DNI,31349460,Alejandro,Condori,Chávez,1984/12/07,40,M,Casado,Secundaria,Independiente,Tecnología,Chimbote,Ancash,Centro,1763.44,780.7,49944.14,657,REGULAR,Agencia,44,20-09-2020,21,Activo
2910,CE,423115479,Patricia,Sánchez,Morales,1972-04-10,52,F,Casado,Universitario,Pensionista,Comercio,Pisco,Ica,Sur,1329.78,574.98,22125.47,1200,Regular,Agencia,56,2020/05/23,20,Activo
2911,DNI,53954328,Fabiola,Cusi,Condori,1988/02/08,36,F,Soltero,Universitario,Estudiante,Servicios,Cayma,Arequipa,Sur,850.0,344.26,44897.94,491,Regular,Telemarketing,5,2020/12/25,6,Activo
2912,DNI,14876427,FaBiOlA,Reyes,Cusi,2004-05-16,20,F,Soltero,Universitario,Independiente,Finanzas, Miraflores ,Lima,Lima y Callao,850.0,573.44,18749.41,416,Regular,Agencia,1,2022/06/05,3,Activo
2913,DNI,40116280,Iván,Huanca,López,1980-06-11,44,M,Soltero,Técnico,Independiente,Comercio,Arequipa,Arequipa,Sur,2002.27,1144.34,81258.54,571,Regular,Telemarketing,38,2021-09-21,7,Activo
2914,DNI,88906650,Isabel,SÁNCHEZ  ,Laime,2000-05-14,24,F,Casado,Técnico,Empresario,Transporte,Santiago de Surco,Lima,Lima y Callao,3156.05,1831.42,130481.44,565,Regular,Agencia,117,2015/05/08,2,Bloqueado
2915,DNI,99543161,Ana, FLORES,Castro,27/01/1981,43,F,Viudo,Universitario,Empresario,Finanzas,Sullana,Piura,Norte,9827.51,3994.25,113713.67,636,Premium,Digital,114,2015-08-11,15,Inactivo
2916,CE,922946897,Lucía,Torres,Condori,1991/07/04,33,F,Casado,Secundaria,Independiente,Educación,San Juan de Lurigancho,Lima,Lima y Callao,2027.08,1137.82,41668.77,458,REGULAR,Referido,76,2018-09-13,1,Activo
2917,DNI,66557195,Juan,López,Pérez,2004-12-26,20,M,Conviviente,Técnico,Empresario,Construcción,Cusco,Cusco,Sur,,1706.88,223716.81,526,Regular,Digital,60,2020-01-13,16,Activo
2918,CE,372725906,Ricardo,Cusi,Álvarez,1976/08/05,48,M,Conviviente,Técnico,Empleado Privado,Manufactura,Iquitos,Loreto,Oriente,-4058.15,2041.74,137241.96,479,Regular,Agencia,169,24-01-2011,22,Activo
2919,DNI,86131103,Carmen,Martínez, Rodríguez ,1990-03-05,34,F,Conviviente,Postgrado,Independiente,Comercio,Wanchaq,Cusco,Sur,5326.48,3053.06,90989.35,454,Regular,Digital,47,28-01-2021,17,Inactivo
2920,DNI,95963845,Óscar,Pérez,Rivera,14-12-1979,45,M,Soltero,,Pensionista,Educación,Iquitos,Loreto,Oriente,1144.01,527.62,29464.0,570,Regular,Digital,149,28-09-2012,22,Activo
2921,DNI,8151807,Roberto,Díaz,López,1972-01-10,53,M,Casado,Universitario,Empleado Privado,Manufactura, Sullana ,Piura,Norte,1614.7,842.85,45743.61,437,Regular,Agencia,175,2010/07/22,15,Activo
2922,DNI,10026689,Luis,Chávez,Ramos,1976/06/23,48,M,Casado,Técnico,Empleado Privado,Construcción,Chiclayo,Lambayeque,Norte,2883.53,1810.91,76353.59,472,Regular,Digital,115,2015/07/11,12,Activo
2923,DNI,79447401,Alejandro,González,Gómez,1970/07/08,54,M,Casado,Universitario,Empleado Privado,Transporte,Chiclayo,Lambayeque,Norte,3412.6,1973.6,147845.89,510,regular,Digital,52,2020/08/29,12,Activo
2924,DNI,24023089,Isabel,Chávez,Laime,1973/10/18,51,F,Conviviente,Universitario,Empleado Público,Construcción,Cayma,Arequipa,Sur,1939.92,836.31,41355.7,606,Regular,Agencia,136,24/10/2013,6,Inactivo
2925,DNI,42900940,Sandra,Romero,Sánchez,1992/08/01,32,F,Soltero,Universitario,Estudiante,Agricultura,Iquitos,Loreto,Oriente,850.0,352.12,13365.64,548,Regular,Digital,64,2019/09/11,22,Inactivo
2926,DNI,70249116,Isabel,Díaz,Ramírez,1999-08-09,25,F,Casado,Universitario,Independiente,Agricultura,El Tambo,Junín,Centro,1597.64,1025.4,22070.69,523,Regular,Referido,110,2015/11/21,19,Activo
2927,CE,721782192,Alejandra,Álvarez,Flores,1969/03/09,55,F,Casado,Universitario,Pensionista,Comercio,Sullana,Piura,Norte,1074.73,502.27,59735.66,464,Regular,Digital,156,2012/03/03,15,Activo
2928,DNI,58731113,Pablo,Chávez,Gómez,17/04/1971,53,M,Casado ,Universitario,,Construcción,SULLANA ,Piura,Norte,3670.01,1685.85,99160.06,462,Regular,Agencia,100,2016-10-08,15,Activo
2929,DNI,36823329,José,Chávez,Ramos,15-09-1997,27,M,Casado,Universitario,Empleado Privado,Educación,Cajamarca,Cajamarca,Norte,2825.64,1222.02,101423.95,500,Regular,Agencia,96,2017-01-13,24,Activo
2930,DNI,99717908,Héctor,Romero,Ramos,24-12-1986,38,M,Divorciado,Universitario,Empleado Público,Transporte,Santiago de Surco,Lima,Lima y Callao,2684.99,1267.56,129936.86,463,Regular,Telemarketing,28,2020/09/21,2,Bloqueado
2931,DNI,36132040,Enrique,Sánchez,González,2004/07/06,20,M ,Viudo,Universitario,Independiente,Manufactura,San Juan de Lurigancho,Lima,Lima y Callao,1444.38,623.8,35705.28,456,regular ,Referido,120,2015/02/02,1,Activo
2932,CE,111307366,Roberto,Condori,Sánchez,16/02/1986,38,M,Soltero,Universitario,Empresario,Finanzas,Sullana,Piura,Norte,2775.41,1708.62,106118.19,402,Regular,Referido,145,14/01/2013,15,Activo
2933,DNI,82659700,César,Castro,Romero,1989-04-16,35,M,Casado,Postgrado,Empleado Privado,Servicios,Los Olivos,Lima,Lima y Callao,4225.23,1839.72,117219.34,550,Regular,Campaña Institucional,70,31/03/2019,4,Activo
2934,DNI,27316734,Manuel,Ramírez,Pérez,1968/07/17,56,M,Conviviente,Universitario,Empleado Privado,Tecnología,Chimbote,Ancash,Centro,2095.06,1212.48,65148.47,444,Regular,Telemarketing,5,27/01/2020,21,Activo
2935,DNI,12687370,José,Pérez,Romero,1977-05-01,47,M,Soltero,Técnico,Empresario,Otro,Chimbote,Ancash,Centro,,3337.51,205765.6,549,Premium,Telemarketing,29,28/03/2021,21,Activo
2936,DNI,25983399,Miguel,Herrera,Apaza,2004/02/09,20,M,Soltero,Técnico,Empresario,Otro,Cusco,Cusco,Sur,2841.35,1632.44,147236.38,474,Regular,Digital,143,2013/03/09,16,Activo
2937,DNI,12827756,Eduardo,Rivera,Torres,1977/08/04,47,M,Casado,Técnico,Empleado Privado,Finanzas,Chiclayo,Lambayeque,Norte,4338.66,2911.64,64856.77,507,Regular,Digital,18,2021/09/19,13,Activo
2938,DNI,77301423,Diego,Castro,Quispe,1979-09-18,45,M,Casado,Secundaria,Pensionista,Otro,Trujillo,La Libertad,Norte,1108.66,-476.92,52356.76,527,Regular,Digital,42,2020/01/18,10,Activo
2939,DNI,48605641,César,González,Rojas,1979-11-01,45,M,Soltero,Universitario,Independiente,Educación,Cusco,Cusco,Sur,2497.33,1336.78,76597.39,477,Regular,Digital,136,2013-10-08,16,Inactivo
2940,DNI,1480681, Jorge,Huanca,Flores,1982-03-02,42,M,Soltero,Técnico,Empleado Privado,Transporte,Chiclayo,Lambayeque,Norte,3629.26,1515.77,214292.5,504,Regular,Telemarketing,106,17/04/2016,12,Activo
2941,Pasaporte,432260278,Carlos,Reyes,Rojas,23-09-1978,46,M,SOLTERO,Técnico,,Construcción,Víctor Larco Herrera,La Libertad,Norte,6150.24,2626.69,104090.81,515,Premium,Agencia,6,25-07-2020,11,Activo
2942,DNI,23071056,Isabel,Reyes,Romero,22/07/1990,34,F ,Soltero,Universitario,Independiente,Educación,Wanchaq,Cusco,Sur,4066.32,2826.1,184106.17,403,Regular,Digital,124,28/09/2014,17,Activo
2943,DNI,55075764,Pablo,Huanca,VaRgAs,1995-01-29,29,M,Soltero,Técnico,Empleado Privado,Manufactura,Cusco,Cusco,Sur,3037.33,1859.28,124291.36,497,Regular,Telemarketing,180,2010-03-12,16,Activo
2944,DNI,54519160,Iván,Torres,Laime,1997/06/20,27,M,Soltero,Secundaria,Empleado Privado,Construcción,Santiago de Surco,Lima,Lima y Callao,2084.85,1358.05,94286.45,431,Regular,Agencia,73,2018-12-09,2,Activo
2945,DNI,17814808,Diana,Castro,Huanca,1988-03-10,36,F,Casado,Postgrado,Independiente,Transporte,Yanahuara,Arequipa,Sur,4309.11,2216.52,64592.13,521,Regular,Campaña Institucional,72,2019-01-04,8,Activo
2946,DNI,36875741,Rosa,Ramos,Álvarez,1983-03-04,41,F,Soltero,Secundaria,Empleado Privado,Tecnología,Los Olivos,Lima,Lima y Callao,2151.46,1479.58,109454.01,411,regular ,Digital,178,2010-05-17,4,Activo
2947,DNI,80862835,Gabriela,Ramos,Mamani,1965-12-10,59,F ,Divorciado,Tecnico,Empleado Público,Salud,Yanahuara,Arequipa,Sur,3018.39,1692.47,127647.39,495,Regular,Agencia,155,2012-04-07,8,Activo
2948,DNI,53241266,Fernando,Pérez,Pérez,1974-10-12,50,M,Casado,Secundaria,Pensionista,Otro,Chimbote,Ancash,Centro,1080.56,432.69,27493.91,481,Regular,Agencia,150,2012-08-10,21,Activo
2949,DNI,12015026,José,Martínez,García,15/01/1977,47,M,Conviviente,Universitario ,Empleado Privado,Transporte,Miraflores,Lima,Lima y Callao,2040.43,1133.2,100711.92,475,Regular,Agencia,18,2021/06/16,3,Activo
2950,DNI,76468809,Alejandra,Romero,Pérez,1981-02-15,43,F,Soltero,Universitario,Empleado Privado,Finanzas,Chiclayo,Lambayeque,Norte,2235.7,1488.54,54110.51,525,Regular,Referido,35,2022/01/19,12,Activo
2951,DNI,81122314,Enrique,Sánchez,Condori,1960-07-12,64,M,Soltero,Universitario,Empresario,Manufactura,Los Olivos,Lima,Lima y Callao,4255.89,2616.46,119137.11,446,Regular,Digital,52,2020/09/08,4,Activo
2952,DNI,52657005,Andrés,Herrera,Gutiérrez,2004-04-02,20,M,Casado,Universitario,Empleado Privado,Agricultura,Cajamarca,Cajamarca,Norte,2201.58,1534.01,82136.74,417,Regular,Agencia,163,2011/07/14,24,Inactivo
2953,DNI,39561361,Patricia,Martínez,Cusi,1980-11-27,44,F,Casado,Secundaria,Independiente,Comercio,Pisco,Ica,Sur,2597.6,1341.27,117097.79,403,Regular,Agencia,106,2016-04-12,20,Activo
2954,DNI,77571555,Fabiola,  Flores,Torres,2004-10-21,20,F,Casado,Postgrado,Estudiante,Manufactura,Wanchaq,Cusco,Sur,850.0,491.52,47841.83,459,Regular,Digital,99,2016-11-12,17,Activo
2955,DNI,51980959,José,González,Chávez,1988/07/21,36,M,Casado,Postgrado,Empleado Público,Transporte,Tarapoto,San Martín,Oriente,1038.06,658.64,41738.53,522,Regular,Agencia,170,22-12-2010,23,Inactivo
2956,DNI,3302467,Mónica,Rojas,Ramírez,25/01/1967,57,f,Conviviente,Técnico,Empleado Privado,Finanzas,Chiclayo,Lambayeque,Norte,3644.99,1498.46,73291.44,466,Regular,Referido,64,2019/09/29,12,Activo
2957,DNI,29967224,Alejandra,García,Castro,14-08-1982,42,F,Divorciado,Universitario,Empleado Privado,Transporte,Pisco,Ica,Sur,1438.61,780.51,85087.96,544,Regular,Agencia,170,2011/01/12,20,Activo
2958,DNI,57058334,Fernando,Ortiz,Díaz,20-08-1982,42,M,Viudo,Postgrado,Independiente,Manufactura,Miraflores,Lima,Lima y Callao,850.0,348.23,42471.98,468,Regular,Digital,170,13/01/2011,3,Activo
2959,DNI,36934115,José,Reyes,Rojas,1977-04-02,47,M,Soltero,Técnico,Pensionista,Servicios,Tarapoto,San Martín,Oriente,951.89,425.27,38478.79,477,Regular,Digital,48,2021/01/05,23,Activo
2960,DNI,82682725,Marco, Reyes ,Cruz,25-12-1997,27,M,Casado,Postgrado,Empleado Privado,Manufactura,El Tambo,Junín,Centro,3351.39,1338.93,153028.98,431,Regular,Telemarketing,109,2016/01/07,19,Activo
2961,DNI,67317421,Rodrigo,Flores,FLORES,2004/08/16,20,M,Soltero,Secundaria,Empresario,Finanzas,Los Olivos,Lima,Lima y Callao,3825.38,1542.5,124920.98,531,Regular,Telemarketing,95,2017/03/02,4,Activo
2962,DNI,10398688,Víctor,Morales,Álvarez  ,1988/01/07,37,M,Conviviente,Técnico,Independiente,Transporte, Pisco,Ica,Sur,7573.9,4078.49,245723.24,514,Regular,Digital,95,2017/03/02,20,Activo
2963,DNI,42256385,Héctor,Mamani,Jiménez,1971/07/03,55,M,Soltero,Secundaria,Independiente,Manufactura,Cajamarca,Cajamarca,Norte,2196.15,1046.58,46032.36,489,Regular,Agencia,126,25/08/2014,24,Activo
2964,DNI,74154642,Carmen,Ramos,Ortiz,1986-04-11,38,F,Soltero,Tecnico,Independiente,Construcción,Víctor Larco Herrera,La Libertad,Norte,1830.1,1012.31,22142.92,509,Regular,Telemarketing,71,2019/03/02,11,Activo
2965,DNI,78328453,Lucía,García,Mamani,1994/08/07,30,F,Casado,Universitario,Empleado Privado,Finanzas,Wanchaq, CuScO ,Sur,1512.06,899.16,35181.04,406,Regular,Referido,99,2016-11-08,17,Inactivo
2966,DNI,70172151,Juan, GutIérRez,García,30/01/1958,66,M,Casado,Técnico,Empresario,Salud,El Tambo,Junín,Centro,9318.42,5942.94,87817.32,565,Regular,Campaña Institucional,58,2019/12/12,19,Activo
2967,DNI,64923272,Ana,López,Vargas,1995/09/01,29,F,Soltero,Técnico,Independiente,Otro,Iquitos,Loreto,Oriente,3252.4,1495.97,41263.17,463,Regular,Digital,42,2019-12-16,22,Activo
2968,DNI,32537742,Ricardo, Condori ,Laime,1980-09-27,44,M,Soltero,Técnico,Empleado Privado,Salud,Pisco,Ica,Sur,1774.4,915.26,40031.56,498,Regular,Agencia,150,2012/08/26,20,Activo
2969,DNI,85558859,David,Torres,Chávez,1988-07-10,36,M,Casado,Universitario,Empresario,Otro,Chiclayo,Lambayeque,Norte,3458.54,2117.81,100431.14,541,Regular,,11,2021/10/12,13,Activo
2970,DNI,91113083,Eduardo,Mamani,Quispe,2001/01/21,23,M,Soltero,Universitario,Pensionista,Servicios,Chiclayo,Lambayeque,Norte,1124.38,525.67,45058.4,494,Regular,Telemarketing,143,24-03-2013,12,Activo
2971,DNI,10298331,Cecilia,Sánchez,Romero,1993-06-08,31,F,Soltero,Técnico,Empleado Privado,Construcción, El TamBo ,Junín,Centro,1732.49,1182.6,82304.92,457,Regular,Referido,117,2015/05/17,19,Activo
2972,DNI,4380086,Alejandra,Chávez,Cusi,1979-04-07,45,F,Casado,Técnico,Independiente,Otro,San Juan de Lurigancho,Lima,Lima y Callao,2143.0,1183.57,25560.23,515,Regular,Agencia,92,2017-06-03,1,Activo
2973,DNI,54946592,Mónica,Flores,Flores,1961-09-15,63,F,Soltero,Técnico,Independiente,Tecnología,Chiclayo,Lambayeque,Norte,1894.52,1287.03,111288.34,419,Regular,Digital,71,2019-02-07,13,Activo
2974,DNI,25232099,Patricia,Herrera,Quispe,1973/03/12,51,F,Casado,Técnico,Empleado Privado,Salud,Cusco,Cusco,Sur,,3099.84,292682.74,532,Regular,Campaña Institucional,123,19-11-2014,16,Inactivo
2975,DNI,88222724,Juan,Huanca,García,1996/12/03,28,M,Casado,Universitario,Empleado Privado,Manufactura,Trujillo,La Libertad,Norte,2393.29,937.98,125339.23,405,Regular,Telemarketing,12,22/12/2023,10,Activo
2976,DNI,76770373,Isabel ,Mamani,Condori,1975/02/09,49,F,casado,Universitario,Pensionista,Salud,Chiclayo,Lambayeque,Norte,850.0,378.83,9147.7,478,Regular,Referido,60,2020-01-10,12,Activo
2977,DNI,1235782,José,Romero,Torres,1995-01-10,29,M,Conviviente,Secundaria,Pensionista,Finanzas,Iquitos,Loreto,Oriente,993.8,671.85,37742.94,445,Regular,Agencia,104,24/05/2016,22,Inactivo
2978,DNI,41487774, ANA,Cusi,CRUZ  ,1980/08/08,44,F,Casado,Universitario,Empleado Privado,Agricultura,Chiclayo,Lambayeque,Norte,2923.98,1253.1,44795.56,437,Regular,Agencia,174,2010-09-09,12,Activo
2979,DNI,7964481,Manuel,García,Cusi,22-03-1975,49,M,Casado,Técnico,Empresario,Transporte,Santiago de Surco,Lima,Lima y Callao,5865.84,3958.74,206765.71,470,Regular,Campaña Institucional,151,13/07/2012,2,Activo
2980,DNI,73760278,Claudia,González,Gómez,1956/07/22,68,F,casado,Postgrado,Empleado Privado,Manufactura,San Juan de Lurigancho,Lima,Lima y Callao,4326.42,-2911.65,40951.79,510,Regular,Agencia,50,15/10/2020,1,Activo
2981,DNI,86743604,Valeria,Condori,Reyes,27/02/1966,58,F,Casado,Universitario ,Empleado Público,Tecnología,Pisco,Ica,Sur,4942.49,1940.96,221103.19,528,Regular,Agencia,33,2022/03/31,20,Activo
2982,Pasaporte,188806951,Adriana,Torres,Romero,1978-08-03,46,F,Conviviente,Técnico,Empleado Privado,Finanzas,El Tambo,Junín,Centro,1790.66,1217.13,18025.49,484,Regular,Agencia,76,2018/09/12,19,Activo
2983,DNI,64610781,José,Romero,Díaz,1986/01/03,39,M,Soltero,Técnico,Empleado Público,Finanzas,Cajamarca,Cajamarca,Norte,,1121.59,111014.01,521,Regular,Agencia,100,2016/09/21,24,Activo
2984,DNI,91418562,Andrés,Condori,Choque,27-04-1976,48,M,Soltero,Postgrado,Empleado Privado,Tecnología,Tarapoto,San Martín,Oriente,3353.5,2231.23,38177.82,432,regular ,Telemarketing,38,2021/11/02,23,Activo
2985,DNI,94195130,Diego,Gómez,López,1994/12/22,30,M,Casado,Técnico,Empleado Privado,Construcción,Trujillo,La Libertad,Norte,1970.37,837.34,99790.32,453,Regular,Telemarketing,165,29-05-2011,10,Activo
2986,DNI,26303078,David,Rivera,Rodríguez,1970-07-11,54,M,Conviviente,Técnico,Empresario,Salud,Huancayo,Junín,Centro,-3114.23,1827.77,166248.51,507,Regular,Agencia,51,2020/10/05,18,Activo
2987,DNI,12331603, Patricia ,Gutiérrez,Rojas,24-11-1971,53,F,Soltero,Universitario,Empleado Privado,Finanzas,Cusco,Cusco,Sur,2656.04,1786.22,110498.15,530,Regular,Agencia,157,2012/01/11,16,Activo
2988,DNI,40276177,Ricardo,Pérez,PÉREZ,14/08/1984,40,m,Casado,Secundaria,Empresario,Tecnología,Santiago de Surco, Lima ,Lima y Callao,,4315.24,301811.76,500,Premium,Digital,131,2014-03-04,2,Activo
2989,DNI,16214276,David,Ortiz,Ramírez,1974-02-09,50,M,Casado,Técnico,Empleado Privado,Salud,Miraflores,Lima,Lima y Callao,1395.21,857.58,59720.76,477,Regular,Telemarketing,123,2014/11/03,3,Activo
2990,DNI,6114106,Enrique,Ortiz,  Torres,17/06/1979,45,M,Conviviente,Técnico,Empleado Privado,Tecnología, MiRaFlOrEs,Lima,Lima y Callao,3804.0,1826.6,164618.37,577,Regular,Agencia,73,28/12/2018,3,Activo
2991,DNI,70923879,Carmen,Ramírez,Gutiérrez,1987-09-03,37,F,Viudo,Universitario,Empleado Público,Construcción,Trujillo,La Libertad,Norte,3668.97,1834.86,217704.64,466,regular,Digital,105,2016/05/07,10,Activo
2992,DNI,17013588,Claudia,Medina,Romero,1967/06/04,57,F,Conviviente,Universitario,Empresario,Servicios,Trujillo,La Libertad,Norte,10431.64,5958.71,391712.2,496,Regular,Agencia,38,2021-11-06,10,Inactivo
2993,DNI,16188041,Patricia,Ortiz,Choque,23-03-1979,45,F,Soltero,Postgrado,Independiente,Servicios, wanchaq, Cusco ,Sur,,1508.36,123117.56,526,Regular,Referido,121,2015/01/20,17,Activo
2994,DNI,69778034,Héctor,García,Castro,22/01/1985,39,M,CASADO,Secundaria,Empleado Privado,Educación,El Tambo,Junín,Centro,2387.2,1447.43,36084.13,558,Regular,Referido,100,29/09/2016,19,Activo
2995,DNI,71771556,Diana,Ramos,Cusi,1984-09-12,40,F,Soltero,Universitario,Empleado Público,Educación,Huancayo,Junín,Centro,2892.25,1507.85,109797.19,493,Regular,Agencia,88,2017/09/25,18,Activo
2996,DNI,99326343,Mónica,Medina,Cruz,1963-11-23,61,F,Soltero,Secundaria,Empresario,Construcción,Huancayo,Junín,Centro,4367.58,2973.4,57807.5,504,Regular,Agencia,153,19/05/2012,18,Activo
2997,DNI,97332471,Carlos,Torres,Jiménez,1964/11/02,60,M,Casado,Secundaria,Empleado Privado,Tecnología,Santiago de Surco,Lima,Lima y Callao,2591.13,1620.71,93444.07,603,Regular,Telemarketing,18,2020/01/28,2,Bloqueado
2998,DNI,81885840,Elena,Rojas,Mamani,16-09-1972,52,F,Casado,Universitario,Independiente,Agricultura,El Tambo,Junín,Centro,2251.29,992.32,106415.29,402,Regular,Agencia,115,2015-06-28,19,Activo
2999,DNI,89701542,Adriana,Choque,Jiménez,24/02/1983,41,F,Conviviente,Secundaria,Empleado Público,Otro,Wanchaq,Cusco,Sur,2180.99,976.86,62187.3,570,Regular,Digital,112,2015-09-28,17,Activo
3000,DNI,36889089,Silvia,Herrera,HerRerA,1963-05-18,61,F,Casado,Técnico,Empleado Público,Manufactura,Santiago de Surco,Lima,Lima y Callao,1835.31,1080.07,92141.28,577,Regular,Telemarketing,13,2021-01-03,2,Activo
3001,DNI,15309127,Diego,Huanca,Álvarez,1973-05-27,51,M,Divorciado,Universitario,Independiente,Manufactura,Chimbote,Ancash,Centro,5280.81,2283.36,257834.17,534,Premium,Telemarketing,65,2019-08-07,21,Activo
3002,CE,674507162,José,Flores,HuaNca,2004-11-02,20,M,Soltero,Secundaria,Empleado Privado,Transporte,San Juan de Lurigancho,Lima,Lima y Callao,2196.14,1459.67,69444.05,390,Regular,Agencia,146,16-12-2012,1,Activo
3003,DNI,565553,Daniela,Castillo,Romero,21/07/1985,39,F,Soltero,Universitario,Pensionista,Comercio,Los Olivos,Lima,Lima y Callao,1515.5,773.64,64498.05,498,Regular,Digital,29,14-09-2020,4,Activo
3004,DNI,33592423,Víctor,Reyes,Apaza,25/05/1969,55,M,Casado,tecnico,Empleado Privado,Construcción,Cusco,Cusco,Sur,3711.89,2196.58,195300.58,438,Regular,Agencia,168,2011-02-15,16,Activo
3005,DNI,93839543,Rosa,Mamani,GoNzÁlEz ,18-12-2004,20,F,Soltero,tecnico,Empleado Público,Salud,Tarapoto,San Martín,Oriente,1866.26,999.89,106179.27,461,Regular,Referido,32,29-04-2022,23,Activo
3006,DNI,91931873,Sofía,López,Reyes,24/04/1994,30,F,Soltero,Universitario,Empleado Privado,Transporte,Wanchaq,Cusco,Sur,1106.4,442.42,30029.48,426,Regular,Agencia,119,27-02-2015,17,Inactivo
3007,DNI,38983333,José,Ramírez,Díaz,1985-09-06,39,M,Casado,Universitario,Empleado Privado,Manufactura,Cajamarca,Cajamarca,Norte,3883.29,1507.79,104544.64,496,Regular,Referido,146,2012/12/10,24,Activo
3008,DNI,81488059, Ana ,Vargas,Choque,26/10/1963,61,F,Casado,Técnico,Independiente,Educación,Wanchaq,Cusco,Sur,,834.71,49699.6,561,Regular,Digital,155,17-03-2012,17,Activo
3009,DNI,4280489,Roberto,Quispe,Díaz,1992-12-16,34,M,Soltero,Secundaria,Empleado Privado,Agricultura,Santiago de Surco,Lima,Lima y Callao,,1841.02,93676.83,467,Regular,Telemarketing,72,2019-01-07,2,Activo
3010,DNI,30376049,FERNANDO ,  Quispe,Huanca,1970-03-12,54,M,Soltero,Universitario,Independiente,Salud,La Esperanza,La Libertad,Norte,3128.02,1428.42,28104.52,469,Regular,Digital,115,2015/06/27,9,Activo
3011,CE,225578419,Alejandra,Romero,Reyes,21/11/1983,41,F,Soltero,Secundaria,Empleado Privado,Construcción,Cajamarca,Cajamarca,Norte,2507.66,994.8,42658.7,513,Regular,Agencia,18,2020-07-01,24,Activo
3012,DNI,95724168,Isabel,Castro,González,1997/03/29,27,F,Casado,Universitario,Empleado Público,Otro,San Juan de Lurigancho,Lima,Lima y Callao,1848.48,1214.19,99436.39,505,Regular,Digital,158,15/12/2011,1,Activo
3013,DNI,5347492,Silvia,Medina,Laime,26-04-1982,42,F,Conviviente,Universitario,Estudiante,Manufactura,Chiclayo,Lambayeque,Norte,1127.73,455.25,11295.73,527,Regular,Agencia,52,2020/08/31,12,Activo
3014,DNI,26745339,Paola,Cruz,Gutiérrez,1983-07-14,41,F,Casado,Técnico,Empleado Público,Finanzas,Iquitos,Loreto,Oriente,2283.72,920.08,44915.86,522,Regular,Digital,7,2021/03/12,22,Activo
3015,DNI,63861716,María,Gómez,Mamani,1978-11-23,46,F,Casado,Secundaria,Empleado Privado,Tecnología,Cusco,Cusco,Sur,1177.93,776.39,37144.44,474,Regular,Telemarketing,180,15/03/2010,16,Activo
3016,DNI,83542113,Diego,Condori,Sánchez,2000/12/23,24,M,Conviviente,Universitario,Independiente,Otro,Víctor Larco Herrera,La Libertad,Norte,4927.96,2114.5,204409.95,462,Regular,Agencia,4,2024-08-27,11,Activo
3017,DNI,52279110,Marco,Ortiz,Chávez,1985/12/30,39,M,Casado,Técnico,Empleado Privado,Transporte,Pisco,Ica,Sur,4358.56,2294.67,163827.97,510,Regular,Agencia,141,2013/05/24,20,Activo
3018,DNI,23204204,Ricardo,García,Gómez,1996/02/08,28,M,Soltero,Universitario,Pensionista,Salud,Cajamarca,Cajamarca,Norte,910.51,347.97,27336.88,445,Regular,Telemarketing,104,2016-05-22,24,Activo
3019,DNI,32008587,Marco,Condori,Vargas,13/12/2003,21,M ,Casado,Secundaria,Estudiante,Finanzas,Trujillo,La Libertad,Norte,850.0,377.72,28129.53,443,Regular,Agencia,87,2017/11/08,10,Activo
3020,DNI,58357178,Héctor,Medina,Ramos,1984/09/20,40,M,Divorciado,,Empleado Privado,Tecnología,Lima,Lima,Lima y Callao,1336.89,561.89,18764.23,546,Regular,Referido,7,2024/05/17,5,Activo
3021,DNI,90175017,Paola,Díaz,Ortiz,1984-04-01,40,F,Casado,Técnico,Empleado Privado,Transporte,Cusco,Cusco,Sur,2858.34,1607.79,100103.11,507,Regular,Agencia,68,28-05-2019,16,Activo
3022,DNI,80120039,Ángela,Condori,Torres,1992-07-09,32,F,Soltero,Universitario,Empleado Público,Otro,San Juan de Lurigancho,Lima,Lima y Callao,2340.8,1209.66,56586.92,472,Regular,Telemarketing,172,2010-10-27,1,Activo
3023,DNI,85037219,Juan,Ramos,Romero,15-06-1993,31,M,Soltero,Técnico,Empleado Privado,Servicios,Trujillo,La Libertad,Norte,3477.96,2014.41,81500.2,555,Regular,Digital,10,2021/06/02,10,Activo
3024,DNI,43221563,Rocío,Ramírez,Álvarez,1975/01/05,50,F,Divorciado,Técnico,Independiente,Manufactura,Huancayo,Junín,Centro,4719.29,2223.73,76224.99,475,Regular,Campaña Institucional,128,2014/06/20,18,Inactivo
3025,DNI,99557553,ALEJANDRO,Flores,Jiménez,2002-11-02,22,m,Divorciado,UNIVERSITARIO,Empresario,Transporte,Trujillo,La Libertad,Norte,11899.69,6452.52,307406.01,609,Premium,Agencia,54,2020/07/03,10,Inactivo
3026,DNI,92022212,Gabriela,González, Díaz,1964-03-27,60,F,Soltero,Universitario,Empresario,Otro,La Esperanza,La Libertad,Norte,5328.63,3724.81,173262.55,477,Regular,Agencia,64,25-09-2019,9,Activo
3027,Pasaporte,600520610,Ángela,Ramírez,Apaza ,1995/04/27,29,F,Divorciado,Universitario,Estudiante,Servicios,Santiago de Surco,Lima,Lima y Callao,850.0,488.28,27746.81,459,Regular,Telemarketing,174,2010/09/11,2,Activo
3028,DNI,77364217,Óscar,Huanca,Mamani,1963/01/30,61,M,Casado,Universitario,Independiente,Otro,Yanahuara,Arequipa,Sur,2415.84,1178.73,131604.3,531,Regular,Digital,141,2013/05/21,8,Inactivo
3029,DNI,38086919,Héctor,Rodríguez,Gutiérrez,20-01-1966,58,M,Conviviente,Universitario,Independiente,Finanzas,Cajamarca,CaJaMaRcA,Norte,1970.48,998.48,24962.0,622,Regular,Telemarketing,76,2018/09/08,24,Activo
3030,CE,23362864,Andrés,Castillo,Ramírez,1959/06/01,65,M,Conviviente,Secundaria,Independiente,Finanzas,San Juan de Lurigancho,Lima,Lima y Callao,2498.22,1459.42,84395.22,483,Regular,Agencia,7,30-05-2023,1,Activo
3031,DNI,36571688,Iván,Cruz,González,1974/02/04,50,M,Casado,Secundaria,Empleado Privado,Otro,Piura,Piura,Norte,2539.1,1530.88,140167.11,436,Regular,Agencia,168,2011-03-07,14,Activo
3032,DNI,38171747,Luis,Cusi,Jiménez,19-07-1967,57,M,Soltero,Universitario,Empleado Privado,Comercio,Wanchaq,Cusco,Sur,5827.5,2913.52,193555.66,525,Premium,Referido,125,29/08/2014,17,Activo
3033,DNI,76207266,Claudia,Flores,Apaza,1998/07/02,26,F,Viudo,Universitario,Empleado Privado,Servicios,Lima,Lima,Lima y Callao,1353.59,900.06,28315.46,467,Regular,Telemarketing,51,2020-10-23,5,Activo
3034,DNI,87422434,Valeria,Gómez,Sánchez,18/04/1988,36,F,Casado,Universitario,Empleado Público,Manufactura,Chiclayo,Lambayeque,Norte,1757.3,875.53,69025.34,553,Regular,Referido,55,2020/06/07,13,Activo
3035,DNI,54589601,Fabiola,Rivera,ÁlVaReZ,1974/09/22,50,F,Casado,Universitario,Empresario,Salud,La Esperanza,La Libertad,Norte,13907.93,6651.74,327874.31,488,VIP,Referido,29,16-07-2022,9,Activo
3036,DNI,71071780,Diego,Vargas,Castro,18/06/1987,37,M,Casado,Técnico,Independiente,Comercio,Arequipa,Arequipa,Sur,3816.77,2671.53,187234.27,507,Regular,Agencia,80,27-05-2018,7,Activo
3037,DNI,79667581,Fernando,González,Ortiz,1964-06-18,60,M,Casado,Técnico,Independiente,Agricultura,San Juan de Lurigancho,Lima,Lima y Callao,3557.09,2250.94,36988.4,618,Regular,Referido,115,2015-07-10,1,Activo
3038,DNI,61204597,Silvia,Medina,Rivera,16/09/1976,48,F,Casado,Técnico,Empleado Público,Otro,Iquitos,Loreto,Oriente,3373.84,2035.38,94499.4,500,Regular,Campaña Institucional,64,2019/09/15,22,Activo
3039,DNI,55652927,David,Rodríguez,Rojas,16-02-1982,42,M,Casado,Secundaria,Independiente,Manufactura,Pisco,Ica,Sur,4412.29,2169.37,54818.13,580,Regular,Digital,171,2010/11/16,20,Activo
3040,DNI,2786263,Diana,Gutiérrez,Castro,1974-05-12,50,F,Conviviente,Universitario,Empleado Público,Agricultura,Huancayo,Junín,Centro,2164.75,1244.19,118766.71,595,Regular,Telemarketing,61,2019/12/10,18,Activo
3041,DNI,11906773,Ana,Díaz,Romero,2004-04-12,20,F,Conviviente,Universitario,Estudiante,Construcción,Miraflores,Lima,Lima y Callao,850.0,408.24,20049.81,489,Regular,Referido,46,2020-12-08,3,Activo
3042,DNI,38400811,Sofía,Quispe,Álvarez,1982-11-10,42,F,Viudo,Técnico,Empleado Privado,Construcción,El Tambo,Junín,Centro,3855.46,1887.34,178047.41,494,Regular,Agencia,171,2010/11/21,19,Activo
3043,Pasaporte,453383733,Paola, CasTro ,Álvarez,1976/05/11,48,F,Soltero,Universitario,Empleado Público,Otro,Huancayo,Junín,Centro,1592.69,962.74,21141.3,546,Regular,Referido,100,20-09-2016,18,Activo
3044,DNI,44127579,Fernando,Pérez,Martínez,19-05-1971,53,M,Casado,Secundaria,Empleado Público,Salud,Yanahuara,Arequipa,Sur,3724.74,1642.61,100972.75,637,Regular,Referido,148,22-10-2012,8,Activo
3045,DNI,67004758,Adriana,Díaz,Castillo,1969-10-20,57,F,Casado,Universitario,Empresario,Servicios,Sullana,Piura,Norte,6862.81,2765.63,55235.66,435,Regular,Campaña Institucional,92,2017-06-01,15,Activo
3046,DNI,1083015,Iván,Quispe,Martínez,1989/03/10,35,M,Soltero,Universitario,Empleado Privado,Otro,Chiclayo,Lambayeque,Norte,2449.06,1657.57,131664.36,535,Regular,Digital,51,2020-10-06,13,Inactivo
3047,DNI,19628419,Iván,Rodríguez,Martínez,26-07-1990,34,M,Soltero,Técnico,Empleado Público,Educación,Arequipa,Arequipa,Sur,2725.76,1068.45,97321.89,496,Regular,Digital,143,2013-03-13,7,Activo
3048,DNI,53893356,Roberto,Morales,Rivera,1985-02-05,39,M,Soltero,Técnico,Independiente,Finanzas,Víctor Larco Herrera,La Libertad,Norte,2712.77,1699.92,49599.29,462,Regular,Agencia,124,2014/10/12,11,Activo
3049,DNI,56879673,Mónica,Morales,Sánchez,1988/04/06,36,F,Casado,Universitario,Independiente,Finanzas,Chiclayo ,Lambayeque,Norte,850.0,574.01,27259.95,462,Regular,Agencia,159,16/11/2011,13,Activo
3050,DNI,34878648,Silvia,Apaza,Vargas,1988/01/23,36,FEMENINO,SOLTERO,Secundaria,Independiente,Servicios,Lima,Lima,Lima y Callao,1551.2,1080.79,47616.31,500,Regular,Digital,31,17/05/2022,5,Activo
3051,DNI,95788083,Patricia,Medina,Ramos,1975/11/11,49,F,Casado,Técnico,Independiente,Construcción,Santiago de Surco,Lima,Lima y Callao,2889.09,1242.97,144972.67,554,Regular,Referido,94,26-03-2017,2,Activo
3052,DNI,50917926,Adriana,Cusi,Gómez,31/05/1976,48,F,Conviviente,Secundaria,Empleado Público,Tecnología,Tarapoto,San Martín,Oriente,1960.43,1263.5,60162.66,490,Regular,Referido,117,22/05/2015,23,Activo
3053,DNI,36540197,Cecilia,López,Medina,1979/02/15,45,F,Soltero,Secundaria,Independiente,Construcción,Lima,Lima,Lima y Callao,3563.85,1625.12,61997.51,571,Regular,Agencia,50,2020-11-09,5,Activo
3054,DNI,38927334,Lucía,Gómez,Torres,1968/06/27,56,F,Conviviente,,Empleado Privado,Transporte,Iquitos,Loreto,Oriente,2403.2,964.93,56136.41,503,Regular,Digital,161,2011-10-08,22,Activo
3055,DNI,66390742,Óscar,Gómez,MoRaLeS,1974-11-03,50,M,Casado,Técnico,Empleado Público,Manufactura,La Esperanza,La Libertad,Norte,3430.73,2179.11,104046.17,573,Regular,Digital,39,30/03/2020,9,Activo
3056,DNI,9314173,Jorge,Apaza,Rodríguez,1984-01-07,41,M,Casado,Técnico,Empleado Privado,Servicios,Chimbote,Ancash,Centro,1510.01,681.32,49174.69,429,Regular,Agencia,174,24-08-2010,21,Activo
3057,DNI,52385897,Luis,Choque,Ortiz,1979/07/21,45,M,Soltero,Secundaria,Estudiante,Educación,El Tambo,Junín,Centro,850.0,399.07,35694.96,428,Regular,Digital,114,2015-08-10,19,Activo
3058,DNI,64439015,Héctor,Cruz,ROMERO,1982/01/16,42,M ,Casado,Técnico,Independiente,Finanzas,Yanahuara,Arequipa,Sur,3627.67,1397.21,32068.29,426,Regular,Telemarketing,27,2022/08/27,8,Activo
3059,DNI,89364590,Sandra,Ramírez,Castro,14/07/1969,55,F,Soltero,Universitario,Empleado Privado,Comercio,Wanchaq,Cusco,Sur,2590.62,1492.89,36636.6,576,Regular,Referido,19,13-02-2020,17,Activo
3060,DNI,21747267,Fabiola,González,Díaz,1989/08/17,35,F,Soltero,Técnico,Empleado Público,Comercio,San Juan de Lurigancho,Lima,Lima y Callao,1325.24,816.31,36903.27,469,Regular,Campaña Institucional,99,2016/11/02,1,Activo
3061,DNI,97073421,Alejandra,Huanca,Flores,1984/05/09,40,F,Casado,Postgrado,Independiente,Tecnología,Arequipa,Arequipa,Sur,1749.85,854.46,103900.45,471,Regular,Digital,141,20-05-2013,7,Inactivo
3062,CE,420566807,Víctor,Condori,Ramírez,1978-10-02,46,M,Soltero,tecnico,Independiente,Construcción,Cajamarca,Cajamarca,Norte,2131.36,1203.09,102656.04,489,Regular,Agencia,96,2017/02/04,24,Activo
3063,DNI,4605100,Roberto,Cusi,García,2003/06/29,21,M,Soltero,universitario ,Empleado Privado,Finanzas,Arequipa,Arequipa,Sur,,2018.13,29115.6,452,Regular,Agencia,102,2016-08-12,7,Activo
3064,DNI,5935415,Rocío,Mamani,Rivera,1963/06/28,61,F,Conviviente,Universitario,Empleado Privado,Manufactura,Piura,Piura,Norte,2036.9,1046.78,63924.84,414,Regular,Digital,117,2015/05/12,14,Activo
3065,DNI,74651984,César,Chávez,Flores,1963-02-15,63,M,Casado,Universitario,Empleado Privado,Educación,El Tambo,Junín,Centro,3566.8,2026.76,144324.46,445,regular,Agencia,81,18/04/2018,19,Activo
3066,DNI,94172635,María,REYES,Gómez,2001-02-11,23,F,Soltero,Universitario,Independiente,Tecnología,Huancayo,Junín,Centro,5856.17,3263.29,226261.89,543,Premium,Agencia,147,19/11/2012,18,Activo
3067,DNI,29890426, Fernando,Sánchez,Ramos,2004/09/29,20,MASCULINO,Casado,Universitario,Estudiante,Tecnología,Lima,Lima,Lima y Callao,850.0,560.32,8483.49,543,Regular,Digital,90,2017-08-06,5,Activo
3068,DNI,6161312,Eduardo,Medina,Huanca,1988/02/08,36,M,Conviviente,Técnico,Empleado Privado,Tecnología,Iquitos,Loreto,Oriente,2127.41,1207.13,66088.26,462,Regular,Digital,130,2014-04-05,22,Activo
3069,DNI,22338444,Isabel,Pérez,Castro,1996-02-12,28,F,Casado,Secundaria,Empleado Privado,Finanzas,Wanchaq,Cusco,Sur,1085.7,559.31,31414.05,522,Regular,Referido,122,2014-12-16,17,Inactivo
3070,CE,415361451,Manuel,Herrera,Quispe,2004-12-02,20,M,Casado,Universitario,Independiente,Tecnología,San Juan de Lurigancho,Lima,Lima y Callao,2310.59,1486.75,71482.01,503,Regular,Telemarketing,76,2018-09-15,1,Activo
3071,DNI,56100726,Claudia,Flores,Sánchez,22/01/2000,24,F,Soltero,Postgrado,Empleado Público,Tecnología,Santiago de Surco,Lima,Lima y Callao,1259.13,760.39,62638.21,545,Regular,Referido,78,2018/07/10,2,Activo
3072,DNI,28272942,Marco,López,Castro,1976/08/18,48,M,Conviviente,Universitario,Empleado Privado,Servicios,Cajamarca,Cajamarca,Norte,2187.02,1445.55,55766.55,562,Regular,Agencia,74,24-11-2018,24,Activo
3073,DNI,85913375,Sofía,Mamani,Rivera,1968/02/06,56,F,Casado,Universitario,Empleado Privado,Manufactura,Víctor Larco Herrera,La Libertad,Norte,3604.07,2231.14,177876.13,461,Regular,Agencia,154,28/04/2012,11,Activo
3074,DNI,89292476,Fernando,Choque,Cusi,1987/11/26,37,M,Casado,Técnico,Empleado Público,Transporte,Chiclayo,Lambayeque,Norte,2276.58,946.54,88181.35,489,Regular,Digital,113,2015/08/27,13,Activo
3075,CE,136062949,Rodrigo,González,Díaz,28/11/1971,53,M,Soltero,Técnico,Empleado Privado,Otro,Cusco,Cusco,Sur,1436.04,673.7,25499.36,420,Regular,Campaña Institucional,168,2011/03/02,16,Activo
3076,DNI,48933363,David,Vargas,Huanca,1980-06-26,44,M,Casado,Universitario,Independiente,Educación,Cusco,Cusco,Sur,1678.15,951.45,80748.94,454,Regular,Campaña Institucional,81,2018-05-05,16,Bloqueado
3077,DNI,94459596,Eduardo,Huanca,Torres,2004/07/03,20,M,Soltero,Secundaria,Pensionista,Finanzas,Sullana,Piura,Norte,880.06,542.86,33286.91,448,Regular,Telemarketing,127,2014/07/06,15,Activo
3078,DNI,93227697,Carmen,Condori,Chávez,22-11-1975,49,F,Soltero,Universitario,Empresario,Transporte,Víctor Larco Herrera,La Libertad,Norte,6294.96,2678.93,174889.72,518,Regular,Referido,64,2019/09/18,11,Activo
3079,DNI,93945227,Eduardo,Castillo,Cruz,1968-11-09,56,M,Casado,Universitario,Independiente,Servicios,Miraflores ,Lima,Lima y Callao,1029.23,421.49,29752.29,535,Regular,Digital,120,28-01-2015,3,Activo
3080,CE,29620563,Eduardo,Huanca,López,2003-12-09,21,M,Soltero,Técnico,Independiente,Agricultura,Huancayo,Junín,Centro,1090.47,559.54,64434.44,386,Regular,Agencia,136,2013/10/15,18,Activo
3081,DNI,63109687,Iván,Rivera,Romero,1973/12/01,51,M,Conviviente,Técnico,Pensionista,Agricultura,Huancayo,Junín,Centro,1090.38,469.91,53690.36,497,Regular,Agencia,46,21-02-2021,18,Activo
3082,DNI,27731774,Rocío,Apaza,González,1996/06/09,28,F,Casado,Universitario,Empresario,Construcción,Arequipa,Arequipa,Sur,4283.62,1835.75,36616.05,448,Regular,Referido,42,2021-06-24,7,Activo
3083,DNI,40650580,Gabriela,Díaz,Mamani,1978-04-09,46,F,Viudo,Postgrado,Independiente,Otro,Sullana,Piura,Norte,1200.6,636.96,26461.03,564,Regular,Agencia,90,2017/07/25,15,Activo
3084,DNI,7328456,Alejandra,López,Herrera,2003-02-28,21,F,Viudo,Universitario,Empresario,Finanzas,Sullana,Piura,Norte,2972.93,1380.42,146186.95,569,Regular,Agencia,87,2017-11-02,15,Activo
3085,DNI,33497759,Carmen,Mamani,Pérez,1988/12/22,36,F,Divorciado,Técnico,Empleado Público,Educación,Huancayo,Junín,Centro,1190.37,506.82,60874.91,508,Regular,Digital,31,2020-08-15,18,Activo
3086,DNI,23119676,Iván,Chávez,CaStIlLo,22-08-1988,36,M,Casado,Técnico,Independiente,Otro,Chimbote,Ancash,Centro,1239.99,738.1,36366.05,416,Regular,Digital,135,26/11/2013,21,Inactivo
3087,DNI,6977773,Ricardo,Jiménez,Medina,1949/07/09,75,M,Soltero,Universitario,Empleado Privado,Construcción,Cayma,Arequipa,Sur,3139.62,1711.13,171967.65,410,Regular,Digital,131,2014-03-24,6,Activo
3088,DNI,36320154,AlEjAnDrA,Romero,Martínez,24-02-1965,59,F,Casado,Secundaria,Empleado Privado,Agricultura,Santiago de Surco,Lima,Lima y Callao,4364.1,2262.29,55174.51,475,Regular,Referido,171,2010-12-07,2,Activo
3089,DNI,19492651,Silvia,GóMeZ ,Gómez,1994/04/09,30,F,Soltero,Tecnico,Estudiante,Tecnología,Arequipa,Arequipa,Sur,850.0,495.74,36713.37,453,Regular,Agencia,27,2022-09-22,7,Activo
3090,CE,124920184,Fernando,Pérez,Vargas,17/02/2004,20,M,Divorciado,Técnico,Independiente,Finanzas,Huancayo,Junín,Centro,6790.19,2941.84,289899.35,439,Regular,Digital,4,2022/09/29,18,Activo
3091,DNI,84563245,Isabel,López,Álvarez,1965-08-05,59,F,Soltero,Secundaria,Empleado Público,Transporte,Santiago de Surco,Lima,Lima y Callao,3971.93,2122.86,70714.48,481,Regular,Agencia,27,2022/09/30,2,Activo
3092,DNI,72962292,Alejandro,Sánchez,Vargas,1970/09/03,54,M,Soltero,Universitario,Independiente,Educación,Chiclayo,Lambayeque  ,Norte,1612.42,1041.22,56548.32,401,Regular,Digital,176,13/07/2010,12,Activo
3093,DNI,67400184,Luis,Romero,Díaz,30-10-1988,36,M,Casado,Universitario,Empleado Público,Otro,Chiclayo,Lambayeque,Norte,2361.43,1081.11,99814.96,473,Regular,Digital,172,26-10-2010,13,Activo
3094,DNI,65205622,Silvia,Herrera,Díaz,18/07/1986,38,F,Casado,Universitario,Independiente,Servicios,Santiago de Surco,Lima,Lima y Callao,5035.22,1951.22,291838.27,492,Premium,Digital,141,25-05-2013,2,Activo
3095,DNI,60960075,Isabel,Apaza,González,21/02/1993,31,F,Soltero,universitario ,Empresario,Finanzas,Trujillo,La Libertad,Norte,8011.99,4664.29,163781.96,513,Premium,Digital,82,2018-03-18,10,Activo
3096,DNI,30163684,Lucía,González,Quispe,2004/04/21,20,F,Soltero,Universitario,Empleado Privado,Educación,Trujillo,  LA LIBERTAD,Norte,2940.52,1502.68,91398.12,477,Regular,Telemarketing,129,2014/05/26,10,Bloqueado
3097,DNI,72878184,Cecilia,Pérez,Choque,17/03/1982,42,F,Casado,Universitario,Empleado Privado,Salud,PiScO,Ica,Sur,4448.57,2029.35,114397.82,454,Regular,Agencia,112,2015-10-09,20,Activo
3098,DNI,67716418,Isabel,Martínez,Rivera ,1978/06/25,46,F,Soltero,Postgrado,Empresario,Comercio,Pisco,Ica,Sur,2308.07,1237.72,112466.08,536,Regular,Agencia,75,21-10-2018,20,Activo
3099,DNI,98013472,Carmen ,Flores,Cruz,1959-06-12,65,fem,Divorciado,Secundaria,Empresario,Finanzas,San Juan de Lurigancho,Lima,Lima y Callao,3707.81,2322.24,58029.24,495,Regular,Digital,170,2011/01/09,1,Inactivo
3100,DNI,92749914,Cecilia,Medina,Mamani,17/07/1991,33,F,Soltero,Universitario,Empleado Privado,Finanzas, ChiClaYo,Lambayeque,Norte,2832.37,1467.03,53559.86,416,Regular,Campaña Institucional,118,2015-04-23,13,Activo
3101,DNI,71511888,Valeria,Cruz,García,1977-04-06,47,F,Casado,Universitario,Pensionista,Salud,Santiago de Surco,Lima,Lima y Callao,1526.0,673.64,77749.24,522,Regular,Agencia,27,2022/10/04,2,Activo
3102,DNI,66394081,Sofía,Condori,González,2004-09-06,20,F,Casado,Secundaria,Empleado Público,Transporte,La Esperanza,La Libertad,Norte,2618.18,1251.04,47531.07,526,Regular,Campaña Institucional,89,2017-08-29,9,Activo
3103,DNI,1924675,Alejandro,Rivera,Huanca,1973/06/02,51,M,Casado,Técnico,Empleado Público,Finanzas,Pisco,Ica,Sur,2616.47,1248.24,133789.79,533,Regular,Digital,48,25/12/2020,20,Activo
3104,DNI,17037613,Enrique,gonzález  ,Díaz,1970-08-04,54,M,Casado,Técnico,Empleado Privado,Tecnología, LOS OLIVOS ,Lima,Lima y Callao,8129.51,4295.74,484261.13,464,Regular,Campaña Institucional,107,2016-03-08,4,Activo
3105,DNI,75398792,Valeria,Morales,Cusi,1970/09/04,54,F,Casado,Secundaria,,Tecnología,Chimbote,Ancash,Centro,2976.17,1414.26,122163.39,499,Regular,Agencia,119,20-03-2015,21,Inactivo
3106,DNI,66011655,Diego,Gómez,Herrera,2001-01-25,23,M,Casado,Postgrado,Independiente,Transporte,Huancayo,Junín,Centro,1635.53,1079.75,64156.09,402,Regular,Agencia,106,27-03-2016,18,Activo
3107,DNI,6605677,Claudia,Vargas,Herrera,1988-07-04,36,F,Casado,Secundaria,Independiente,Servicios,Santiago de Surco,Lima,Lima y Callao,1031.98,656.84,37439.5,451,Regular,Agencia,173,25/09/2010,2,Activo
3108,DNI,82369109,Eduardo ,Reyes,Cusi,1987-12-24,37,M,Casado,Universitario,Empresario,Salud,Pisco,Ica,Sur,5848.42,3914.93,176054.45,418,Premium,Referido,155,2012/03/11,20,Activo
3109,DNI,68004721,Carmen,Laime,Sánchez,24-06-2000,24,F,Casado,Técnico,Empleado Privado,Otro,Pisco,Ica,Sur,2947.88,1126.45,124787.67,418,Regular,Agencia,29,2020-01-21,20,Activo
3110,DNI,18789005,César,Pérez,Huanca,15-12-1970,54,M,Conviviente,Universitario,Empresario,Agricultura,Víctor Larco Herrera,La Libertad,Norte,7162.84,2744.55,303233.47,568,Regular,Agencia,170,2011/01/03,11,Activo
3111,DNI,43025833,Eduardo,Díaz,Díaz,1966-09-06,58,M,Casado,Técnico,Independiente,Otro,Chimbote,Ancash,Centro,2105.06,1262.22,39903.62,479,Regular,Agencia,22,2021-01-31,21,Activo
3112,DNI,30981107,Cecilia,García,Ortiz,16/02/1972,52,F,Conviviente,Universitario,Independiente,Comercio,Trujillo,La Libertad,Norte,3583.78,1916.36,150728.77,494,Regular,Referido,128,30/05/2014,10,Activo
3113,DNI,57843701,Pablo,Mamani,Apaza,1966-08-12,58,M,Casado,Universitario,Empleado Privado,Otro, Chimbote,Ancash,Centro,2872.04,1998.64,52556.26,514,Regular,Agencia,167,2011/04/08,21,Activo
3114,DNI,51163784,Carmen,Reyes,Rojas,25/09/1982,42,F,Conviviente,Técnico,Empleado Público,Salud,San Juan de Lurigancho,Lima,Lima y Callao,1451.93,1013.99,13430.95,510,Regular,Digital,81,2018/05/06,1,Activo
3115,DNI,32269927,Lucía,Jiménez,Morales,1967/01/09,58,F,Soltero,Universitario,Empleado Privado,Comercio,Piura,Piura,Norte,3989.35,2361.21,57982.37,516,Regular,Agencia,1,27-10-2020,14,Activo
3116,DNI,9965678,María,Huanca,Castillo,30/11/1984,40,F,Casado,,Empresario,Educación,Pisco,Ica,Sur,6889.41,2771.73,334166.29,555,Regular,Agencia,162,2011-08-15,20,Activo
3117,DNI,44221384,Adriana,Apaza,Pérez,1975-06-01,49,F,Divorciado,Técnico,Empleado Privado,Servicios,Cayma,Arequipa,Sur,2540.78,1677.96,25308.2,516,Regular,Referido,152,2012/07/03,6,Inactivo
3118,DNI,93095872,juan  ,López,López,1977-08-17,47,M,Soltero,Secundaria,Independiente,Salud,San Juan de Lurigancho,Lima,Lima y Callao,1195.87,517.81,30140.87,502,Regular,Agencia,49,2020-10-07,1,Activo
3119,DNI,14387443,Lucía,Vargas,Jiménez,2004/06/18,20,F,Casado,Técnico,Independiente,Transporte,San Juan de Lurigancho,Lima,Lima y Callao,2724.23,1108.27,161684.96,491,Regular,Agencia,112,2015/09/28,1,Activo
3120,DNI,25273976,Diego,Álvarez,Morales,1975/01/06,50,M,Casado,Universitario,Empleado Privado,Tecnología,Chiclayo,Lambayeque,Norte,2479.48,1407.71,143520.26,516,Regular,Digital,59,28/01/2020,13,Activo
3121,DNI,14013988,Gabriela,Flores,García,1965/09/19,59,FEMENINO,Casado,Universitario,Estudiante,Construcción,Trujillo,La Libertad,Norte,1316.22,652.82,37426.08,509,Regular,Campaña Institucional,17,15/07/2023,10,Activo
3122,DNI,88856380,Sandra,Quispe,SánCheZ  ,23/04/1981,43,F,Soltero,Universitario,,Transporte,Cayma,Arequipa,Sur,1646.49,760.33,95458.43,405,regular ,Agencia,138,2013-08-03,6,Activo
3123,CE,596487032,Marco,Pérez,Rojas,1986/08/27,38,M,Conviviente,Universitario,Pensionista,Comercio,Tarapoto,San Martín,Oriente,1733.58,1152.19,76969.67,534,Regular,Agencia,24,2022/12/15,23,Activo
3124,DNI,16980681,Héctor,Choque,Choque,1978/04/07,46,M,Soltero,Universitario,Empleado Público,Manufactura,Chiclayo,Lambayeque,Norte,1190.36,515.06,23866.65,508,Regular,Referido,159,2011/12/02,12,Bloqueado
3125,DNI,72355172,Patricia,Gutiérrez,Chávez,1990/06/02,34,F,Casado,Postgrado,Independiente,Tecnología,Piura, Piura,Norte,2761.96,1894.79,70002.11,432,Regular,Agencia,32,2022/05/05,14,Inactivo
3126,DNI,36068447,Alejandra,martínez, jiménez,18-03-1995,29,F,Divorciado,Secundaria,Independiente,Salud,Chiclayo,Lambayeque,Norte,850.0,574.39,47455.06,532,Regular,Agencia,26,2021-10-08,13,Activo
3127,DNI,6480232,Roberto,Medina,Rodríguez,24-10-1987,37,M,Conviviente,universitario ,Independiente,Tecnología,San Juan de Lurigancho,Lima,Lima y Callao,2504.58,1316.58,103089.11,480,Regular,Agencia,115,2015/06/28,1,Activo
3128,DNI,46541124,Isabel,Rodríguez,López,1995/04/06,29,fem,Conviviente,Secundaria,Empleado Público,Construcción,Wanchaq,Cusco,Sur,1149.62,747.27,15097.58,430,Regular,Digital,77,18/08/2018,17,Bloqueado
3129,DNI,18667823,Víctor,Pérez,Morales,31-03-1991,33,M,Divorciado,Universitario,Empleado Privado,Educación,Cayma,Arequipa,Sur,3188.08,1957.12,104084.82,432,Regular,Digital,160,31/10/2011,6,Activo
3130,DNI,97118972,Enrique,Herrera,Chávez,31/01/1962,62,M,Soltero,Universitario,Empresario,Servicios,Chimbote,Ancash,Centro,12232.57,6203.48,384033.82,598,Premium,,170,29/12/2010,21,Activo
3131,DNI,32681361,Sandra,Reyes,Mamani,1984/02/23,40,F,Casado,Universitario,Empleado Público,Finanzas,Lima,Lima,Lima y Callao,3808.28,2002.61,218735.33,495,Regular,Agencia,106,24/03/2016,5,Activo
3132,DNI,74959624,Pablo,Ramírez,Martínez,19-01-1983,41,M,Soltero,Técnico,Estudiante,Construcción,Huancayo,Junín,Centro,850.0,547.36,48678.77,521,Regular,Agencia,40,23/08/2021,18,Activo
3133,DNI,82545143,Silvia,Ramírez,Morales,1975/02/01,49,F,Soltero,Universitario,Empresario,Construcción,La Esperanza,La Libertad,Norte,4541.83,2140.93,197673.53,493,Regular,Agencia,44,2021-05-19,9,Activo
3134,DNI,92834942,Mónica,Ramírez,Martínez,1975/07/19,49,F,Casado,Técnico,Empleado Privado,Construcción,Miraflores,Lima,Lima y Callao,4288.87,1895.04,188910.87,480,Regular,Digital,93,2017/04/24,3,Activo
3135,DNI,3242234,Rodrigo,González,Gutiérrez,2002/03/05,22,M,Soltero,Técnico,Empresario,Otro,Chiclayo,Lambayeque,Norte,4297.53,2177.76,66292.57,515,Regular,Digital,157,2012/02/05,13,Inactivo
3136,DNI,12717209,Patricia,Pérez,Sánchez,27-05-1961,63,F,Casado ,Técnico,,Comercio,Pisco,Ica,Sur,1813.74,901.14,41656.07,490,Regular,,101,14-09-2016,20,Activo
3137,DNI,78625615,Fabiola,Gutiérrez,Díaz,1987-11-25,37,F,Casado,Técnico,Empleado Público,Tecnología,Pisco,Ica,Sur,3491.88,1457.8,165461.41,500,Regular,Campaña Institucional,159,2011-11-14,20,Activo
3138,CE,853674928,Ángela,Castillo,RoDrÍgUeZ,1993-08-16,31,F,Casado,Secundaria,Independiente,Salud,Cajamarca,Cajamarca,Norte,3160.75,1581.05,88917.17,450,Regular,Campaña Institucional,107,2016-02-18,24,Activo
3139,DNI,27064547,Enrique,Díaz,Álvarez,1997/09/10,27,M,Conviviente,Universitario,Empleado Público,Manufactura,Yanahuara,Arequipa,Sur,1308.65,618.28,76595.01,578,Regular,Telemarketing,63,26/10/2019,8,Activo
3140,DNI,91618502,María,Gutiérrez,Mamani,1978/03/08,46,F,Casado,Técnico,Independiente,Comercio,Arequipa,Arequipa,Sur,2590.93,999.56,26111.47,480,Regular,Referido,58,2020-03-01,7,Activo
3141,DNI,6926005,Elena,Reyes,Rodríguez,18/01/1979,45,F,Soltero,Universitario,Independiente,Manufactura,Tarapoto,San Martín,Oriente,2901.92,1549.56,87450.1,509,Regular,Agencia,167,2011-04-12,23,Activo
3142,DNI,82582355,Iván,Condori,Castillo,18/11/1981,43,M,Soltero,Técnico,Empleado Público,Manufactura,Miraflores,Lima,Lima y Callao,3009.58,1399.37,69474.62,511,Regular,Agencia,63,2019/10/05,3,Activo
3143,DNI,631059,Mónica,Sánchez,Huanca,2005-05-08,21,F,Casado,Universitario,Independiente,Transporte,Arequipa,Arequipa,Sur,1380.89,751.19,14264.45,358,Regular,Agencia,137,2013-09-08,7,Activo
3144,CE,338210920,Carlos,Ortiz,Condori,1958/06/12,66,M,Soltero,Secundaria,Empleado Público,Agricultura,Pisco,Ica,Sur,3521.51,1465.29,149039.87,491,Regular,,16,2021-04-03,20,Activo
3145,DNI,39836469,Héctor,Medina,Choque,1986/07/16,38,M,Soltero,Postgrado,Empresario,Otro, WanChaQ,Cusco,Sur,3795.57,2139.44,208716.72,589,Regular,Agencia,155,2012/03/31,17,Activo
3146,DNI,75572705,Ricardo,Apaza ,Flores,2000-10-23,24,M,Casado,Universitario,Independiente,Transporte,Cayma,Arequipa,Sur,2182.05,975.5,89045.03,454,Regular,Agencia,47,25-06-2020,6,Activo
3147,DNI,78871308,Ángela,Cusi,Romero,1973/10/28,51,F,Casado,Universitario,Empleado Privado,Tecnología,Sullana,Piura,Norte,2888.35,1667.61,77169.06,405,Regular,Agencia,128,15-06-2014,15,Activo
3148,DNI,89367061,Juan,Rojas,Castro,1986/09/24,38,M,Casado ,Universitario,Empleado Privado,Salud,Huancayo,Junín,Centro,1698.73,827.41,58474.53,484,Regular,Telemarketing,97,2017/01/01,18,Activo
3149,DNI,583534,Luis,Ramos,López,1965-09-06,59,mas,Casado,Técnico,Empleado Privado,Tecnología,Chiclayo,Lambayeque,Norte,1347.38,752.74,10950.2,467,Regular,Agencia,53,2020/08/22,12,Activo
3150,DNI,83257981,Luis,Gutiérrez,González,28/05/1980,46,M,Conviviente,Técnico,Pensionista,Transporte,Sullana,Piura,Norte,,405.9,45936.17,514,Regular,Referido,100,14/10/2016,15,Activo
3151,DNI,25990401,Daniela,Flores,Ortiz,30-01-1985,39,F ,Casado,Técnico,Independiente,Finanzas,Iquitos,Loreto,Oriente,3048.97,1900.58,118444.66,450,Regular,Referido,110,2015-12-18,22,Activo
3152,DNI,34259512,Isabel,Pérez,CONDORI,16/08/1980,44,F,Conviviente,Universitario,,Finanzas,Trujillo,La Libertad,Norte,4265.97,1875.53,215039.28,454,Regular,Agencia,93,27-04-2017,10,Activo
3153,DNI,735901,Silvia,Condori, Rivera ,1973/11/22,51,F ,Soltero,Universitario,Estudiante,Otro,Huancayo,Junín,Centro,850.0,441.38,30605.67,555,Regular,Agencia,89,2017/09/05,18,Inactivo
3154,DNI,58885573,Marco,Chávez,Pérez,1985/08/31,39,M,Casado,tecnico,Empleado Público,Salud,San Juan de Lurigancho,Lima,Lima y Callao,2401.85,1026.87,113581.29,501,REGULAR,Agencia,47,18/07/2020,1,Activo
3155,DNI,35395956,Iván,Jiménez,Jiménez,1984/12/19,40,M,Casado,Secundaria,,Construcción,Chiclayo,Lambayeque,Norte,3192.9,1891.78,51683.65,515,Regular,Telemarketing,151,2012-07-18,12,Activo
3156,DNI,27737481,Enrique,Huanca,Choque,1997-04-25,27,M,Soltero,Técnico,Independiente,Tecnología,Santiago de Surco,Lima,Lima y Callao,5638.67,2509.81,101929.06,369,Premium,Digital,25,2022/04/10,2,Activo
3157,DNI,87825731,Jorge,Laime,Sánchez,1991/04/07,33,M,Conviviente,Secundaria,Empresario,Construcción,Cayma,Arequipa,Sur,5050.84,2387.11,189905.88,522,Premium,Telemarketing,88,14/09/2017,6,Activo
3158,DNI,1647850,Ricardo,Jiménez,Ramos,1964-12-25,60,M,Viudo,Técnico,Empresario,Comercio,Iquitos ,Loreto,Oriente,2137.4,1062.17,42972.16,506,Regular,Digital,175,2010/08/09,22,Activo
3159,DNI,46548193,Luis,Cusi,Medina,2004-07-09,20,M,Soltero,Universitario,Empleado Público,Comercio,Tarapoto,San Martín,Oriente,,858.79,16204.0,488,Regular,Referido,179,27-03-2010,23,Activo
3160,DNI,50470062,Daniela,Rivera,Vargas,1964/01/01,61,F,Soltero,Universitario,Empleado Privado,Comercio,Pisco,Ica,Sur,3460.9,2212.94,106450.67,574,Regular,,131,2014-03-07,20,Activo
3161,DNI,36044707,Víctor,González,Quispe,27-01-1979,47,M,Conviviente,Universitario,Empleado Privado,Comercio,Pisco,Ica,Sur,2412.78,1338.74,93756.52,420,Regular,Digital,46,16/03/2021,20,Activo
3162,DNI,25982218,VícTor,Medina,Vargas,1979-11-08,45,M,CASADO,Universitario,Empleado Público,Comercio,Huancayo,Junín,Centro,1188.11,671.1,58250.96,581,Regular,Agencia,64,2019/09/27,18,Inactivo
3163,DNI,84978531,Adriana,Ortiz,Gutiérrez,18-07-1984,40,F,Soltero,Secundaria,Empleado Privado,Construcción,San Juan de Lurigancho,Lima,Lima y Callao,5099.05,2930.19,149870.56,463,Premium,Campaña Institucional,63,21-10-2019,1,Activo
3164,DNI,94806209,Claudia,Laime,Morales,1979-03-08,45,F,Casado,Universitario,Independiente,Salud,Iquitos,Loreto,Oriente,2761.43,1151.71,102872.84,490,Regular,Digital,98,2016/12/02,22,Activo
3165,Pasaporte,302068220,MÓNICA,López,Romero,1988/10/21,36,F,Casado,Universitario,Empleado Público,Tecnología,Arequipa,Arequipa,Sur,2356.54,1529.56,128501.4,447,Regular,,49,2020-12-02,7,Activo
3166,DNI,32661038,Sandra,Ortiz, Laime,13-05-1997,27,fem,Soltero,Secundaria,Empleado Público,Educación,Víctor Larco Herrera,La Libertad,Norte,3074.79,1978.27,96060.17,526,Regular,Agencia,39,22-09-2021,11,Activo
3167,DNI,42649770,Ana, RaMíReZ,Herrera,1982/08/01,42,F,Casado,Técnico,Empleado Privado,Transporte,Pisco,Ica,Sur,6548.95,2586.9,244405.12,481,Regular,Agencia,101,2016-08-19,20,Activo
3168,DNI,75941904,Jorge,Huanca,Ortiz,29-10-1967,57,M,Casado,Universitario,Pensionista,Comercio,Los Olivos,Lima,Lima y Callao,1251.81,519.77,47097.21,451,Regular,Digital,150,2012-08-08,4,Activo
3169,DNI,18700749,Isabel,Flores,Flores,16/08/1960,64,F,Divorciado,Universitario,Empleado Privado,Comercio,Chiclayo,Lambayeque,Norte,5453.4,3145.24,191932.47,514,Regular,Agencia,19,13-08-2022,13,Activo
3170,Pasaporte,635924445,Juan,Díaz,Torres,1974/07/06,50,m,Conviviente,Secundaria,Empleado Público,Educación,Víctor Larco Herrera,La Libertad,Norte,-1904.26,1272.28,60969.24,564,Regular,Campaña Institucional,48,2020-02-15,11,Activo
3171,CE,142580742,Isabel,Laime,Sánchez,27-07-2004,20,F,Soltero,Secundaria,Independiente,Manufactura,El Tambo,Junín,Centro,951.75,551.56,38434.23,505,Regular,Campaña Institucional,120,2015-02-07,19,Activo
3172,DNI,42041793,Cecilia,García,García,1985-11-17,39,F,Casado,Técnico,Empleado Privado,Tecnología,Yanahuara,Arequipa,Sur,3087.97,1357.84,63557.65,410,Regular,Agencia,34,2022-02-21,8,Activo
3173,DNI,3331393,Enrique,Condori,Ramos,20/06/1960,64,M,Conviviente,Universitario,Empleado Público,Transporte,Víctor Larco Herrera,La Libertad,Norte,3963.37,2275.47,81935.94,526,Regular,Referido,29,2019/12/08,11,Activo
3174,CE,238658263,Adriana,Romero,Díaz,1987-11-26,37,F,Conviviente,Universitario,Empleado Privado,Educación,Piura,Piura,Norte,4585.6,2971.48,218377.51,593,Regular,Telemarketing,126,2014-07-30,14,Activo
3175,DNI,47551569,Héctor,Reyes,Apaza,1971/06/04,53,M,Casado,Postgrado,Empresario,Construcción,Iquitos,Loreto,Oriente,22870.71,14264.49,509427.33,514,VIP,Agencia,73,2019/01/02,22,Activo
3176,DNI,1982771,Iván,González,Rivera,24-04-1992,32,M,Casado,Técnico,Empresario,Salud,El Tambo,Junín,Centro,2597.6,992.78,151745.91,517,Regular,Digital,22,2020-11-02,19,Inactivo
3177,DNI,15657437,Mónica,Castro,Torres,24/10/1980,44,F,Conviviente,Técnico,Empleado Privado,Finanzas,Cajamarca,Cajamarca,Norte,2679.94,1404.7,120999.02,535,Regular,Digital,73,2018/12/10,24,Activo
3178,DNI,84457352,Sandra,Flores,Cusi,16/11/1968,56,F,Casado,Secundaria,Empleado Público,Salud,Cayma,Arequipa,Sur,1267.79,487.49,16393.34,493,Regular,Agencia,158,2011-12-19,6,Activo
3179,DNI,45645431,Rodrigo,LaImE,Pérez,1973-10-04,51,M,Casado,Universitario,Empleado Privado,Manufactura,Chiclayo,Lambayeque,Norte,2408.06,1119.03,134788.0,457,Regular,Digital,37,2021-12-02,12,Activo
3180,CE,95113912,Jorge,Ortiz,Romero,1970/10/12,54,M,Viudo,Secundaria,Independiente,Educación,Arequipa,Arequipa,Sur,1031.58,435.37,49600.93,486,Regular,Agencia,116,21-06-2015,7,Activo
3181,DNI,58313297,Daniela,PéReZ,Pérez,1979-04-10,45,F,Casado,Secundaria,Independiente,Agricultura,Cayma,Arequipa,Sur,1596.05,848.56,37333.04,533,Regular,Telemarketing,41,2021/08/12,6,Activo
3182,DNI,18731785,Miguel,Cusi,Pérez ,1989-08-25,35,M,Soltero,Técnico,Empresario,Agricultura,Chimbote,Ancash,Centro,12646.95,6301.0,251697.44,510,Premium,Agencia,113,2015/08/31,21,Inactivo
3183,DNI,69274290,Pablo,Choque,Vargas,1974/11/11,50,M,viudo,Secundaria,Independiente,Finanzas,IquItoS  ,Loreto,Oriente,4169.48,2121.84,139042.02,468,Regular,Telemarketing,91,20/06/2017,22,Activo
3184,DNI,73748052,Alejandro,Pérez,Sánchez,2004/11/12,20,Masculino,Soltero,Universitario,Pensionista,Comercio,Trujillo,La Libertad,Norte,1008.75,541.47,23808.03,455,Regular,Agencia,128,2014/06/10,10,Activo
3185,CE,77196767,Diego,López,Pérez,13-06-1976,48,M,Conviviente,Postgrado,Independiente,Servicios,El Tambo,Junín,Centro,2080.51,1433.68,62400.67,472,Regular,Referido,81,2018/04/21,19,Activo
3186,DNI,44245049,Mónica,Gutiérrez,Choque,28-07-1958,66,F,Divorciado,Universitario,Empresario,Agricultura,Wanchaq,Cusco,Sur,2802.12,1943.2,141838.39,575,Regular,Telemarketing,139,2013-07-12,17,Activo
3187,CE,315525417,Manuel,Chávez,Vargas,16/11/1989,35,M,Viudo,Postgrado,Empleado Privado,Construcción,Piura,Piura,Norte,2280.41,1107.29,39292.68,459,Regular,Agencia,108,2016/02/03,14,Activo
3188,DNI,69771045,Rosa,Choque,Álvarez,19-04-1992,32,F,Casado,Técnico,Empleado Público,Tecnología,Trujillo,  LA LIBERTAD,Norte,2450.87,1595.97,69420.6,569,Regular,Agencia,84,21-01-2018,10,Inactivo
3189,CE,525136272,Roberto,Ramos,Gómez,29/09/1977,47,M,Casado,Postgrado,Empleado Público,Educación,Chimbote,Ancash,Centro,2282.48,1002.33,122086.36,460,Regular,Agencia,122,24/12/2014,21,Activo
3190,DNI,47121627,Eduardo,García,Choque,26-08-1976,48,M,Casado,Universitario,Pensionista,Manufactura,Lima,Lima,Lima y Callao,2595.36,1590.26,83821.04,476,Regular,Telemarketing,106,2016-04-14,5,Activo
3191,DNI,74802335,José,Sánchez,Torres,14/02/1987,37,M,Soltero,Técnico,Independiente,Tecnología,Pisco,Ica,Sur,1514.91,958.07,46365.42,451,Regular,Digital,89,2017-08-11,20,Activo
3192,DNI,98155561,Claudia,Choque,Reyes,31-01-2004,20,F,Soltero,Universitario,Independiente,Comercio,Trujillo,La Libertad,Norte,2580.38,1234.88,29007.29,408,Regular,Referido,150,2012/09/03,10,Activo
3193,DNI,99333571,Rosa,García,Chávez,2002/10/04,22,F,Casado,Técnico,Empleado Privado,Transporte,La Esperanza,La Libertad,Norte,3521.99,1492.88,204209.91,400,Regular,Agencia,101,2016-09-03,9,Activo
3194,DNI,9277140,Fabiola,Gutiérrez,Rodríguez,1987/04/18,37,F,Conviviente,Postgrado,Independiente,Otro,Cusco,Cusco,Sur,6262.8,2921.23,197375.85,410,Regular,Agencia,158,2011-12-26,16,Activo
3195,DNI,24521642,Alejandro,Huanca,Cusi,2001/11/16,23,M,Casado,Universitario,Pensionista,Servicios,Wanchaq,Cusco,Sur,999.04,455.06,13702.43,519,Regular,Agencia,87,25-10-2017,17,Activo
3196,DNI,59463338,Adriana,Vargas,Ortiz,18/02/2001,23,F,Soltero,Postgrado,Independiente,Salud,Cajamarca,Cajamarca,Norte,2655.68,1560.75,39696.57,491,Regular,,21,2020-09-02,24,Activo
3197,DNI,33701936,César,Álvarez,Martínez,2004/11/15,20,M,Soltero,Universitario,Empleado Público,Finanzas,Chimbote,Ancash,Centro,2420.11,939.77,66606.87,523,Regular,Digital,14,26/04/2020,21,Activo
3198,DNI,5452190,Andrés,González,Ortiz,1986/02/17,38,M,Divorciado,Secundaria,Empresario,Salud,El Tambo,Junín,Centro,11791.38,7995.97,344483.13,583,Regular,Agencia,98,2016/11/21,19,Inactivo
3199,DNI,46007974,Gabriela,García,Chávez,1981/05/03,43,F,Soltero,Universitario,Empleado Público,Salud,Yanahuara,Arequipa,Sur,1774.83,707.53,103919.7,454,Regular,Referido,7,2020/07/02,8,Activo
3200,DNI,86954680,Pablo,Gutiérrez,Ortiz,13/03/1983,41,M,Soltero,Secundaria,Independiente,Comercio,El Tambo,Junín,Centro,3448.57,1655.95,88524.35,470,Regular,Referido,60,2020/01/20,19,Activo
3201,DNI,74233412,David,Díaz, González,2004/01/09,20,M,Casado,Técnico,Independiente,Manufactura,Pisco,Ica,Sur,4723.32,3153.3,129601.09,469,Regular,Digital,87,2017/10/21,20,Activo
3202,DNI,13946893,Andrés,Gómez,Rojas,1987-03-03,37,M,Soltero,Técnico,Empresario,Educación,Pisco,Ica,Sur,9229.58,5021.37,303034.61,597,Premium,Telemarketing,17,2020/07/02,20,Activo
3203,DNI,57481532,Elena,Condori,Gutiérrez,2004-04-12,20,F,Soltero,Universitario,Empleado Privado,Otro,Lima,Lima,Lima y Callao,2949.23,1234.38,46851.36,377,Regular,Agencia,87,2017/11/05,5,Activo
3204,DNI,39600789,Rodrigo,Apaza,García,18-04-1977,47,MASCULINO,Divorciado,Universitario,Empleado Privado,Manufactura,Chiclayo,Lambayeque,Norte,3151.49,1471.62,30966.91,531,Regular,,1,2024/03/06,13,Inactivo
3205,DNI,65796810,Diego,Quispe,Gómez,27/09/1988,36,M,Soltero,Secundaria,Empresario,Construcción, miraflores ,Lima,Lima y Callao,1779.39,752.37,56425.71,472,Regular,Agencia,29,2022-08-07,3,Activo
3206,CE,246740094,Roberto,Choque,Pérez,1978/08/02,46,M,Soltero,Técnico,,Salud,Tarapoto,San Martín,Oriente,4890.82,3227.46,271700.0,434,Regular,Digital,79,30/06/2018,23,Inactivo
3207,DNI,34051300,Óscar,Herrera,Apaza,1970/05/20,54,M,Casado,Secundaria,Independiente,Finanzas,Santiago de Surco,Lima,Lima y Callao,1616.45,1048.85,48182.03,524,Regular,Agencia,106,26-03-2016,2,Activo
3208,DNI,68175481,Rosa,  Condori,Rivera,1989-09-15,35,F,Soltero,Universitario,Empleado Privado,Otro,Piura,Piura,Norte,2954.5,1239.31,98338.96,527,Regular,Referido,36,28-12-2021,14,Activo
3209,DNI,74687927,Patricia,Sánchez,Vargas,1997-06-14,27,F,Soltero,Técnico,Empleado Privado,Servicios,Cayma,Arequipa,Sur,1797.06,807.76,73604.12,474,REGULAR,Agencia,78,2018-07-08,6,Activo
3210,DNI,78679393,Diana,Romero,Quispe,16-04-1954,70,F,Casado,Técnico,Estudiante,Agricultura,Wanchaq,Cusco,Sur,850.0,570.12,31500.27,623,Regular,Referido,163,2011-07-15,17,Inactivo
3211,DNI,11468138,Valeria,Huanca,Gómez,1959-01-02,66,F,Conviviente,Universitario,Empleado Privado,Finanzas,Los Olivos,Lima,Lima y Callao,3206.34,1429.71,78410.09,500,Regular,Referido,16,2022/05/04,4,Activo
3212,DNI,24937104,Alejandro,Castro,Díaz,24-01-1991,33,M,Soltero,Técnico,Pensionista,Tecnología,Arequipa,Arequipa,Sur,950.12,661.32,36000.3,394,Regular,Telemarketing,83,14-02-2018,7,Activo
3213,DNI,97621188,Rosa,García ,Morales,1983-02-13,41,F,Soltero,Universitario,Empleado Privado,Agricultura,  Santiago de Surco,Lima,Lima y Callao,5974.91,3772.63,301668.77,459,Regular,Agencia,69,2019/05/02,2,Inactivo
3214,DNI,44185016,Rosa,Ramos,Condori,1985/10/27,39,F,Divorciado,Universitario,Empleado Privado,Otro,Cayma,Arequipa,Sur,1189.07,795.49,59598.98,501,Regular,Agencia,1,2020-04-25,6,Activo
3215,DNI,32931493,Víctor,Herrera,HUANCA,27/07/1979,45,M,Casado,Universitario,Empleado Público,Tecnología,Yanahuara,Arequipa,Sur,2213.75,1426.61,26226.53,500,Regular,Digital,65,2019/08/23,8,Activo
3216,DNI,71939165,Enrique,Rojas,Morales,1986-08-22,38,M,Conviviente,Secundaria,Empresario,Otro,Piura,Piura,Norte,7516.51,4006.71,436235.0,510,Regular,Telemarketing,43,28-05-2021,14,Bloqueado
3217,DNI,254064,Sandra,García,Cusi,1979/05/14,45,F,Conviviente,Universitario,Independiente,Otro,Yanahuara,Arequipa,Sur,2772.35,1652.67,148685.75,554,Regular,Campaña Institucional,102,2016/08/06,8,Activo
3218,DNI,23655644,  Cecilia,Herrera,González,1974-05-07,50,F,Soltero,Universitario,Empleado Privado,Comercio,víctor larco herrera  ,La Libertad,Norte,,2055.67,184913.46,585,Regular,Agencia,57,21/04/2020,11,Activo
3219,DNI,36445663,Carlos,Reyes,Choque,1977-10-11,47,M,Soltero,Universitario,Empleado Privado,Otro,Iquitos,LORETO,Oriente,5676.83,2179.85,59345.94,535,Premium,Agencia,130,2014-04-21,22,Activo
3220,DNI,15717923,Juan,Chávez,Gutiérrez,2004-12-27,20,M,Conviviente,Secundaria,Pensionista,Construcción,Trujillo,La Libertad,Norte,1471.59,1012.58,75922.85,460,Regular,Digital,80,2018/05/24,10,Activo
3221,DNI,29828037,Fabiola,Ramírez,Cusi,1983/08/28,41,F,Conviviente,Universitario,Empresario,Agricultura,Cusco,Cusco,Sur,6739.17,3276.17,318473.18,496,Regular,Agencia,80,2018/05/11,16,Activo
3222,DNI,96442216,Andrés,Castro,Apaza,1980/03/22,44,M,Casado,Universitario,Pensionista,Tecnología,Cajamarca,Cajamarca,Norte,850.0,451.95,9027.51,557,Regular,Digital,111,24-10-2015,24,Activo
3223,CE,357223152,Óscar,Huanca,Quispe,19/03/1984,40,M,Divorciado,Universitario,Empleado Privado,Comercio,Víctor Larco Herrera,La Libertad,Norte,2316.77,1097.89,123247.04,433,Regular,Agencia,159,2011-11-27,11,Bloqueado
3224,DNI,51245737,Rocío ,González,Vargas,1979-05-23,45,F,Casado,Universitario,Empleado Privado,Agricultura,Miraflores,Lima,Lima y Callao,3198.75,1337.89,29529.77,515,Regular,Digital,95,2017-03-04,3,Activo
3225,DNI,17832250,Carlos,Cruz,Rivera,1995-04-18,29,M,casado ,Secundaria,Empleado Público,Transporte,Wanchaq,Cusco,Sur,1002.59,587.41,10706.92,519,Regular,Referido,148,2012/10/08,17,Activo
3226,DNI,98832099,Roberto,Flores,Gómez,13/09/1965,59,M,Viudo,Secundaria,Independiente,Agricultura,Sullana,Piura,Norte,1283.29,652.66,12733.2,598,Regular,Agencia,92,2017/06/02,15,Activo
3227,DNI,57302394,Víctor,Martínez,Álvarez,1979-12-03,45,M,Casado,Técnico,Independiente,Salud,Tarapoto,San Martín,Oriente,2373.25,1107.41,59934.81,470,Regular,Agencia,124,2014-10-21,23,Activo
3228,DNI,31694743,Rodrigo,López,Flores,1999/11/06,25,M,Soltero,Universitario,Empleado Privado,Servicios,Arequipa, Arequipa,Sur,4066.28,2120.91,56327.03,422,Regular,Campaña Institucional,41,22-09-2020,7,Activo
3229,DNI,82194151,Alejandra,Castro,Herrera,27/11/1992,32,F,Casado,Universitario,Empleado Público,Manufactura,Chiclayo,Lambayeque,Norte,2900.03,1158.47,37791.97,390,Regular,Digital,67,2019/06/02,13,Activo
3230,Pasaporte,355599539,María,Choque,Jiménez,2001/08/05,23,F,Casado,,Empresario,Transporte,Santiago de Surco,Lima,Lima y Callao,4857.08,2826.02,95179.95,500,Regular,Referido,50,2020/11/18,2,Activo
3231,DNI,67071060,Diana,Chávez, Ramírez ,1978-01-11,47,F,Conviviente,Universitario,Independiente,Servicios,El Tambo,Junín,Centro,1959.43,1279.03,102066.62,633,Regular,Referido,126,2014/08/01,19,Activo
3232,DNI,45365602,Jorge,Rivera,Reyes,1985-02-03,39,M,Casado,Universitario,Empleado Privado,Servicios,Arequipa,Arequipa,Sur,2480.23,1224.09,59151.14,439,Regular,Telemarketing,177,2010-06-03,7,Activo
3233,DNI,48439609,Alejandro,Rivera,Ortiz,1981-08-04,43,M,Conviviente,Técnico,Independiente,Comercio,Yanahuara,Arequipa,Sur,-3613.78,1815.85,63976.58,557,Regular,Referido,159,20-11-2011,8,Activo
3234,CE,165359851,carmen,García, Jiménez,19/11/2000,24,F,Divorciado,universitario,Empleado Público,Manufactura,Chimbote,Ancash,Centro,1651.58,643.9,52695.11,503,Regular,Digital,16,2023-08-10,21,Activo
3235,DNI,15280064,Lucía,Choque,Cruz,13-02-1975,49,F,Viudo,Postgrado,Empleado Público,Servicios,Chimbote,Ancash,Centro,2227.82,1040.61,93181.91,547,Regular,Campaña Institucional,155,29-03-2012,21,Activo
3236,DNI,89638999,Fabiola,Reyes,Gómez,1992-08-24,32,F,Casado,Secundaria,Empleado Público,Construcción,La Esperanza,La Libertad,Norte,3636.84,-2105.68,104787.5,549,Regular,Referido,155,2012/03/12,9,Activo
3237,DNI,28281832,Sandra,López,Martínez,1999/07/28,25,F,Casado,Secundaria,Empleado Privado,Construcción,Cayma,Arequipa,Sur,1449.63,737.72,84598.01,402,Regular,Agencia,74,2018-11-14,6,Activo
3238,DNI,90866022,Elena,González,Mamani,1974-02-16,50,F,Casado,Técnico,Empleado Público,Educación,Sullana,Piura,Norte,1338.68,869.35,21653.83,499,Regular,Agencia,48,18/01/2021,15,Activo
3239,DNI,97137779,Gabriela,López,Chávez,1977/02/06,47,F,Soltero,Técnico,Empleado Privado,Comercio,Los Olivos,Lima,Lima y Callao,2860.02,1707.45,69295.98,510,Regular,Agencia,123,2014/11/11,4,Activo
3240,DNI,43012269,Jorge,Martínez,Cusi,1995-06-06,29,M,Soltero,Técnico,Empresario,Otro,Arequipa,Arequipa,Sur,7388.81,4512.54,248767.08,464,Regular,Agencia,94,21/03/2017,7,Activo
3241,DNI,59322408,Diego,García,Jiménez,21-12-1986,38,M,Viudo,Técnico,Independiente,Comercio,Miraflores,Lima,Lima y Callao,2670.79,1714.51,147091.9,488,Regular,Telemarketing,105,2016-04-20,3,Activo
3242,DNI,87440291,Isabel,Morales,Ortiz,1982/12/02,42,fem,Conviviente,Técnico,Empleado Público,Construcción,Lima,Lima,Lima y Callao,1562.8,1034.08,81372.13,489,Regular,Digital,83,16/02/2018,5,Inactivo
3243,DNI,43855129,Fabiola,Gómez,Torres,29/03/1982,42,F,Casado,Técnico,Empleado Privado,Manufactura, Víctor Larco Herrera,La Libertad,Norte,1432.17,999.5,42048.22,460,Regular,Telemarketing,129,2014/05/04,11,Activo
3244,DNI,7731885,Alejandro,Morales,García,1978/03/04,46,M,Conviviente,TECNICO,Empleado Público,Salud,Trujillo,La Libertad,Norte,1304.23,739.57,63711.07,575,Regular,Digital,97,2017-01-06,10,Activo
3245,Pasaporte,324335069,Héctor,Ortiz,Martínez,1967-03-30,57,M,Divorciado,,Estudiante,Agricultura,Chimbote,Ancash,Centro,850.0,542.56,50816.96,581,Regular,Agencia,168,2011/03/08,21,Activo
3246,DNI,64485678,Lucía,Vargas,Gutiérrez,30/04/1984,40,F,Casado,Técnico,Independiente,Finanzas,Huancayo,Junín,Centro,3078.45,1823.85,52806.53,458,Regular,Agencia,2,14/06/2021,18,Activo
3247,DNI,6370554,Enrique,Vargas,Torres,31/10/1961,65,M,Casado,Universitario,Empleado Público,Servicios,Los Olivos,Lima,Lima y Callao,2689.12,1780.41,124985.98,480,Regular,Agencia,136,2013-10-08,4,Activo
3248,DNI,82258140,Lucía,Cruz,Cusi,1996-06-07,28,F,Soltero,Secundaria,Empleado Privado,Servicios,Trujillo,La Libertad,Norte,1226.87,586.32,11183.75,474,Regular,Referido,32,26/07/2020,10,Activo
3249,DNI,8106355,Héctor,Ramos,Ramos,17/10/1976,48,M,Soltero,Técnico,Independiente,Construcción,Víctor Larco Herrera,La Libertad,Norte,3845.33,1586.44,91759.21,493,Regular,Agencia,130,2014/04/06,11,Activo
3250,DNI,45972205,Andrés,Álvarez,Herrera,31/03/1996,28,M,Soltero,Universitario,Empleado Privado,Educación,Tarapoto,San Martín,Oriente,1810.46,974.23,66941.29,529,Regular,Agencia,81,2018/04/08,23,Bloqueado
3251,DNI,37755579,Marco,Castro,Mamani,1988/05/20,36,M,Conviviente,Universitario,Empresario,Servicios,Lima,Lima,Lima y Callao,5967.11,3094.28,85391.32,446,Premium,Referido,149,2012-09-09,5,Activo
3252,DNI,86291879,Mónica,Romero,Pérez,27-11-1978,46,F,Soltero,Universitario,Empleado Público,Otro,Cayma,Arequipa,Sur,1810.34,1156.45,33576.57,570,Regular,Referido,35,2021-01-09,6,Activo
3253,DNI,7138947,Claudia, Quispe ,Ramírez,1973/05/14,51,F,Casado ,Postgrado,Empleado Público,Tecnología,Víctor Larco Herrera,La Libertad,Norte,1848.56,760.88,22265.58,513,Regular,Agencia,134,2013-12-06,11,Activo
3254,DNI,28506967,Óscar,Ortiz,Jiménez,1989/09/05,35,Masculino,Casado,Universitario,Independiente,Comercio,Arequipa,Arequipa,Sur,850.0,397.42,11363.12,427,Regular,,105,2016/05/08,7,Activo
3255,DNI,70478712,Marco,García,Castillo,1980/07/06,44,M,Soltero,Universitario,Independiente,Construcción,Los Olivos,Lima,Lima y Callao,2972.65,1342.39,72568.92,500,Regular,Digital,105,17/05/2016,4,Activo
3256,DNI,95471774,Pablo,Apaza,Jiménez,1986/06/02,38,M,Conviviente,Secundaria,Empleado Privado,Tecnología,Pisco,Ica,Sur,4403.92,2552.33,114821.32,489,Regular,Digital,149,15-09-2012,20,Activo
3257,DNI,4435835,Óscar,Rojas,Torres,25-01-1974,50,M,Divorciado,Universitario,Pensionista,Comercio,Chimbote,Ancash,Centro,850.0,414.45,11357.11,300,Regular,Agencia,111,2015/11/19,21,Activo
3258,DNI,73415274,Manuel,Romero,Castro,1979/12/31,45,M,Divorciado,Secundaria,Empleado Privado,Servicios,Chiclayo,LaMbAyEqUe,Norte,1428.78,871.35,31143.61,478,Regular,Campaña Institucional,57,2020-04-26,12,Activo
3259,DNI,41260026,Juan,Chávez,MorAleS,16/04/1986,38,M,Casado,Universitario,Empleado Privado,Agricultura,Cusco,Cusco,Sur,6108.38,3796.38,323901.67,511,Regular,Agencia,91,2017-06-17,16,Activo
3260,DNI,20282536,Alejandro,Laime,Ortiz,1972/11/06,54,M,Casado,Técnico,Independiente,Construcción,Trujillo,La Libertad,Norte,4221.43,2121.59,223392.71,513,Regular,Agencia,138,2013-08-14,10,Activo
3261,DNI,19546723,Isabel,López,Cruz,1989-01-05,36,F,CASADO,Universitario,Empleado Privado,Agricultura,Los Olivos,Lima,Lima y Callao,4645.74,2289.85,120295.82,422,Regular,,101,19/08/2016,4,Activo
3262,DNI,35476584,Juan,Romero,González,1979-12-04,45,M,Casado,Universitario,Empleado Privado,Tecnología,Iquitos,Loreto,Oriente,1343.69,928.54,69366.61,501,Regular,Referido,89,2017-09-07,22,Activo
3263,DNI,73702197,Enrique,Quispe,Álvarez,1980/10/12,44,M,Casado,Secundaria,Empleado Privado,Agricultura,Trujillo,La Libertad,Norte,6685.88,4616.06,340602.43,413,Regular,Agencia,131,2014-03-01,10,Activo
3264,DNI,82999091,LUIS  ,MAMANI ,Rivera,1990-01-30,34,M,Soltero,SECUNDARIA,Empleado Privado,Construcción,Huancayo,Junín,Centro,4037.21,2002.38,93763.03,497,Regular,Agencia,131,19/03/2014,18,Inactivo
3265,DNI,40390607,Ana,García,Sánchez,1980/03/09,44,F,Casado,,Independiente,Servicios,La Esperanza,La Libertad,Norte,1212.25,634.52,24385.75,455,Regular,Telemarketing,144,2013/02/08,9,Inactivo
3266,DNI,2446943,Víctor,huanca,López,1968/10/09,56,M,Casado,Universitario,Empleado Privado,Salud,Chimbote,Ancash,Centro,3070.32,1220.75,84030.78,530,Regular,Agencia,129,2014/05/05,21,Activo
3267,DNI,33213019,Óscar,Condori, Cruz,1985-01-06,40,M,Soltero,Universitario,Empleado Privado,Otro,Víctor Larco Herrera,La Libertad,Norte,1552.59,909.8,20840.43,534,Regular,,53,2020-08-08,11,Activo
3268,DNI,29788235,Roberto,Morales,Castillo,1976/06/11,48,M,Casado,Postgrado,Empleado Privado,Servicios,Trujillo,La Libertad,Norte,9431.01,5386.2,216559.09,455,Regular,Telemarketing,126,2014/07/31,10,Inactivo
3269,DNI,34716880,Ángela,Ortiz,Chávez,1973/08/09,51,F,Soltero,Universitario,Independiente,Salud,Wanchaq,Cusco,Sur,994.62,502.17,10145.41,507,Regular,,135,2013-11-23,17,Inactivo
3270,DNI,41407714,Elena,Rojas,Herrera,1971-09-03,53,F,Conviviente,Secundaria,Empleado Privado,Comercio,Lima,Lima,Lima y Callao,1094.95,543.0,10286.88,490,Regular,Agencia,51,2020-10-12,5,Activo
3271,DNI,92291080,Carmen,Díaz,Romero,1989/11/19,35,F,Casado,Universitario,Empleado Público,Transporte,El Tambo,Junín,Centro,1509.02,916.07,82011.05,516,regular,Telemarketing,162,27-08-2011,19,Activo
3272,Pasaporte,603834786,  Valeria,Pérez,Gómez,1969/04/26,55,F,Soltero,Técnico,Independiente,Servicios,Sullana, PIURA ,Norte,2333.5,1391.5,32958.32,518,Regular,Referido,112,2015/09/24,15,Activo
3273,CE,786114076,Ana,González,Cusi,15-06-1981,43,F,Casado,Técnico,Empleado Privado,Otro,Santiago de Surco,Lima,Lima y Callao,2872.5,1103.41,71824.81,430,Regular,Digital,160,2011-11-10,2,Activo
3274,DNI,47621989,Fernando,Mamani,Ramos,1969-02-04,55,M,Divorciado,Postgrado,Empleado Público,Tecnología,Iquitos,Loreto,Oriente,2608.42,1227.15,41438.07,549,Regular,Referido,89,2017/09/08,22,Activo
3275,DNI,57511714,Ricardo,García,González,1992-06-21,32,M,Soltero,Universitario,Empleado Público,Manufactura,Sullana,Piura,Norte,1622.98,749.03,50374.81,481,Regular,Agencia,17,25/12/2020,15,Activo
3276,DNI,2791261,Rodrigo,Rojas,Romero,25/09/2001,23,M ,Casado,Secundaria,Empresario,Finanzas,Santiago de Surco,Lima,Lima y Callao,1783.36,742.32,24135.82,445,Regular,Digital,32,24-09-2020,2,Inactivo
3277,DNI,53931742,Víctor,Pérez,García,17-09-1976,48,M,Soltero,Técnico,Independiente,Finanzas,Santiago de Surco,Lima,Lima y Callao,1543.4,686.19,57249.18,439,Regular,Digital,16,2023/09/01,2,Activo
3278,DNI,79280639,Paola,Laime,Pérez,1992/09/29,32,F,Conviviente,Universitario,Empleado Público,Construcción,Wanchaq,Cusco,Sur,1625.5,968.63,69298.68,471,Regular,Agencia,168,24-02-2011,17,Activo
3279,DNI,34211218,Ángela,Gómez,Huanca,25-11-1957,67,F,Conviviente,Universitario,Empleado Privado,Tecnología, CAYMA ,Arequipa,Sur,5740.16,2350.94,143663.37,577,Regular,Digital,84,2018/02/05,6,Activo
3280,DNI,25954324,Gabriela, JimÉneZ ,Ramos,1968-05-20,56,F,Soltero,Técnico,Empleado Privado,Finanzas,Trujillo,La Libertad,Norte,1911.96,1130.94,106892.8,440,Regular,Agencia,64,2019/09/23,10,Activo
3281,DNI,8167233,Rodrigo,Torres,Rodríguez,1993/07/22,33,M,casado,Técnico,Independiente,Servicios,Iquitos,Loreto,Oriente,5305.64,2066.57,193712.06,442,Regular,Referido,153,2012/05/16,22,Activo
3282,DNI,9461745,David,González,Vargas,1998/09/18,26,M,Soltero,Secundaria,Empleado Privado,Salud,El Tambo,Junín,Centro,2017.83,-903.92,60655.39,449,Regular,Digital,74,2018-12-01,19,Activo
3283,Pasaporte,299262361,Rosa,Vargas,Pérez,1979/09/18,45,F,casado,Secundaria,Empresario,Salud,El Tambo,Junín,Centro,6819.43,2610.3,194994.68,475,Premium,Digital,108,23-01-2016,19,Activo
3284,DNI,47552303,Patricia,Díaz,Quispe,17/04/1974,50,F,Viudo,Universitario,Independiente,Transporte,El Tambo,Junín,Centro,1581.13,760.88,49885.03,489,Regular,Digital,8,21/05/2022,19,Activo
3285,DNI,58221215,Roberto,Laime,García,1974/12/19,50,M,Soltero,Secundaria,Independiente,Tecnología,La Esperanza,La Libertad,Norte,1578.22,980.34,70504.93,466,REGULAR,Telemarketing,158,2012/01/02,9,Activo
3286,DNI,40081452,Fabiola,Castillo,López,29-06-1975,49,F,Conviviente,Universitario,Empleado Público,Tecnología,Yanahuara,Arequipa,Sur,1576.66,787.13,77200.83,495,Regular,Agencia,88,2017/09/27,8,Activo
3287,DNI,99498976,Carmen,Mamani,Ramos,1976/08/31,48,F,Conviviente,Universitario,Empleado Público,Educación,cajamarca,Cajamarca,Norte,5016.95,1932.7,165590.72,555,Regular,Agencia,86,2017/12/03,24,Activo
3288,DNI,6354167,Carmen,ÁLVAREZ  ,Vargas,1977/01/30,47,F,Casado,Universitario,Independiente,Manufactura,Chiclayo,Lambayeque,Norte,3509.5,1363.36,190935.0,438,Regular,Agencia,33,2021-07-07,12,Activo
3289,DNI,33508511,David,Condori,González,1981/04/02,43,M,Soltero,Técnico,Pensionista,Tecnología,Lima,Lima,Lima y Callao,1043.28,672.91,21571.9,504,Regular,Telemarketing,164,2011-07-04,5,Activo
3290,DNI,32197465,José,Apaza,Herrera,1981/10/15,43,M,Conviviente,Técnico,Empresario,Otro,Víctor Larco Herrera,La Libertad,Norte,7257.97,2815.37,219451.94,501,Regular,Digital,178,2010-05-01,11,Activo
3291,DNI,38910208,Lucía,Apaza,Romero,19-02-1982,42,F,Casado,TECNICO,Empleado Público,Construcción,Tarapoto,San Martín,Oriente,1291.24,824.18,52079.12,487,REGULAR,Campaña Institucional,106,23/03/2016,23,Activo
3292,DNI,78825842,José,Castillo,Rodríguez,1966/12/25,58,M,Soltero,Universitario,Independiente,Otro,Miraflores,Lima,Lima y Callao,3268.43,2219.11,192062.75,512,Regular,Agencia,157,2012/02/08,3,Activo
3293,DNI,11690972,Diego,Chávez,Apaza,1960/07/01,64,M,Conviviente,Técnico,Empleado Privado,Otro,Yanahuara,Arequipa,Sur,1682.81,829.84,49059.64,452,Regular,Digital,122,2014-11-28,8,Activo
3294,DNI,86198272,Alejandra,Mamani, Gutiérrez ,1962/04/07,62,F,Casado,Universitario,Pensionista,Comercio,Chiclayo,Lambayeque,Norte,1228.99,760.54,9876.89,499,Regular,Agencia,43,27/05/2021,12,Activo
3295,Pasaporte,786804288,Enrique,Castro,Mamani,1997/10/24,27,M,Casado,Universitario,Empleado Público,Construcción,Cajamarca,Cajamarca,Norte,2237.11,1436.71,53654.8,514,Regular,Agencia,179,21/03/2010,24,Activo
3296,DNI,62696728,César,Flores,Chávez,1996/11/06,28,M,Conviviente,Secundaria,Empresario,Salud,Chimbote,Ancash,Centro,4713.59,2330.46,265231.8,472,Regular,Digital,94,2017-03-28,21,Activo
3297,Pasaporte,995321893,Andrés,González,Ortiz,1979/06/06,45,M,Soltero,Universitario,Empresario,Transporte,  Miraflores,Lima,Lima y Callao,2997.13,1720.7,102769.47,582,Regular,Campaña Institucional,69,26-04-2019,3,Activo
3298,DNI,91742518,Alejandro,Medina,Herrera,1972/09/01,52,M,Conviviente,Técnico,Empleado Público,Salud,Huancayo,Junín  ,Centro,1963.03,1256.49,83957.54,510,Regular,Referido,12,2022/11/06,18,Activo
3299,DNI,58613934,Diego,SÁNCHEZ ,Romero,1984/02/10,40,M,Conviviente,Técnico,Empleado Público,Otro,Iquitos,Loreto,Oriente,1522.18,935.32,35940.62,478,Regular,Digital,12,2023-12-18,22,Activo
3300,DNI,79843634,Juan,Ramos,Ramos,1986/12/09,38,M,Casado,Secundaria,Empleado Público,Educación,Cajamarca,Cajamarca,Norte,3900.52,1929.03,42566.61,556,Regular,Agencia,110,2015-12-18,24,Activo
3301,DNI,37078703,Fernando,Chávez,Rodríguez,1971-02-27,53,M,Conviviente,Secundaria,Empleado Privado,Comercio,Yanahuara,Arequipa,Sur,3712.62,1878.34,208298.02,445,Regular,Referido,139,2013/07/10,8,Activo
3302,DNI,17976467,Alejandro,Flores,Medina,22-02-1983,41,M,Soltero,Postgrado,Empleado Privado,Salud,Wanchaq,Cusco,Sur,4592.26,2763.73,222536.2,421,Regular,Referido,43,22-05-2021,17,Inactivo
3303,DNI,1199068,Juan,López,Cusi,1975-12-25,49,M ,Casado,Universitario,Empresario,Finanzas,Piura,Piura,Norte,24336.33,-16701.67,273982.98,620,Premium,Agencia,2,2021-07-14,14,Activo
3304,DNI,7942592,Ricardo,Flores,Álvarez,23/02/1966,58,M,Soltero ,Secundaria,Empresario,Manufactura,Víctor Larco Herrera,La Libertad,Norte,7331.25,3309.95,165653.47,594,Regular,Digital,10,15/02/2024,11,Activo
3305,DNI,18370157,María,  Mamani,Álvarez,28/08/1991,33,F,Conviviente,Técnico,Pensionista,Agricultura,Arequipa,Arequipa,Sur,1342.4,884.78,34727.33,508,Regular,Agencia,39,2020-06-21,7,Activo
3306,DNI,16936175,Patricia,Torres,Chávez,1979/01/19,45,F,Casado,Postgrado,Empleado Privado,Otro,Tarapoto,San Martín,Oriente,5624.94,3152.19,134468.17,469,Regular,Telemarketing,161,2011-09-13,23,Activo
3307,DNI,4017337,Carmen,Ortiz,Torres,1985/07/07,39,F,Casado,Postgrado,Empleado Privado,Servicios,Trujillo,La Libertad,Norte,2919.68,1137.06,36418.13,427,Regular,Digital,86,2017/11/11,10,Activo
3308,DNI,61995942,Luis,Cruz,Torres,1980/04/19,44,mas,Casado,Técnico,Empleado Público,Construcción,Santiago de Surco,Lima,Lima y Callao,1077.02,619.77,27060.8,565,Regular,Telemarketing,24,2022-10-02,2,Activo
3309,DNI,40809958,Marco,Flores,Rodríguez,1982-01-14,42,M,Casado,Universitario,Empleado Público,Tecnología,Víctor Larco Herrera,La Libertad,Norte,1713.22,992.92,65860.4,460,Regular,Agencia,167,24/03/2011,11,Activo
3310,DNI,18833895,Marco,Castro,Díaz,1986/01/05,39,M,Soltero,Universitario,Empleado Público,Servicios,Cusco,Cusco,Sur,2715.69,1560.66,119881.21,534,Regular,Campaña Institucional,36,26-12-2021,16,Activo
3311,DNI,55453882,Víctor,Cusi,Álvarez,1991-08-15,33,M,Soltero,Universitario,Independiente,Agricultura,Pisco, ICA ,Sur,1201.88,598.31,25742.95,508,Regular,Agencia,166,2011-04-29,20,Activo
3312,DNI,28275987,Alejandro,Laime,Vargas,1991/05/06,33,M,Casado,Universitario,Estudiante,Salud,Wanchaq,Cusco,Sur,850.0,406.03,16194.98,478,Regular,Digital,37,2021/12/04,17,Activo
3313,Pasaporte,863458723,David,  Torres,Cruz,1979/11/18,45,M,Casado,Técnico,Empleado Privado,Educación,Pisco,Ica,Sur,4474.26,2534.07,72543.85,426,Regular,Agencia,57,20-04-2020,20,Activo
3314,DNI,86880507,SoFíA,Cusi,González,2004-11-12,20,F,Soltero,Secundaria,Empresario,Transporte,Chiclayo,Lambayeque,Norte,3400.57,1572.96,93058.47,575,Regular,Agencia,136,2013/10/07,12,Activo
3315,DNI,75172863,Alejandro,Romero,Pérez,1959/01/08,66,M,Soltero,Universitario,Independiente,Tecnología,Yanahuara,Arequipa,Sur,9930.5,3850.41,181889.65,519,Regular,Digital,88,2017-09-18,8,Activo
3316,DNI,58281461,Ricardo,Castro,Martínez,27-01-2004,20,M,Casado,Postgrado,Empleado Privado,Construcción,Cajamarca,Cajamarca,Norte,850.0,363.12,29130.81,417,Regular,Telemarketing,165,2011-05-22,24,Activo
3317,DNI,6966884,Óscar,Torres,Reyes,22-04-1985,39,M,Divorciado,Universitario,Independiente,Finanzas, lima ,Lima,Lima y Callao,5664.29,3566.8,82180.79,537,Regular,Agencia,176,2010/07/01,5,Activo
3318,Pasaporte,743585693, Fernando ,Ramírez,Ramírez,1980/12/28,44,M,Conviviente,Universitario,Empleado Público,Tecnología,Huancayo,Junín,Centro,1500.55,654.59,88458.92,456,Regular,Campaña Institucional,8,2020/01/08,18,Activo
3319,DNI,5083450,Diana,Morales,Chávez,1979/11/03,45,F,Soltero,Universitario,,Manufactura,Trujillo,La Libertad,Norte,8912.34,3535.61,447768.36,546,Premium ,Agencia,15,2021-02-06,10,Activo
3320,DNI,51541882,Ángela,Medina,Laime,1995-10-12,29,F,Conviviente,Secundaria,Empleado Privado,Otro,Chimbote,Ancash,Centro,3555.12,2392.56,162072.01,494,Regular,Digital,42,2020-09-10,21,Activo
3321,DNI,74451227,Fernando,Castro,Pérez,20-09-1995,29,M,Casado,Universitario,Independiente,Comercio,Lima,Lima,Lima y Callao,1214.13,682.07,20457.36,503,Regular,Campaña Institucional,56,2020/05/08,5,Activo
3322,DNI,70771359,Cecilia,Castro,García,27/05/1985,39,F,Casado,Universitario,Pensionista,Manufactura,Iquitos,Loreto,Oriente,1933.64,984.37,44490.08,509,Regular,Agencia,33,2022/03/23,22,Activo
3323,DNI,11262574,Valeria,Torres,Pérez,1988/04/24,36,F,Conviviente,Postgrado,Independiente,Agricultura,San Juan de Lurigancho,Lima,Lima y Callao,2210.17,1359.63,129318.9,481,regular ,Agencia,89,2017/09/01,1,Activo
3324,DNI,48250851,Enrique,Vargas,Castillo,28/12/1991,33,M,Soltero,Técnico,Empleado Público,Finanzas,La Esperanza,La Libertad,Norte,1364.9,655.52,15390.48,530,Regular,Telemarketing,60,2020-01-19,9,Activo
3325,DNI,28803260,Daniela,García,Chávez,1972-06-11,52,F,Soltero,Técnico,Empresario,Agricultura,Víctor Larco Herrera,La Libertad,Norte,8864.26,5797.39,170280.53,619,Regular,Referido,77,2018/08/15,11,Activo
3326,DNI,76110976,Víctor,Castro,CHOQUE,1989-05-24,35,M,Conviviente,Postgrado,Independiente,Construcción,Santiago de Surco,Lima,Lima y Callao,7129.45,3160.13,133809.8,437,Premium,Referido,26,13/01/2022,2,Inactivo
3327,DNI,79172148,Manuel,Jiménez,Morales,1995/07/06,29,M,Casado,Universitario,Estudiante,Otro,El Tambo,Junín,Centro,850.0,502.23,10187.0,440,Regular,Agencia,141,2013/05/22,19,Activo
3328,DNI,8804808,Miguel,Jiménez,Sánchez,1989/12/26,35,M,Soltero,Universitario,Independiente,Construcción,La Esperanza,La Libertad,Norte,3191.21,2108.26,66197.77,492,Regular,Telemarketing,104,2016/06/03,9,Activo
3329,Pasaporte,108485579,Juan,Pérez,Torres,23-11-1997,27,M,Casado,Secundaria,Empleado Público,Finanzas,Yanahuara,Arequipa,Sur,1598.42,1079.36,82742.79,1050,Regular,Referido,162,2011/09/08,8,Inactivo
3330,DNI,46159101,Alejandro,Sánchez,Flores,2004/08/30,20,M,Soltero,Secundaria,Empleado Privado,Finanzas,Chiclayo,Lambayeque,Norte,1453.45,922.81,48744.97,410,Regular,Telemarketing,150,2012/08/24,13,Activo
3331,DNI,50931061,Héctor,Díaz,García,1965/08/28,59,M,Conviviente,Técnico,Empleado Privado,Transporte,Miraflores,Lima,Lima y Callao,3538.15,2387.61,199294.7,551,Regular,Referido,49,2020-12-06,3,Activo
3332,DNI,53454797,Diego,Mamani,Romero,2000-10-18,24,M,Soltero,Postgrado,Empresario,Otro,Miraflores,Lima,Lima y Callao,10141.73,5245.42,596576.95,567,Premium,Agencia,100,2016/10/09,3,Activo
3333,CE,837501481,Sandra,Huanca,Flores,2004/07/25,20,F,Divorciado,Secundaria,Independiente,Construcción,Chiclayo,Lambayeque,Norte,1186.12,822.72,35951.87,479,Regular,Digital,137,2013/09/11,13,Activo
3334,DNI,23754354,Eduardo,Rojas,Jiménez,1975/01/19,49,M,Casado,Universitario,Empleado Público,Otro,Santiago de Surco,Lima,Lima y Callao,1693.86,680.32,68989.13,500,Regular,Agencia,93,2017-08-05,2,Activo
3335,DNI,97847916,Héctor,García,Huanca,1990-08-11,34,M,Conviviente,Postgrado,Empleado Público,Finanzas,Víctor Larco Herrera,La Libertad,Norte,2071.72,1162.53,83473.17,560,Regular,Digital,132,29-01-2014,11,Activo
3336,DNI,27425891,Carlos,Cruz,Gómez,1992/01/11,32,M,Casado,Universitario,Empleado Privado,Transporte,Chimbote,Ancash,Centro,4342.12,1857.18,177994.52,433,Regular,Agencia,145,2013/01/30,21,Inactivo
3337,DNI,24185048,Paola,Reyes,Quispe,1993-01-14,31,F,Casado,Secundaria,Empleado Privado,Educación,El Tambo,Junín,Centro,3931.49,1818.71,120606.35,525,Regular,Agencia,52,2020/03/27,19,Activo
3338,CE,92733852,Diana,Huanca,Rojas,1972/11/10,52,F,Casado,Universitario,Empleado Privado,Construcción,Arequipa,Arequipa,Sur,-1587.02,861.21,23213.64,475,Regular,Telemarketing,56,2020/05/06,7,Activo
3339,DNI,17536397,Diana,Rojas,Huanca,25-10-1973,51,F,Casado,Técnico,Empleado Privado,Finanzas,Miraflores,Lima,Lima y Callao,3106.39,1347.29,103917.6,443,Regular,Agencia,93,2017/04/28,3,Activo
3340,DNI,36919571,Isabel,Gutiérrez,Morales,1977/03/04,47,F,Casado,Postgrado,Independiente,Manufactura,El Tambo,Junín,Centro,1467.48,809.21,23937.78,592,Regular,Agencia,132,2014-02-07,19,Activo
3341,DNI,82875833,David,Medina,Ramos,1964-09-09,60,M,Conviviente,Secundaria,Empleado Privado,Tecnología,El Tambo,Junín  ,Centro,4378.1,2438.77,127058.19,593,Regular,Telemarketing,176,2010-07-03,19,Activo
3342,CE,616228794,María,Ramírez,Pérez  ,28/07/1982,42,F,Casado,Postgrado,Independiente,Servicios,Lima,Lima,Lima y Callao,3985.01,1819.86,163900.11,572,Regular,Telemarketing,2,2021-03-03,5,Activo
3343,DNI,57015896,Ana,Chávez,Apaza,15/11/1980,44,F,Casado,Universitario,Empleado Público,Transporte,Cayma,Arequipa,Sur,1934.2,774.34,40603.61,416,Regular,Agencia,143,2013/03/17,6,Activo
3344,DNI,39966629,Enrique,García,Rivera,1983/02/02,41,M,Soltero,Secundaria,Empresario,Salud,Arequipa,Arequipa,Sur,9329.51,6230.84,278806.66,572,Regular,Telemarketing,36,27/12/2021,7,Activo
3345,DNI,20473019,Fernando,González,Romero,1976-07-20,48,M,Soltero,Universitario,Independiente,Comercio,Víctor Larco Herrera,La Libertad,Norte,1669.08,836.13,31874.26,386,Regular,Telemarketing,12,2023/12/16,11,Activo
3346,DNI,7190147,Alejandro,Gómez,Gutiérrez,20-11-1988,36,m,Soltero,Técnico,Empresario,Construcción,Arequipa,Arequipa,Sur,4561.29,3161.94,188471.62,485,Regular,Digital,91,28-06-2017,7,Inactivo
3347,DNI,89862206,Alejandro,Laime,Herrera,13/04/1975,49,M,Casado,Técnico,Independiente,Manufactura,Miraflores,Lima,Lima y Callao,9858.94,5686.45,415464.34,520,Regular,Digital,119,2015-02-26,3,Activo
3348,DNI,29016651,Elena,gutiérrez  ,González,1985-07-04,39,F,Casado,Técnico,Empleado Privado,Salud,Cayma,Arequipa,Sur,2445.21,1209.15,85770.5,490,Regular,Digital,166,15/04/2011,6,Bloqueado
3349,DNI,46503350,Claudia,Chávez,Reyes,24-01-1992,32,F,Soltero,Universitario,Empleado Público,Comercio,Pisco,Ica,Sur,2046.3,1187.31,46427.0,516,Regular,Referido,135,2013/11/08,20,Activo
3350,DNI,85693963,Jorge,Romero,Rojas,1980/07/17,44,M,Conviviente,Secundaria,Empleado Privado,Construcción,Santiago de Surco,Lima,Lima y Callao,3634.76,2312.19,35426.46,517,Regular,Digital,117,2015-04-27,2,Inactivo
3351,DNI,12363061,Silvia,Castillo,Huanca,2004/06/27,20,F,Casado,Postgrado,Empleado Privado,Salud,Yanahuara,Arequipa,Sur,3263.65,2251.83,63199.58,419,Regular,Referido,154,2012-04-20,8,Activo
3352,DNI,16699341,Juan, Rojas ,Torres,1996/02/28,28,M,Soltero,Universitario,Empleado Público,Transporte,Santiago de Surco,Lima,Lima y Callao,1212.68,645.61,43427.21,508,Regular,Agencia,165,2011/06/11,2,Activo
3353,DNI,17137564,Jorge,Romero,Gutiérrez,1985-11-04,39,M,Casado ,Técnico,Empleado Privado,Salud,Wanchaq,Cusco,Sur,1200.53,702.12,37249.51,507,Regular,Referido,76,2018/09/29,17,Activo
3354,DNI,70025188,Cecilia,Gutiérrez,Cusi,18-03-2000,24,F,Conviviente,Universitario,Empresario,Educación,Pisco,Ica,Sur,5387.18,3501.54,66466.75,499,Regular,Agencia,3,2024/03/21,20,Activo
3355,DNI,21609228,Claudia,Ortiz,Chávez,1972/12/09,52,F,Conviviente,Universitario,Empresario,Manufactura,Cayma,Arequipa,Sur,17971.17,12432.9,250701.06,478,VIP,Digital,9,2022/05/06,6,Activo
3356,DNI,2328521,Elena,Huanca,Gómez,1983-06-11,41,F,Soltero,Secundaria,Empleado Privado,Educación,Yanahuara,Arequipa,Sur,2461.97,1052.55,44760.97,510,Regular,Telemarketing,171,17/11/2010,8,Activo
3357,DNI,47690290,Marco,Apaza,Rojas ,20-12-1980,44,M,Conviviente,Secundaria,Empleado Privado,Educación,Iquitos,LorEto,Oriente,2424.19,1129.75,127149.94,466,Regular,Digital,132,2014-02-11,22,Activo
3358,DNI,92782972,Eduardo,Vargas,Martínez,1996/01/29,28,M,Conviviente,Universitario,Pensionista,Manufactura,Cayma,Arequipa ,Sur,1390.63,611.41,71663.06,490,Regular,Digital,111,27/10/2015,6,Activo
3359,DNI,85643206,Sofía,vargas,Cruz,1971-06-01,53,F,Divorciado,Técnico,Empleado Privado,Finanzas,Huancayo,Junín,Centro,2642.11,1067.5,46749.14,468,Regular,Campaña Institucional,69,2019-04-08,18,Activo
3360,DNI,45734854,Eduardo,Apaza,Morales,1995/04/11,29,M,soltero ,Universitario,Empresario,Construcción,Chimbote,Ancash,Centro,6413.5,2800.14,201130.5,439,Premium,Agencia,81,13/04/2018,21,Activo
3361,DNI,73349452,Cecilia,Gómez,Herrera,1960/10/15,64,F,Divorciado,técnico,Empleado Privado,Construcción,iquitos,Loreto,Oriente,1728.17,1177.11,82757.36,528,Regular,,142,2013/05/01,22,Activo
3362,DNI,13187639,Roberto,Álvarez,Huanca,1964-10-04,60,M,Casado ,Universitario,Empleado Público,Comercio,San Juan de Lurigancho,LIMA  ,Lima y Callao,3047.14,1910.69,121210.23,545,Regular,Referido,166,30-04-2011,1,Inactivo
3363,DNI,5702730,María,Rivera,Castro,1994/05/20,30,F,Divorciado,Postgrado,Independiente,Tecnología,Chiclayo,Lambayeque,Norte,850.0,474.5,25300.43,509,Regular,Telemarketing,27,2020-02-04,12,Bloqueado
3364,CE,821038878,Carlos,Martínez,Reyes,1964-03-21,60,M,Soltero,Secundaria,Empleado Privado,Agricultura,Santiago de Surco,Lima,Lima y Callao,2599.04,1061.88,29045.91,452,Regular,Agencia,13,2022/09/23,2,Activo
3365,DNI,55538709,Cecilia,Herrera,Chávez,2004-12-08,20,F,casado ,Universitario,Independiente,Transporte,Cayma,Arequipa,Sur,978.12,644.87,53864.67,445,Regular,Referido,73,2018/12/06,6,Activo
3366,DNI,87544963,Diana,López,Herrera,1963-04-10,61,F,Soltero,Universitario,Independiente,Agricultura,Yanahuara,Arequipa,Sur,4273.38,2917.21,191668.3,535,Regular,Telemarketing,121,2015-01-21,8,Activo
3367,DNI,43101609,Diego,Gómez,Ortiz,24-04-1987,37,M,Casado,Secundaria,Empleado Privado,Educación,Pisco,Ica,Sur,2047.33,898.36,18900.74,999,Regular,Digital,6,2020-10-07,20,Activo
3368,DNI,5423357,María,Rivera,Gutiérrez,17-11-1980,44,F,Soltero,Técnico,Pensionista,Tecnología,Chiclayo,Lambayeque ,Norte,850.0,569.31,34027.19,450,Regular,Referido,9,13-09-2021,12,Bloqueado
3369,DNI,39905379,Ricardo,Ortiz,Gómez,1993/01/23,31,M,Conviviente,Universitario,Empleado Público,Finanzas,Iquitos,LoReTo,Oriente,1554.6,846.5,41724.64,520,Regular,Digital,72,2019-01-18,22,Activo
3370,DNI,28261362,Valeria,Huanca,Flores,1984/04/03,40,F,Soltero,Universitario,Independiente,Otro,Los Olivos,Lima,Lima y Callao,2176.37,1096.47,51610.38,556,Regular,Agencia,134,2013/12/05,4,Activo
3371,DNI,46321827,Adriana,Díaz,Laime,30-07-1991,33,F,Soltero,Universitario,Independiente,Educación,Cajamarca, Cajamarca ,Norte,8012.92,3434.36,214304.13,448,Premium,,8,2020-10-11,24,Bloqueado
3372,DNI,7798989,Patricia,Castro,Choque,1981-06-10,43,F,Casado,Universitario,Empleado Privado,Tecnología,Trujillo,La Libertad,Norte,2493.48,981.78,140330.7,496,Regular,,77,2018-08-08,10,Inactivo
3373,DNI,62525580,Fernando,Choque,ApaZa ,1977-07-21,47,M,Conviviente,Universitario,Empresario,Transporte,Wanchaq,Cusco,Sur,7723.08,-4846.98,190419.94,484,Regular,Agencia,15,2022/08/06,17,Activo
3374,DNI,43192621,Carmen,Díaz,González,21-09-1996,28,F,Conviviente,Postgrado,Empleado Público,Manufactura,Iquitos,Loreto,Oriente,5134.0,2164.09,121872.72,465,Regular,Agencia,124,15/10/2014,22,Activo
3375,DNI,46116081,Rodrigo,Herrera,Ramos,1974/10/10,50,M,Viudo,Técnico,Empleado Privado,Otro,Chiclayo,Lambayeque,Norte,1352.23,-736.35,40652.66,482,Regular,Agencia,1,2021-08-06,13,Activo
3376,DNI,51108030,Iván,Rojas,Torres,1984/02/15,40,M,Casado,Secundaria,Pensionista,Agricultura,Víctor Larco Herrera,La Libertad,Norte,,777.0,71574.92,332,Regular,Digital,11,2024-01-07,11,Activo
3377,DNI,71003666,Iván,Quispe,López,1981-09-07,43,M,Conviviente,Secundaria,Independiente,Manufactura,Miraflores,Lima,Lima y Callao,1050.7,434.41,49548.37,504,Regular,Agencia,150,2012/08/27,3,Activo
3378,DNI,55991524,Alejandro,Choque,González,1995-07-13,29,M,Soltero,Universitario,Independiente,Otro,Piura,Piura,Norte,1155.13,702.2,49567.21,450,Regular,Agencia,16,2022/01/01,14,Activo
3379,DNI,16230030,Rodrigo,Sánchez,Castillo,1995/09/30,29,M,Soltero,Universitario,Empresario,Otro,La Esperanza,La Libertad,Norte,3887.37,2323.49,213960.93,425,Regular,Agencia,72,2019/01/08,9,Bloqueado
3380,DNI,31149638,Lucía,Díaz,Vargas,2005/01/04,20,F,Casado,Técnico,Empresario,Agricultura,Wanchaq,Cusco,Sur,8803.82,-5088.67,305218.97,416,Regular,Telemarketing,176,19/06/2010,17,Activo
3381,DNI,94260320,Jorge,Torres,González,1985-05-08,39,M,Soltero,,Independiente,Manufactura, Chimbote,Ancash,Centro,3860.39,1938.95,205659.8,452,Regular,Referido,29,2020-11-09,21,Activo
3382,DNI,12105970,Rosa,Castillo,Ramos,31-10-1992,32,F,Conviviente,Secundaria,Empleado Público,Otro,Yanahuara,Arequipa,Sur,2134.96,1024.01,34003.5,553,Regular,Agencia,150,2012/08/14,8,Activo
3383,DNI,71232095, Fernando ,Rojas,García,1997-01-15,27,M,Viudo,Universitario,Empleado Privado,Comercio,Cayma,Arequipa,Sur,2342.06,1201.14,47391.02,369,Regular,Digital,179,14-04-2010,6,Activo
3384,DNI,69300903,Diana,Condori,Cusi,1987/06/11,37,F,Casado,Técnico,Independiente,Otro,San Juan de Lurigancho,Lima,Lima y Callao,2298.05,1078.87,25005.25,433,Regular,Agencia,101,2016-08-20,1,Activo
3385,DNI,47142720, Mónica,Pérez,Cruz,26-08-1988,36,F,Casado,Universitario,Empleado Privado,Manufactura,La Esperanza,La Libertad,Norte,1344.6,567.14,24250.9,480,Regular,Digital,70,2019/03/26,9,Activo
3386,DNI,61962326,Sofía,Laime,Torres,1970/06/11,54,F,Divorciado,Técnico,Estudiante,Transporte,Lima,Lima,Lima y Callao,850.0,498.13,10730.77,468,Regular,Agencia,136,2013-10-22,5,Activo
3387,DNI,3446943,Diego,Rojas,García,1976-07-15,48,M,Soltero,tecnico,,Finanzas,Trujillo,La Libertad,Norte,3582.36,2049.86,190564.3,437,Regular,Telemarketing,169,2011-01-28,10,Activo
3388,DNI,1226995,Lucía,López,Mamani,14-02-1985,39,F,Soltero,Universitario,Empleado Público,Comercio,Wanchaq  ,Cusco,Sur,2309.42,932.58,35893.55,497,REGULAR,Telemarketing,129,2014/05/12,17,Activo
3389,DNI,71287533,SoFíA,Ramos,Flores,23-12-2004,20,F,Conviviente,Universitario,Empleado Público,Tecnología,Santiago de Surco,Lima,Lima y Callao,2148.67,1433.19,108770.73,557,Regular,Agencia,109,2015/12/26,2,Inactivo
3390,DNI,21425482,María,González,Díaz,1981/06/02,43,F,Casado,Universitario,,Finanzas,El Tambo,Junín,Centro,3113.09,1999.03,74846.7,482,Regular,Digital,76,19/09/2018,19,Activo
3391,DNI,7217699,Pablo,Gómez,Rivera,1961-04-02,63,M,Casado,Técnico,,Comercio,Trujillo,La Libertad,Norte,3519.62,1738.74,130951.6,572,Regular,Agencia,122,25-11-2014,10,Activo
3392,DNI,7009740,Ricardo,Pérez,Quispe,1978-12-08,46,M,Casado,Técnico,Empresario,Finanzas,Chimbote,Ancash,Centro,3974.52,2010.31,226033.29,505,Regular,Telemarketing,159,29-11-2011,21,Activo
3393,DNI,59146936,María,García,Díaz,1983-02-05,41,F,Casado,Universitario,,Educación,Wanchaq,Cusco,Sur,3720.71,1520.45,110516.6,571,Regular,Agencia,62,2019/11/07,17,Activo
3394,DNI,51419734,Ana,Martínez,Torres,1969/05/03,55,F,Conviviente,Universitario,Independiente,Comercio,Cayma,Arequipa,Sur,948.47,630.02,19143.22,516,Regular,Digital,25,26/11/2022,6,Inactivo
3395,DNI,86804779,Manuel,Huanca, vargas ,18-08-1974,50,M,Soltero,Universitario,Empleado Público,Servicios,Cajamarca,Cajamarca,Norte,2866.57,1808.72,95160.73,486,Regular,Referido,93,13/04/2017,24,Activo
3396,DNI,11705946,Diana,Cusi,Herrera,1949-03-30,75,F,Casado,Tecnico,Empleado Público,Agricultura,El Tambo,Junín,Centro,1582.56,875.33,89374.24,473,Regular,Campaña Institucional,24,2021/02/24,19,Activo
3397,DNI,29540054,Adriana,Laime,Díaz,1980-04-25,44,F,Casado,Secundaria,Independiente,Construcción,Iquitos,Loreto,Oriente,10417.98,5263.54,227813.66,460,Premium,Telemarketing,64,2019-09-06,22,Activo
3398,DNI,64029816,Claudia,Pérez,Álvarez,1986/06/15,38,F,Casado,Postgrado,Empleado Privado,Tecnología,El Tambo,Junín,Centro,4733.23,2644.3,183974.2,485,Regular,Digital,160,2011/11/02,19,Activo
3399,DNI,55152198,Miguel,Rodríguez, Rodríguez,1987/09/17,37,M,Divorciado,TECNICO,Independiente,Construcción,La Esperanza,La Libertad,Norte,3333.63,1842.61,114772.78,497,regular,Agencia,122,20-12-2014,9,Activo
3400,DNI,4415682,Ángela,Quispe, Flores ,1970/01/16,54,F,Conviviente,Universitario,Empleado Público,Comercio,MIRAFLORES,Lima,Lima y Callao,3858.71,2624.59,127436.0,545,Regular,,33,21-02-2020,3,Activo
3401,CE,189892662,Elena,Laime,Laime,15-08-1979,45,F,Conviviente,Universitario,Independiente,Finanzas,Chimbote,Ancash,Centro,2770.65,1596.79,145873.56,519,Regular,Agencia,15,2023/09/13,21,Activo
3402,DNI,29570349,Mónica,Romero,Ortiz,14/12/1982,42,F,Conviviente,Secundaria,Empleado Público,Transporte,Cajamarca,Cajamarca,Norte,2109.58,1082.0,61826.25,573,Regular,Agencia,10,2024/03/06,24,Activo
3403,DNI,95209846,Diego,Apaza,Huanca,1964-06-28,60,M,Casado,Técnico,Empleado Público,Agricultura,Cajamarca,Cajamarca,Norte,1311.99,754.28,71084.28,533,Regular,Digital,142,2013-04-09,24,Activo
3404,DNI,28029143,Marco,Castro,Díaz,1991/02/23,33,M,Viudo,Técnico,Empresario,Construcción,Tarapoto,San Martín,Oriente,4435.02,2114.62,104082.98,520,Regular,Referido,32,2021/07/08,23,Inactivo
3405,DNI,19268075,Juan,González,Castillo,1974/07/13,50,mas,Conviviente,Universitario,Independiente,Finanzas,  VícTor laRco heRreRa,La Libertad,Norte,2286.64,990.34,59567.87,394,Regular,Campaña Institucional,35,2021/01/06,11,Activo
3406,DNI,82878991,Fernando,Apaza,Apaza,1994/01/11,30,M,CASADO,Postgrado,Pensionista,Construcción,Sullana  ,Piura,Norte,1363.46,522.14,50819.09,317,Regular,Agencia,61,2019-12-04,15,Bloqueado
3407,DNI,10023977,Roberto,  Choque,Cusi,1968/11/21,56,M,Viudo,Técnico,Empleado Público,Servicios,Pisco,Ica,Sur,2874.93,1879.98,51457.91,602,Regular,Agencia,156,2012-03-04,20,Activo
3408,DNI,97105754,Daniela,González,Álvarez,27-09-1985,39,F,Casado,Universitario,Empleado Público,Servicios,Yanahuara,Arequipa,Sur,904.1,620.14,30961.64,523,Regular,Agencia,46,2021-03-06,8,Activo
3409,Pasaporte,128147143,Iván,Pérez,Álvarez,1967-06-06,57,M,Casado,Técnico,Empresario,Comercio,Huancayo,Junín,Centro,11125.02,7343.83,507895.56,511,Regular,Agencia,168,2011-02-24,18,Bloqueado
3410,DNI,705530,Rodrigo,Chávez,Rodríguez,25-01-1981,43,M,Casado,Universitario,Empresario,Salud,Víctor Larco Herrera,La Libertad,Norte,4197.87,2627.37,77637.15,467,Regular,Digital,157,26-01-2012,11,Activo
3411,DNI,92745379,Alejandro,Álvarez,Cusi,1971-10-05,53,M,Casado,Universitario,Empleado Privado,Finanzas,Chiclayo,Lambayeque,Norte,1695.55,885.48,50791.56,453,Regular,Referido,14,2020/10/16,13,Activo
3412,DNI,88303350,Enrique,López,Rojas,1996-03-04,28,M,Soltero,Técnico,,Educación,Los Olivos,Lima,Lima y Callao,1208.64,777.04,10859.98,472,Regular,Agencia,116,2015-06-03,4,Activo
3413,DNI,97317367, Valeria,Vargas, López,30/09/1969,55,F,Viudo,Universitario,Independiente,Construcción,Miraflores,Lima,Lima y Callao,2250.72,1566.65,97415.01,424,Regular,Agencia,2,19/10/2024,3,Activo
3414,DNI,73081634,Rosa,Rodríguez,Chávez,17-07-1972,52,F,Casado,secundaria,Empresario,Transporte,San Juan de Lurigancho,Lima,Lima y Callao,16965.45,9581.23,448880.49,516,VIP,Agencia,28,2022/02/11,1,Activo
3415,DNI,61273585,Valeria,Romero,Quispe,1988/10/13,36,F,Divorciado,Universitario,,Agricultura,Tarapoto,San Martín,Oriente,2475.59,1619.15,60771.42,588,Regular,Agencia,80,13-05-2018,23,Activo
3416,DNI,16135024,Alejandro,GaRcÍa  ,Condori,24/07/1989,35,M,Casado,Universitario,Empleado Público,Transporte,Arequipa,Arequipa,Sur,1172.65,803.97,19659.45,529,Regular,Telemarketing,99,2016-11-08,7,Inactivo
3417,DNI,35729898,Lucía,Castillo,Rojas,1973/04/25,51,F,Soltero,Universitario,Pensionista,Agricultura,Santiago de Surco,Lima,Lima y Callao,1122.03,763.63,55620.7,468,Regular,,135,2013-11-12,2,Activo
3418,DNI,95800684,Lucía,Cusi,Gómez,1971/03/06,53,F,Soltero ,Universitario,Empleado Privado,Educación,Trujillo,La Libertad,Norte,4018.04,2090.68,115615.31,465,regular ,Agencia,60,24/01/2020,10,Activo
3419,DNI,87484893,Manuel,González,Rivera,29-10-1982,42,M,Divorciado,Técnico,Empresario,Tecnología,Trujillo,La Libertad,Norte,,1585.49,67479.5,545,Regular,Agencia,126,2014-08-02,10,Activo
3420,DNI,74214157,Juan,Laime,Sánchez,21-09-1986,38,M,Soltero,Universitario,Empleado Público,Construcción,Iquitos,Loreto,Oriente,1718.89,1159.51,55503.43,498,REGULAR,Telemarketing,144,2013/02/08,22,Activo
3421,DNI,76149434,Carlos,Castillo,Cusi,14-03-1982,42,M,Soltero,Secundaria,Independiente,Manufactura,Iquitos,Loreto,Oriente,4363.1,2222.52,59956.02,524,Regular,Referido,77,2018-08-09,22,Activo
3422,DNI,23558972,Alejandro,Sánchez,Ramos,30/01/1984,40,M,Casado,Técnico,Independiente,Comercio,Víctor Larco Herrera,La Libertad,Norte,3919.77,2319.13,123990.36,509,Regular,Agencia,66,2019-07-09,11,Activo
3423,DNI,93466297,Luis,Sánchez,García,1988-04-19,36,M,soltero ,Universitario,Empleado Público,Agricultura,San Juan de Lurigancho,Lima,Lima y Callao,1916.16,1259.15,47652.01,489,Regular,Digital,157,2012-01-21,1,Activo
3424,DNI,30972967,  Diana,VaRgAs  ,Quispe,1976/10/09,48,F,Divorciado,Universitario,Empleado Público,Tecnología,Víctor Larco Herrera,La Libertad,Norte,1904.8,907.13,88895.14,494,Regular,Agencia,170,2011/01/14,11,Activo
3425,DNI,23013011,Alejandro,Vargas,Rodríguez,1959/09/02,65,M,Soltero,Técnico,Empleado Privado,Manufactura,Yanahuara,Arequipa,Sur,5350.68,2252.01,201204.16,478,Premium,Agencia,73,30-12-2018,8,Activo
3426,DNI,39122190,Marco,Álvarez,Castro,13/06/1976,48,MASCULINO,Soltero,Universitario,Empleado Público,Otro,La Esperanza,La Libertad,Norte,2312.95,1236.11,134739.22,538,Regular,Telemarketing,132,2014-02-24,9,Activo
3427,DNI,69442110,Óscar,López,Gutiérrez,1981/09/12,43,M,Casado,Secundaria,Empleado Público,Finanzas,Cajamarca,CaJaMaRcA,Norte,3421.7,2277.92,81308.33,530,Regular,,66,23-07-2019,24,Inactivo
3428,CE,710404464,Juan,Cruz,Rivera,1983-06-16,41,Masculino,Divorciado,Postgrado,Independiente,Educación,Víctor Larco Herrera,La Libertad,Norte,4800.22,3037.66,60776.62,503,Regular,Agencia,25,2022-04-12,11,Activo
3429,DNI,79057358,Patricia,Apaza,Ramos,1981-12-23,43,F,Soltero,Postgrado,Estudiante,Agricultura,Cajamarca,Cajamarca,Norte,850.0,581.42,38984.33,481,Regular,Agencia,162,23/08/2011,24,Activo
3430,DNI,90050674,Enrique,Rivera,Romero,13-07-1982,42,M,Divorciado,Postgrado,Empleado Privado,Otro,El Tambo,Junín,Centro,2124.18,808.32,89729.17,445,Regular,Telemarketing,41,15-03-2020,19,Activo
3431,DNI,81301217,Alejandra,Cusi,Laime,1994-12-11,30,F,Soltero,Universitario,Empleado Privado,Agricultura,Yanahuara,Arequipa,Sur,,751.43,72928.86,419,Regular,Agencia,152,2012/06/30,8,Activo
3432,DNI,18536106,Iván,González,Reyes,1985/09/02,39,M,Casado,Técnico,Empleado Privado,Educación,Piura,Piura,Norte,2930.88,1286.77,114266.76,469,Regular,Telemarketing,31,2021-11-09,14,Activo
3433,DNI,57810528,Lucía,Vargas,Apaza,22-02-2004,20,F,Casado,Secundaria,Empleado Privado,Otro,Yanahuara  ,Arequipa,Sur,5215.86,2197.84,260359.39,520,Regular,Referido,41,2021/08/07,8,Activo
3434,DNI,5411669,Carmen,Condori,Jiménez,1977/07/06,47,f,Conviviente,Secundaria,Empleado Privado,Transporte,Huancayo,Junín,Centro,7672.61,3694.56,244179.64,452,Regular,Agencia,113,2015/09/01,18,Activo
3435,CE,697686990,Valeria,Flores,Ramos,1960-11-06,64,fem,Soltero,Técnico,Empleado Público,Construcción,Pisco,Ica,Sur,1673.3,1087.32,65745.47,546,Regular,Digital,106,2016-03-27,20,Inactivo
3436,DNI,97038341,Carlos,Ortiz,Torres,1998-09-05,26,M,Soltero,Secundaria,Empleado Público,Servicios,La esperanza,La Libertad,Norte,1865.26,1225.37,77244.32,503,Regular,Agencia,172,2010-11-14,9,Activo
3437,CE,824560943,Paola,López,González,1984/04/10,40,F,Conviviente,Secundaria,Empleado Privado,Manufactura,Wanchaq,Cusco,Sur,4008.45,2717.32,169291.71,493,Regular,Campaña Institucional,79,17/06/2018,17,Activo
3438,DNI,38447278,Patricia,Díaz ,Laime,1989-02-16,35,F,Soltero,Universitario,Empleado Privado,Finanzas,Chiclayo,Lambayeque,Norte,2031.63,997.94,21687.54,521,Regular,Agencia,116,20-06-2015,12,Activo
3439,DNI,7664712,Ángela,Mamani,Cruz,1990-07-04,34,F,Soltero,Técnico,Empresario,Educación,Chiclayo,Lambayeque,Norte,9332.05,4507.94,530484.34,576,Regular,Digital,13,16-11-2023,13,Activo
3440,DNI,5832697,Alejandro,Vargas,Chávez,2003/03/09,21,M,Casado,Técnico,Empleado Público,Educación,Cusco,Cusco,Sur,2791.65,1156.6,70027.22,590,Regular,Campaña Institucional,153,2012/05/22,16,Activo
3441,DNI,27833285,Ana,González,Romero,1979/03/08,45,F,Casado,Universitario,Empleado Público,Tecnología,Cajamarca,Cajamarca,Norte,2742.42,1178.06,124206.12,570,Regular,Agencia,11,2024/01/17,24,Activo
3442,DNI,26293658,José,González,López,28/06/1990,36,M,Casado ,Universitario,Empleado Privado,Finanzas,Wanchaq,Cusco,Sur,3025.58,1453.36,38970.9,410,Regular,Telemarketing,39,2021-09-19,17,Activo
3443,DNI,38851586,Jorge,Martínez,Ramos,1981-04-07,43,M,Casado,Universitario,Empleado Público,Finanzas,Iquitos,Loreto,Oriente,2594.84,1723.33,40388.92,538,Regular,Agencia,120,2015/02/01,22,Activo
3444,DNI,15458061,Carmen,Apaza,Apaza,1970/11/05,54,F,Conviviente,Técnico,Independiente,Comercio,San Juan de Lurigancho,Lima,Lima y Callao,1479.02,600.26,47737.85,474,Regular,Campaña Institucional,128,30-05-2014,1,Bloqueado
3445,DNI,72598568,Luis,Flores,Gómez,1961-01-12,64,M,Soltero,Universitario,Empleado Privado,Construcción,Pisco,Ica,Sur,3082.43,1370.79,96082.9,527,Regular,Agencia,27,2022/10/06,20,Inactivo
3446,DNI,73632515,Valeria,Reyes,Vargas,1983-09-05,41,FEMENINO,Soltero,Secundaria,Empresario,Agricultura,Chimbote,Ancash,Centro,3476.83,1611.58,34492.79,597,Regular,Digital,148,27/10/2012,21,Activo
3447,DNI,76917135,Andrés,Cruz,Pérez,1989-12-23,35,M,Casado,Secundaria,Independiente,Tecnología,Trujillo,La Libertad,Norte,1003.15,435.98,39830.93,449,Regular,Campaña Institucional,115,2015-07-11,10,Bloqueado
3448,CE,272419878,Diana,Sánchez,Mamani,21-10-2004,20,F,Conviviente,Universitario,Empleado Público,Manufactura,Sullana,Piura,Norte,1355.13,720.08,16864.91,419,Regular,Agencia,29,26-07-2022,15,Activo
3449,DNI,27961770,Héctor,Romero,Rojas,1975-12-09,49,M,Soltero,Universitario,Empleado Privado,Tecnología,San Juan de Lurigancho,Lima,Lima y Callao,2141.91,1048.9,95824.39,546,Regular,Agencia,179,21-03-2010,1,Activo
3450,DNI,11989683,VaLeRiA  ,González,Romero,1966/10/14,58,FEMENINO,Casado,Secundaria,Independiente,Construcción,Pisco,Ica,Sur,,2108.22,164739.78,504,Regular,Referido,141,2013/05/26,20,Activo
3451,DNI,89509157,María,Medina,Rodríguez,1981/02/22,43,F,Casado,Técnico,Empleado Privado,Transporte,Lima,LimA,Lima y Callao,1338.82,640.39,25209.33,479,Regular,Agencia,156,2012-03-09,5,Activo
3452,DNI,86531235,Adriana,Álvarez,Rivera,22/10/1993,31,F,Casado,Universitario,Independiente,Agricultura,Cayma,Arequipa,Sur,3475.54,2323.37,184192.5,614,Regular,Agencia,85,2018/01/07,6,Activo
3453,DNI,45797273,Alejandro,Gutiérrez,Chávez,24/08/1977,47,m,Divorciado,universitario,Estudiante,Otro,Santiago de Surco,LIMA,Lima y Callao,850.0,516.62,13717.08,472,Regular,Telemarketing,69,2019/04/05,2,Inactivo
3454,DNI,80743857,Carmen,Sánchez,Condori,25/12/1981,43,F,Viudo,Universitario ,Empleado Público,Manufactura,Chimbote,Ancash,Centro,2201.69,1446.77,127570.56,468,Regular,Telemarketing,41,2020-08-25,21,Bloqueado
3455,DNI,7277876,Valeria,Torres,Vargas,1980-07-08,44,F,Casado,Postgrado,Empleado Público,Finanzas,Cajamarca,Cajamarca,Norte,1303.13,850.27,41284.05,456,Regular,Campaña Institucional,49,2020-12-08,24,Activo
3456,DNI,58368251,Carlos,Herrera,Mamani,1975/12/26,49,M,Casado,Secundaria,Empleado Privado,Construcción,Los Olivos,Lima,Lima y Callao,1805.02,1197.86,79443.9,526,Regular,Agencia,154,2012/05/04,4,Activo
3457,DNI,22837213,Daniela,Herrera,Flores  ,1999/06/29,25,F,Soltero,Universitario,Empresario,Manufactura,Yanahuara,Arequipa,Sur,14407.64,9686.58,441373.02,463,Premium,Agencia,74,24-11-2018,8,Activo
3458,DNI,22792817,Iván,Chávez,García,16-02-1985,39,M,SOLTERO,Secundaria,Empleado Privado,Manufactura,Trujillo,La Libertad,Norte,3283.96,1535.21,63290.91,453,Regular,Agencia,71,19-02-2019,10,Activo
3459,DNI,25599484,Carlos,Ortiz,Cusi,16-01-1981,43,M,Casado,Universitario,Empleado Privado,Salud,Chiclayo,Lambayeque,Norte,3826.53,1747.53,194527.37,544,Regular,Agencia,38,2021/10/28,13,Activo
3460,CE,87106235,Iván,Huanca,Castro,1973/02/24,51,M,Divorciado,Universitario,Independiente,Educación,La Esperanza,La Libertad,Norte,2208.74,1379.91,105074.21,492,Regular,Digital,28,2022/09/06,9,Activo
3461,DNI,56602076,Héctor,Ortiz,Gutiérrez,1954-07-05,70,M,Casado,Técnico,Independiente,Transporte,Tarapoto,San Martín,Oriente,5496.04,3109.58,285140.77,470,Regular,Agencia,99,2016-10-23,23,Inactivo
3462,DNI,49418442,Fabiola,Álvarez,Torres,1981/10/31,43,F,Casado,Universitario,Empleado Público,Finanzas,Víctor Larco Herrera,La Libertad,Norte,1859.34,840.86,83194.83,500,Regular,Digital,124,2014-09-30,11,Activo
3463,DNI,2229518,Daniela,Mamani,Jiménez,21-08-1997,27,F,Divorciado,Universitario,Independiente,Tecnología,Trujillo, La Libertad ,Norte,1549.23,629.53,53660.24,563,Regular,Digital,70,14/03/2019,10,Inactivo
3464,DNI,87699157,Luis,Medina,Vargas,16/07/1976,48,M,Soltero,Universitario,Empleado Privado,Comercio,Los Olivos,Lima,Lima y Callao,856.93,572.21,30115.71,560,Regular,Agencia,80,18/05/2018,4,Activo
3465,DNI,90934274,Cecilia,Laime,Martínez,21-04-1969,55,F,Conviviente,Técnico,Independiente,Tecnología,Cusco,Cusco,Sur,1992.05,1308.3,32006.42,545,Regular,Agencia,132,2014-02-23,16,Activo
3466,DNI,29952043,Luis,Herrera,Castillo,30-11-1993,31,M,SOLTERO,Técnico,Empleado Privado,Agricultura,Pisco,Ica,Sur,2063.89,906.92,84909.14,553,Regular,Agencia,158,2012-01-02,20,Activo
3467,DNI,58576050,Diego,Herrera,Mamani,1986-01-22,38,MASCULINO,Casado,Universitario,Independiente,Transporte,Trujillo,La Libertad,Norte,850.0,588.07,48344.4,475,Regular,Digital,100,24/09/2016,10,Activo
3468,DNI,19405484,Paola,Herrera,Díaz,28/02/1983,41,FEMENINO,Casado,Técnico,Estudiante,Construcción,Miraflores,Lima,Lima y Callao,1039.06,666.46,44774.81,484,Regular,Digital,137,2013-09-14,3,Activo
3469,DNI,5426024,Fabiola,Díaz,Herrera,17/04/1988,36,F,Soltero,UNIVERSITARIO,Empleado Privado,Servicios,Sullana,Piura,Norte,4584.77,2543.53,83712.2,489,Regular,Digital,99,18-10-2016,15,Activo
3470,DNI,70134223,Sofía,Medina  ,Flores,1992-05-23,32,F,Casado,Técnico,Empleado Privado,Comercio,Huancayo,Junín,Centro,4690.09,2852.63,206028.13,488,Regular,Agencia,79,2018-06-19,18,Bloqueado
3471,DNI,10412588, Daniela,Huanca,Torres,16-12-1982,42,FEMENINO,Conviviente,Universitario,Empresario,Agricultura,Chimbote,Ancash,Centro,6381.98,3774.21,194257.21,456,Premium,Digital,9,25/05/2023,21,Activo
3472,DNI,26172827,Roberto,Vargas,Martínez,1989/02/25,35,M,Soltero,Universitario,Empleado Privado,Servicios,Pisco,Ica,Sur,2702.12,1619.74,39069.85,467,Regular,Agencia,139,16/07/2013,20,Activo
3473,DNI,10084952,Fabiola,Huanca,Rojas,1968-01-13,57,FEMENINO,Casado,Técnico,Empleado Privado,Comercio,Tarapoto,San Martín,Oriente,3536.25,1550.1,48464.44,559,Regular,Referido,55,2020/06/01,23,Activo
3474,CE,494789792,Rosa,Choque,Condori,16/02/1982,42,F,Casado,Universitario,Independiente,Finanzas,Víctor Larco Herrera,La Libertad,Norte,4884.83,2819.31,109509.69,514,Regular,Digital,127,15/07/2014,11,Activo
3475,DNI,31882978,Diana,Pérez,Álvarez,21/01/1982,42,F,Viudo,Universitario,Independiente,Salud,Chimbote,Ancash,Centro,2310.43,1165.73,65696.75,435,Regular,Agencia,56,21/05/2020,21,Activo
3476,DNI,54845240,David,Apaza,RamOs,1976/04/28,48,M,Viudo,Postgrado,Empresario,Servicios,Piura,Piura,Norte,5853.63,2385.94,177792.1,496,Premium,Digital,58,2020-03-17,14,Activo
3477,DNI,32705544,Rosa,Ortiz,Gómez,1969/11/17,55,F,Soltero,Técnico,Independiente,Agricultura,Chimbote,Ancash,Centro,1067.71,668.55,34492.55,481,regular ,Telemarketing,61,2019-12-03,21,Activo
3478,DNI,79042661,Lucía,Ortiz,Cruz,27/10/1970,54,F,Casado,Técnico,Estudiante,Otro,Wanchaq,Cusco,Sur,850.0,583.66,39469.36,500,Regular,Digital,152,17-06-2012,17,Bloqueado
3479,DNI,12013279,Alejandro,Herrera,Ramírez,1979-04-12,45,M,Casado,Técnico,Empleado Privado,Finanzas,Víctor Larco Herrera,La Libertad,Norte,3186.47,2185.56,126360.19,410,Regular,Referido,132,27-02-2014,11,Activo
3480,Pasaporte,390306416,Manuel,Pérez,Mamani,1987/05/05,37,M,Casado,Universitario,Empresario,Construcción,Los Olivos,Lima,Lima y Callao,14556.4,8098.95,129273.85,488,VIP,Referido,15,18-12-2021,4,Activo
3481,DNI,2109859,Rodrigo,LÓPEZ,Quispe,23/04/1986,38,M,Soltero,Universitario,Empresario,Comercio,Sullana,PiuRa  ,Norte,4018.82,1881.9,53151.99,500,Regular,Telemarketing,118,2015/04/02,15,Activo
3482,CE,872742933,Jorge,Pérez,  Morales,1989/07/02,35,M,Divorciado,técnico,Empresario,Educación,Miraflores,Lima,Lima y Callao,7273.88,4587.15,353578.44,517,Premium,Referido,176,2010/06/28,3,Activo
3483,DNI,91780885,Rosa,Torres,Herrera,1973/03/16,51,F,Conviviente,Técnico,Empresario,Manufactura,Chimbote,Ancash,Centro,3261.3,1915.19,161777.83,504,Regular,Agencia,93,2017-04-14,21,Activo
3484,DNI,4574129,David,Cruz,Torres,1985-06-06,39,M,Conviviente,Universitario,Empleado Privado,Comercio,Sullana,Piura,Norte,3495.82,2052.85,154874.88,441,regular ,Referido,60,2020/01/09,15,Activo
3485,DNI,72178872,Óscar,Rodríguez,Castillo,1972-09-03,52,M,Casado,Técnico,Empleado Privado,Construcción,San Juan de Lurigancho,Lima,Lima y Callao,5545.38,3496.18,316511.64,454,Regular,Referido,34,2022/03/02,1,Activo
3486,DNI,53967183,Rodrigo,Reyes,Pérez,1988/10/14,36,M,Conviviente,Universitario,Pensionista,Finanzas,Cajamarca,Cajamarca,Norte,850.0,424.47,19324.28,620,Regular,Agencia,60,14-01-2020,24,Activo
3487,DNI,10518507,Andrés,Laime,Jiménez,1988/10/06,36,M,Conviviente,Universitario,Empleado Privado,Construcción,Yanahuara,Arequipa,Sur,6290.41,4208.45,308799.49,416,Regular,Agencia,28,2022/09/03,8,Inactivo
3488,DNI,3889113, Iván ,Torres,Choque,18-01-1994,30,mas,Soltero,Secundaria,Empleado Público,Educación,Huancayo,Junín,Centro,1457.58,557.73,50848.01,441,Regular,Agencia,86,2017-12-07,18,Activo
3489,DNI,80793446,DiEgO,Gutiérrez,Laime,1986-06-19,38,M,Casado,Universitario,Empresario,Otro,San Juan de Lurigancho,Lima,Lima y Callao,3635.31,2533.57,105066.21,459,Regular,Digital,116,18-06-2015,1,Activo
3490,DNI,791949,Óscar,Morales,Romero,23-03-1969,55,M,Soltero,Técnico,Independiente,Otro,Santiago de Surco,Lima,Lima y Callao,6033.46,3523.34,277183.06,566,Regular,,70,2019-03-25,2,Activo
3491,DNI,44301116,Adriana,López,Ramos,23/03/1976,48,F,Casado,Universitario,Independiente,Servicios,Víctor Larco Herrera,La Libertad,Norte,2601.54,1396.53,136569.09,469,Regular,Agencia,83,2018/02/12,11,Activo
3492,DNI,37558491,Ricardo,Vargas,Díaz,1994-07-11,30,M,Soltero,Universitario,Independiente,Educación,Cayma,Arequipa,Sur,2733.33,1878.54,118843.32,405,Regular,Referido,64,2019/09/16,6,Activo
3493,DNI,54739893,Luis,Gutiérrez,Apaza,1994-07-21,30,M,Casado,Secundaria,Empresario,Educación,Chiclayo,Lambayeque,Norte,10414.2,5285.82,357982.12,610,Premium,Agencia,83,2018/02/16,13,Activo
3494,DNI,71689232,Víctor,Flores,Ramos,1978-10-12,46,M,Divorciado,Secundaria,Empleado Público,Salud,Miraflores,Lima,Lima y Callao,3384.37,2275.05,176817.5,502,Regular,Agencia,83,2018/02/10,3,Activo
3495,DNI,14302767,Valeria,Reyes,Martínez,22/11/1999,25,f,Casado,Universitario,Pensionista,Finanzas,Chiclayo,Lambayeque,Norte,1166.18,733.67,12766.64,491,Regular,Agencia,115,2015/06/29,12,Activo
3496,DNI,10842979,Eduardo,García,Gutiérrez,1982-10-31,42,M,Casado,TECNICO,Independiente,Agricultura,San Juan de Lurigancho,Lima,Lima y Callao,1968.1,889.64,41677.76,539,Regular,Agencia,11,2021/11/02,1,Activo
3497,DNI,40551629,Fernando,Torres,Díaz,20/10/1994,30,Masculino,Casado,,Empleado Público,Construcción,Cayma,Arequipa,Sur,1407.63,906.48,17482.04,432,Regular,Digital,162,28-08-2011,6,Activo
3498,DNI,82079520,Cecilia,Cruz,Gutiérrez,1981/03/23,43,Femenino,Casado,Técnico,Empresario,Agricultura,Chiclayo,Lambayeque,Norte,3008.81,1227.34,161374.25,472,Regular,Referido,65,2019/08/13,13,Activo
3499,DNI,74816743,Iván,Díaz,Quispe,1991-11-29,33,MASCULINO,Soltero,Universitario,Empresario,Construcción,Cusco,Cusco,Sur,4571.08,2044.52,50954.3,416,Regular,Agencia,107,2016-03-12,16,Activo
3500,DNI,41647560,David,Laime,Álvarez,1981-05-24,43,M,Viudo,Universitario,Empleado Privado,Servicios,Chimbote,Ancash,Centro,5354.47,2543.18,181455.42,502,Regular,Agencia,27,28-09-2022,21,Activo
3501,DNI,82097886,Miguel,Herrera,Quispe,1964/03/07,60,M,Conviviente,Postgrado,Empleado Público,Manufactura,Huancayo,Junín,Centro,4088.45,2420.3,193321.22,580,Regular,Referido,47,13-02-2021,18,Inactivo
3502,DNI,73259896,Silvia,Gómez,Flores,1982-11-11,42,F,Soltero,Universitario,Empleado Privado,Manufactura,Piura,Piura,Norte,2880.56,1688.25,129534.59,530,Regular,Telemarketing,138,16-08-2013,14,Activo
3503,DNI,19409451,Iván,Herrera,Condori,1987/03/06,37,M,Casado,Universitario,Empleado Privado,Servicios,Wanchaq,Cusco,Sur,1069.14,495.31,17014.44,504,Regular,Digital,12,2021-12-26,17,Activo
3504,DNI,7682637,AleJanDro,Ortiz,  laime,28-07-1996,28,M,Soltero,Universitario,Empleado Privado,Educación,Chiclayo,Lambayeque,Norte,1573.88,723.88,88675.25,465,Regular,Digital,33,18-03-2022,13,Activo
3505,DNI,56654643,José,Ortiz,Álvarez,1984-07-08,40,M,Casado,Universitario,Independiente,Finanzas,Cusco,Cusco,Sur,854.71,546.92,9811.06,490,Regular,Digital,38,2021-11-08,16,Activo
3506,DNI,61247130,Manuel,Romero,García,1972/01/14,54,M,Casado,Secundaria,Empleado Privado,Agricultura,Tarapoto,San Martín,Oriente,1755.24,897.0,19454.19,572,Regular,Referido,93,2017/04/21,23,Inactivo
3507,DNI,2114091,Carmen, Pérez ,Romero,30/12/2001,23,F,Soltero,Universitario,Empleado Público,Servicios,Wanchaq,Cusco,Sur,4213.31,2359.59,103336.68,460,Regular,Digital,156,2012-03-06,17,Inactivo
3508,DNI,36193288,Claudia,Quispe,García,15-08-1981,43,F,Viudo,Universitario,Independiente,Salud,Yanahuara,Arequipa,Sur,850.0,-463.74,20919.0,482,Regular,Agencia,48,2021-01-06,8,Activo
3509,CE,975254217,Iván,Mamani,Jiménez,1980/02/09,44,M,Soltero,Universitario,Empleado Privado,Servicios,Pisco,Ica,Sur,2769.56,1288.15,85178.72,460,Regular,Digital,174,2010/09/01,20,Activo
3510,DNI,59053754,Diana,Castillo,Laime,29-03-1994,30,F,Casado,Secundaria,Pensionista,Finanzas,Trujillo,La Libertad,Norte,1497.25,978.39,41409.34,469,REGULAR,Digital,178,2010/05/01,10,Activo
3511,DNI,5947137,Diana,Ortiz,Torres,1965/01/10,60,F,Soltero,Secundaria,Empleado Privado,Educación,Sullana,PiuRa  ,Norte,2487.62,1385.01,114791.7,491,Regular,Referido,165,2011-06-08,15,Activo
3512,DNI,31254970,Daniela,Condori,González,15-02-1973,51,F,Casado,Secundaria,Empleado Público,Finanzas,Arequipa,Arequipa,Sur,1177.63,736.29,53340.73,452,Regular,Digital,149,27-09-2012,7,Activo
3513,DNI,98504788,Juan,López,Flores,1969-04-17,55,M,Soltero,Técnico,Empleado Público,Educación,San Juan de Lurigancho,Lima,Lima y Callao,1450.48,667.25,18802.72,425,Regular,Referido,117,16-05-2015,1,Activo
3514,DNI,40647088,Ángela,Rivera,Ramos,22-12-1957,69,F,Casado,Técnico,Empresario,Agricultura,Sullana,Piura,Norte,2899.66,1239.94,143054.5,545,Regular,Digital,34,18-09-2021,15,Activo
3515,DNI,20500094,Paola,Díaz,RoDrÍgUeZ,1982-10-26,42,F,Casado,,Empleado Público,Finanzas,Cusco,Cusco,Sur,850.0,571.68,35179.46,489,Regular,Digital,151,29/07/2012,16,Activo
3516,Pasaporte,943472969,Valeria,Gutiérrez,Jiménez,31-08-1977,47,F,Casado,Tecnico,Independiente,Servicios,Piura,Piura,Norte,3101.63,1364.07,58914.59,546,Regular,Telemarketing,3,19-01-2024,14,Activo
3517,DNI,81882649,Daniela,Laime,Rojas,1987/12/01,37,fem,Divorciado,Universitario,Independiente,Comercio,Wanchaq,Cusco,Sur,,1937.84,36315.19,444,Regular,Telemarketing,135,2013-11-18,17,Activo
3518,DNI,40943089,Roberto,Herrera,Ramos,1999/05/05,25,M,Conviviente,Técnico,Empleado Privado,Educación,Arequipa,Arequipa,Sur,,669.33,24811.23,379,Regular,Telemarketing,78,26/07/2018,7,Activo
3519,DNI,6957071,Héctor,Martínez,Castillo,1970-08-09,54,M,Soltero,Universitario,Independiente,Comercio,El Tambo,Junín,Centro,881.21,362.3,50676.0,517,Regular,Telemarketing,103,2016/07/13,19,Activo
3520,DNI,51717118,Alejandro,Vargas,Rivera,1986/05/03,38,M,Casado,Secundaria,Independiente,Manufactura,San Juan de Lurigancho,Lima,Lima y Callao,2104.56,1287.3,50829.95,556,Regular,Campaña Institucional,107,2016/02/29,1,Activo
3521,DNI,95940874,Pablo,González,Reyes,1988-11-06,36,M,Casado,Secundaria,Empresario,Manufactura,Santiago de Surco,Lima,Lima y Callao,7902.46,4640.44,373433.91,511,Regular,Agencia,6,2021-01-04,2,Activo
3522,DNI,20948461,César,Díaz,Rojas,1984/02/02,40,M,Divorciado,Universitario,Empleado Privado,Construcción,Chiclayo,Lambayeque,Norte,8859.14,6103.68,98595.48,418,Premium,Digital,155,2012/03/28,13,Activo
3523,DNI,18517530,Alejandro,Cusi,Chávez,1967/10/09,57,M,Conviviente,Universitario,Empleado Público,Salud,Miraflores,Lima,Lima y Callao,3055.45,1999.29,176978.57,505,Regular,Agencia,131,2014/03/23,3,Bloqueado
3524,DNI,25069832,Alejandro,Rojas,Cusi,1963-11-27,61,M,soltero ,Universitario,Empleado Público,Agricultura,Miraflores,Lima,Lima y Callao,1152.54,457.68,26070.08,503,Regular,Referido,33,2022/01/09,3,Activo
3525,DNI,4115166,Héctor,Álvarez,Choque,13/02/1997,27,M,Casado,Técnico,Independiente,Finanzas,Piura,Piura,Norte,2758.16,1828.79,33896.08,404,Regular,Agencia,143,2013/03/07,14,Activo
3526,DNI,99070773,Enrique, Sánchez ,Ramírez,18-08-1977,47,M,Soltero,Universitario,Empresario,Manufactura,Santiago de Surco,Lima,Lima y Callao,5323.07,2449.47,187306.73,494,Regular,Digital,116,2015/06/05,2,Inactivo
3527,DNI,84171932,Alejandro,Flores,Torres,1978-02-21,46,M,Conviviente,Secundaria,Pensionista,Salud,Chiclayo,Lambayeque,Norte,969.61,370.42,13681.7,431,Regular,Campaña Institucional,39,2021-10-12,12,Activo
3528,DNI,60714987,Isabel,Jiménez,Martínez,29-06-1949,75,F,Soltero,Técnico,Empleado Privado,Tecnología,Cusco,Cusco,Sur,2790.7,1591.04,88341.92,393,Regular,Referido,58,23/03/2020,16,Activo
3529,DNI,92993223,Rodrigo,Álvarez,Quispe,31-05-1993,31,M,Casado,Universitario,Independiente,Otro,Tarapoto,San Martín,Oriente,880.41,367.97,19972.73,513,Regular,Digital,54,2020/07/04,23,Activo
3530,DNI,68801099,David,Rodríguez,Castro,1979/06/02,45,M,Conviviente,Universitario,Empleado Privado,Manufactura,Arequipa,Arequipa,Sur,3555.74,2296.94,150173.34,474,Regular,Agencia,99,27-10-2016,7,Activo
3531,DNI,25972237,Gabriela,Herrera,García,1986-07-10,38,FEMENINO,Soltero,Universitario,Empleado Público,Agricultura,ChIcLaYo,LamBayEquE  ,Norte,1764.01,742.41,51619.9,496,Regular,Agencia,51,22-10-2020,13,Activo
3532,DNI,9133077,Gabriela,  Castillo,Cusi,1972/09/27,52,F,Soltero,Técnico,Empleado Privado,Construcción,Trujillo,La Libertad,Norte,3624.79,2171.27,109798.19,532,Regular,Digital,154,2012-04-26,10,Activo
3533,DNI,80257699,Marco,Jiménez,Cruz,1977-01-17,47,M,Casado,Técnico,Empresario,Finanzas,Lima,Lima,Lima y Callao,10120.64,6066.68,552818.01,546,Regular,Agencia,78,2018/07/08,5,Inactivo
3534,DNI,51895539,Miguel,Rodríguez,Cusi,1978/03/12,46,M,Viudo,Técnico,Empleado Público,Manufactura,Huancayo,Junín,Centro,3497.71,1661.86,112419.79,479,Regular,Agencia,179,2010-04-02,18,Activo
3535,Pasaporte,559794223,Isabel,Herrera,Rivera,13-11-1993,31,F,Divorciado,Secundaria,Empleado Privado,Construcción,Tarapoto,San Martín,Oriente,1443.05,949.83,17329.31,479,Regular,Agencia,21,2020-10-29,23,Activo
3536,DNI,60356619,Isabel,Cusi,Reyes,27-06-2004,20,F,casado,Universitario,Empleado Privado,Finanzas,Tarapoto,San Martín,Oriente,2990.64,1725.23,88058.69,449,Regular,Agencia,71,2019-02-20,23,Inactivo
3537,DNI,32586637,Pablo,Castillo,Quispe,1970-01-12,55,M,Soltero,Secundaria,Empleado Público,Finanzas,El Tambo,Junín,Centro,1771.63,1219.79,68923.73,514,Regular,Referido,25,26/04/2022,19,Activo
3538,DNI,97130271,Patricia,Castro,Álvarez,1969-01-21,55,FEMENINO,Casado,Secundaria,Empleado Público,Manufactura,Huancayo,Junín,Centro,4030.62,2726.14,131588.32,493,Regular,Agencia,35,2022-02-09,18,Activo
3539,DNI,60021912,Diego,Díaz,Álvarez,1980/09/08,44,M,Casado,Universitario,Empleado Público,Servicios,Trujillo,la libertad,Norte,2409.79,1554.44,79648.92,531,Regular,Digital,42,19/07/2021,10,Activo
3540,DNI,48487415,Rodrigo,Quispe,Álvarez,19-04-1986,38,M,Soltero,Secundaria,Empleado Público,Manufactura,Lima,Lima,Lima y Callao,3416.15,1577.92,133949.46,399,Regular,Agencia,51,2020-10-03,5,Activo
3541,DNI,36694718,Marco,Apaza,Apaza,28/12/1988,36,M,Viudo,Postgrado,Independiente,Agricultura,Cusco,Cusco,Sur,3045.8,1240.49,179679.27,505,Regular,Digital,78,21/07/2018,16,Activo
3542,DNI,55605923,Marco,Quispe,Flores,18-07-1966,58,M,Soltero,Postgrado,Empleado Público,Construcción,Víctor Larco Herrera,La Libertad,Norte,3820.7,2669.57,175230.26,518,Regular,Agencia,176,26-06-2010,11,Activo
3543,DNI,85034135,Rosa,Cruz,rodríguez,16/06/1967,57,F,Casado,Técnico,Empleado Público,Comercio,Chimbote,Ancash,Centro,1766.05,1212.76,23571.98,580,Regular,Telemarketing,47,2020-03-07,21,Activo
3544,DNI,81329911,Andrés,Rivera,Herrera,21/01/1961,63,M,Conviviente,Universitario,Independiente,Tecnología,Cusco,Cusco,Sur,6327.02,3517.01,177147.97,528,PREMIUM,Telemarketing,10,2020/11/10,16,Activo
3545,DNI,98659898,Alejandra,Cusi,Ramos,1986/12/10,38,F,Divorciado,Universitario,Empleado Público,Finanzas,Yanahuara,Arequipa,Sur,1110.18,763.31,16959.1,516,Regular,Telemarketing,72,2019-01-08,8,Activo
3546,DNI,30733599,David,Apaza,Gómez,1996-08-23,28,M,Casado,Técnico,Independiente,Otro,San Juan de Lurigancho,Lima,Lima y Callao,1196.52,576.26,30252.47,398,Regular,Telemarketing,49,2020/12/02,1,Activo
3547,DNI,82410420,Diana,Gómez,Jiménez,28-09-1988,36,F,Casado,secundaria,Empleado Público,Otro,Trujillo,La Libertad,Norte,1991.77,1166.24,107032.9,513,Regular,Agencia,134,2013/12/25,10,Bloqueado
3548,DNI,64493229,Cecilia,Cruz,Cruz,1990-03-18,34,F,Viudo,Secundaria,Empleado Privado,Otro,Cusco,Cusco,Sur,4566.99,2817.71,186523.18,468,Regular,Telemarketing,90,19/07/2017,16,Activo
3549,DNI,94406372,Fernando,Flores,Choque,1992/03/05,32,M,Soltero,Universitario,Empleado Privado,Educación,El Tambo,Junín,Centro,2947.92,1849.68,29590.33,581,Regular,Digital,144,2013-02-15,19,Activo
3550,DNI,97169917,Rosa,Herrera,Gómez,1978/03/31,46,F,Conviviente,Técnico,Empleado Privado,Agricultura,WANCHAQ,Cusco,Sur,2447.72,1142.48,74728.78,409,Regular,Referido,42,2021/07/09,17,Activo
3551,DNI,91144342,Miguel,Herrera,González,1985/12/06,39,M,Soltero,Universitario,Independiente,Servicios,Cajamarca,Cajamarca,Norte,2686.38,1047.36,32698.07,462,Regular,Telemarketing,86,21-11-2017,24,Activo
3552,DNI,61911294,David,Ramos,Medina,28-06-2002,22,M,Casado,Universitario,Empleado Privado,Comercio,Wanchaq,Cusco,Sur,1579.56,608.43,28669.36,536,Regular,Agencia,118,13/04/2015,17,Activo
3553,DNI,73381745,Jorge,Ramos,Torres,1965-03-07,59,M,Soltero,Universitario,Pensionista,Transporte,Chiclayo,Lambayeque,Norte,850.0,559.01,43970.23,547,Regular,Digital,8,28-10-2020,12,Inactivo
3554,DNI,37265683,Diego,Romero,Quispe,1997/03/30,27,M,Casado,Universitario,Independiente,Comercio,Wanchaq,Cusco,Sur,5524.13,2446.61,64946.29,485,Regular,Agencia,99,30-10-2016,17,Activo
3555,DNI,50214217,David,Jiménez,González,1971/07/31,53,mas,Soltero,Universitario,Empleado Privado,Tecnología,Cajamarca,Cajamarca,Norte,1308.95,894.04,47338.44,539,Regular,Telemarketing,38,2021/11/03,24,Inactivo
3556,DNI,90712230,Enrique,Romero,Ramírez,26-10-1983,41,M,Soltero,técnico,,Otro,Trujillo,La Libertad,Norte,4327.95,2352.11,78866.24,540,Regular,,66,2019/07/08,10,Activo
3557,CE,137488705,Patricia,Cruz,Flores,19/08/1982,46,F,Casado,Universitario,Empresario,Tecnología,La Esperanza,La Libertad,Norte,3999.76,2338.62,88931.39,553,Regular,Agencia,72,31/01/2019,9,Activo
3558,DNI,23321532,Valeria,Flores,Laime,13/02/1983,41,F,CASADO,Universitario,Empresario,Manufactura,El Tambo,Junín,Centro,3371.84,1611.84,67267.09,457,Regular,Agencia,180,2010/03/02,19,Activo
3559,DNI,87211384,José,Sánchez,Medina,2000-10-11,24,M,Casado,Universitario,Empleado Público,Agricultura,Santiago de Surco,Lima,Lima y Callao,1485.89,700.93,88713.6,539,Regular,Agencia,151,21/07/2012,2,Activo
3560,DNI,95536315,Eduardo,Díaz,García,27/01/1980,44,M,Conviviente,Universitario,Empresario,Salud,Yanahuara,Arequipa,Sur,4237.23,1681.97,198910.46,558,Regular,Digital,132,2014-02-06,8,Activo
3561,DNI,60635999,Claudia,Choque,Cusi,1992-07-19,32,F,Casado,Universitario,Empleado Público,Salud,San Juan de Lurigancho,Lima,Lima y Callao,2026.06,853.2,118672.89,482,Regular,Digital,53,2020/08/18,1,Activo
3562,DNI,22965221,Miguel,Quispe,Castillo,21/12/1973,51,M,Divorciado,Postgrado,Empresario,Tecnología,Víctor Larco Herrera,La Libertad,Norte,2378.22,979.05,58669.19,474,regular,Referido,35,16-11-2020,11,Activo
3563,DNI,60625361,Luis,Díaz,Cruz,17-08-2002,22,M,Conviviente,Universitario,Empleado Privado,Servicios,Tarapoto,San Martín,Oriente,2122.58,880.65,83170.28,523,Regular,Telemarketing,97,2016-12-19,23,Activo
3564,DNI,32076257,Alejandro,Medina,Huanca,14/05/1989,35,M,Soltero,Técnico,Empleado Público,Transporte,Santiago de Surco,Lima,Lima y Callao,1629.01,657.82,86812.67,543,Regular,Digital,175,30/07/2010,2,Inactivo
3565,DNI,3667580,Fabiola,Pérez,Rojas,1970-03-07,54,F,Casado,Secundaria,Empleado Privado,Salud,San Juan de Lurigancho,Lima,Lima y Callao,2972.66,1646.79,47089.3,544,Regular,Agencia,159,2011/12/08,1,Activo
3566,DNI,58685873,Alejandra,Reyes,González,1995/01/13,29,F,Casado,Técnico,Empleado Privado,Agricultura,Víctor Larco Herrera,La Libertad,Norte,5114.31,2795.35,204823.27,591,PREMIUM,Telemarketing,121,14/01/2015,11,Activo
3567,DNI,11968621,Alejandra,Flores,Díaz,1976/09/06,48,F,Soltero,Postgrado,Independiente,Salud,Arequipa,Arequipa,Sur,850.0,529.3,13296.78,462,Regular,Agencia,148,2012/10/16,7,Activo
3568,DNI,18269549,César,Gómez,Martínez,1975-07-04,49,M,Conviviente,,Empleado Público,Comercio,Arequipa,Arequipa,Sur,1877.26,1240.95,79411.14,587,Regular,Telemarketing,144,2013-02-23,7,Activo
3569,DNI,30297399,María,Sánchez,Gómez,26-11-1975,49,F,Casado,Universitario,Pensionista,Construcción,Chimbote,Ancash,Centro,850.0,476.21,46402.33,496,Regular,Referido,75,2018/10/22,21,Activo
3570,DNI,84005156,Fernando,Cruz,Rivera,1999/12/02,27,M,Soltero,Técnico,Empleado Privado,Servicios,Iquitos,Loreto,Oriente,2383.16,1307.72,122641.1,440,Regular,Referido,11,2024/01/23,22,Bloqueado
3571,DNI,42289951,Víctor,Ramos,Laime,1968/11/04,56,M,Casado,Universitario,Independiente,Agricultura,Arequipa,Arequipa,Sur,11344.65,6853.67,130472.25,447,Regular,Agencia,168,14/03/2011,7,Activo
3572,DNI,55699033,Mónica,Castillo,GaRcÍa ,2004-01-08,20,F,Casado,Técnico,Independiente,Transporte,Tarapoto,San Martín,Oriente,1636.88,990.04,38118.03,369,regular ,Agencia,171,2010-12-06,23,Activo
3573,DNI,99960432,Ricardo,Ramos,Quispe,1982-03-15,42,M,Soltero,Técnico,Empleado Público,Servicios,Lima,Lima,Lima y Callao,2847.12,1463.63,116912.0,590,Regular,Agencia,122,2014/12/18,5,Inactivo
3574,DNI,72417490,Carlos,Gutiérrez,Reyes,14/05/1980,44,M,Casado,Postgrado,Independiente,Tecnología,Huancayo,Junín,Centro,2067.96,1290.56,19308.79,381,Regular,Agencia,73,2018/12/27,18,Activo
3575,Pasaporte,517778425,Paola,Torres,Álvarez,1982/08/17,42,F,Soltero,Universitario,Empleado Privado,Servicios,Cusco,Cusco,Sur,2951.69,1740.0,137688.47,524,regular,Digital,65,23/08/2019,16,Activo
3576,DNI,75316279,Rocío,Romero,González,1991/12/06,33,F,Casado,Técnico,Independiente,Educación,La Esperanza,La Libertad,Norte,1602.52,1058.94,81018.3,391,Regular,Telemarketing,171,30/11/2010,9,Activo
3577,DNI,47536668,Daniela,Pérez,Castillo,2004/08/12,20,F,Casado,secundaria,Empleado Privado,Tecnología,Pisco,Ica,Sur,1363.65,863.69,21631.85,366,REGULAR,Telemarketing,39,2021/09/20,20,Activo
3578,DNI,95839821,Marco,Herrera,Vargas,1978-08-26,46,M,Conviviente,Técnico,Empleado Público,Finanzas,Cajamarca,Cajamarca,Norte,1767.09,713.13,24452.33,482,Regular,Telemarketing,125,2014/09/01,24,Activo
3579,CE,364493747,Jorge,Jiménez,Rojas,1994/05/29,30,M,Casado,Universitario,Empleado Privado,Tecnología,Víctor Larco Herrera,La Libertad,Norte,850.0,593.53,29193.86,549,Regular,Telemarketing,71,2019-02-11,11,Activo
3580,DNI,69715762,Diana,Castro,Cusi,1995/04/03,29,F,Conviviente,Postgrado,Independiente,Agricultura,Cajamarca,Cajamarca,Norte,1575.17,857.4,91324.62,386,Regular,Digital,70,2019/03/07,24,Activo
3581,DNI,80936766,Fernando,Castillo,Pérez,1966-04-21,60,M,Soltero,Técnico,Empleado Público,Comercio,Sullana,Piura,Norte,2420.92,1473.35,118159.32,478,Regular,Digital,126,2014-07-31,15,Activo
3582,DNI,62444009,Miguel,Morales,Martínez,1987/10/20,37,M,Soltero,Técnico,Empleado Privado,Construcción,Víctor Larco Herrera,La Libertad,Norte,6342.09,4340.51,313349.44,484,Regular,Agencia,9,2021-08-26,11,Activo
3583,DNI,8230067,Marco,Cruz,López,1985-07-14,39,M,CASADO,Secundaria,Empleado Público,Tecnología,Iquitos,Loreto,Oriente,1415.09,803.35,80828.98,397,Regular,Agencia,6,19/06/2020,22,Activo
3584,DNI,59701190,Valeria,Castillo,Medina,1984-09-03,40,F,Casado,Universitario,Empresario,Agricultura,Huancayo,Junín,Centro,6867.2,2928.13,55431.31,574,Regular,Campaña Institucional,30,2021-06-16,18,Activo
3585,DNI,81202725,Fabiola,Martínez,Jiménez,2004-11-22,20,F,Viudo,Universitario,Estudiante,Servicios,Wanchaq,Cusco,Sur,,464.52,29653.26,419,Regular,Digital,130,2014-04-24,17,Activo
3586,DNI,15529742,Óscar,Castillo,MaRtÍnEz,19-06-1983,41,M,Casado,Técnico,Empleado Privado,Salud,Los Olivos,Lima,Lima y Callao,2629.02,1371.52,46936.04,480,Regular,Agencia,59,2020-02-21,4,Activo
3587,DNI,97079472,Fernando,Díaz,Medina,1978/04/01,46,M,Conviviente,Técnico,Empleado Privado,Construcción,Cajamarca,Cajamarca,Norte,1868.13,1177.21,58309.15,544,Regular,Digital,16,17-06-2021,24,Activo
3588,DNI,84311240,Rodrigo,Martínez,Cusi,29-06-1977,47,M,Casado,,Empleado Privado,Tecnología,Tarapoto,San Martín,Oriente,2519.34,1456.95,85318.81,583,Regular,Campaña Institucional,102,28/07/2016,23,Inactivo
3589,DNI,85356423,Adriana,García,OrTiZ ,1964/09/12,60,F,SOLTERO,Universitario,Empleado Público,Agricultura,Cusco,Cusco,Sur,3482.41,1914.22,129909.02,370,Regular,Agencia,5,13-03-2020,16,Activo
3590,DNI,98607863,Cecilia,Morales,Ramos,1964/06/26,60,F,Conviviente,Universitario,Independiente,Construcción,Iquitos,Loreto,Oriente,4622.32,1873.3,39300.16,629,Regular,Agencia,140,2013-06-06,22,Activo
3591,DNI,16061403,Adriana,Flores,Medina,1968/04/07,56,F,Conviviente,,Empleado Privado,Finanzas,Wanchaq,Cusco,Sur,6935.89,4664.48,296900.44,566,Regular,Referido,61,13-12-2019,17,Activo
3592,DNI,14506453,Víctor,MamAni,Chávez,1966/06/19,58,M,Soltero,Universitario,Independiente,Finanzas,Huancayo,Junín,Centro,10559.54,5240.97,237522.59,540,Premium,Referido,50,25-10-2020,18,Activo
3593,CE,646848085,Patricia,Gutiérrez,García,15/11/2001,23,F,Conviviente,secundaria ,Empleado Privado,Construcción,Víctor Larco Herrera,La Libertad,Norte,2090.89,1438.09,111471.28,480,Regular,Digital,154,2012-04-12,11,Activo
3594,DNI,95511406,Marco,Díaz,Flores,1982-09-19,42,M,Casado,Postgrado,Empleado Público,Agricultura,Wanchaq,Cusco,Sur,1281.6,554.77,53726.65,415,Regular,Referido,165,2011/06/08,17,Activo
3595,CE,201116282,María,Medina,Mamani,1991/03/10,33,F,Conviviente,Secundaria,Empleado Privado,Transporte,El Tambo,Junín,Centro,3974.84,2397.53,203459.9,564,Regular,Agencia,157,2012-02-06,19,Activo
3596,DNI,97049221,Víctor,García,Cruz,1972/03/22,52,M,Soltero,Universitario,Estudiante,Transporte,Sullana,Piura,Norte,1049.67,671.82,45309.44,495,regular ,Digital,3,2023/05/24,15,Activo
3597,DNI,83599447,Héctor,Laime,Mamani,2003-01-16,21,M,Soltero,Técnico,Empleado Privado,Construcción, CusCo ,cusco ,Sur,1907.61,826.32,101322.75,441,Regular,Referido,172,14/11/2010,16,Activo
3598,DNI,58471634,Iván,Álvarez,Herrera,1988-01-17,36,M,Soltero,Técnico,Empresario,Manufactura,LOS OLIVOS,Lima,Lima y Callao,5657.77,2159.79,212767.86,529,Regular,Campaña Institucional,158,2011/12/31,4,Activo
3599,DNI,27091760,Patricia,Ramos,MarTínEz  ,1978/10/02,48,F,Soltero,Postgrado,Empleado Público,Agricultura,Cayma,Arequipa,Sur,2030.96,1397.09,29282.37,417,Regular,Agencia,121,2015-01-03,6,Activo
3600,DNI,10062916,Enrique,Vargas,Castro,1988/04/03,36,M,Casado,Técnico,Estudiante,Comercio,Chiclayo,Lambayeque,Norte,850.0,448.0,47791.44,542,Regular,Digital,88,2017-10-04,12,Activo
3601,DNI,47640038,César,Choque,Ramírez,1989/07/12,35,M,Soltero,Secundaria,Empleado Privado,Comercio,Santiago de Surco,Lima,Lima y Callao,3485.17,1539.97,81542.95,495,Regular,Agencia,22,2022-04-19,2,Activo
3602,DNI,96827347,Gabriela,Ortiz,Díaz,19-09-1982,42,F,Soltero,Secundaria,Pensionista,Agricultura,Chiclayo,Lambayeque,Norte,-1520.36,1047.92,78799.63,449,Regular,Digital,108,2016/02/01,12,Bloqueado
3603,DNI,6728236,Fabiola,Huanca,Apaza,1989/03/26,35,F,Soltero,Técnico,Empleado Público,Transporte,Santiago de Surco,Lima,Lima y Callao,1988.71,1256.67,29491.65,461,Regular,Campaña Institucional,87,2017/10/13,2,Activo
3604,DNI,2874892,Luis,Apaza,Álvarez,1976-11-03,48,M,CASADO,Secundaria,Empresario,Servicios,Tarapoto,San Martín,Oriente,3908.95,2300.38,223007.76,532,Regular,Referido,123,31-10-2014,23,Activo
3605,DNI,33517496,Fabiola,Quispe,LAIME ,1975-03-04,51,F,Casado,Universitario,Independiente,Tecnología,Piura,Piura,Norte,2669.56,-1095.44,54728.02,460,Regular,Agencia,162,2011-08-31,14,Activo
3606,DNI,61724053,Víctor,Chávez,Quispe,1987/11/18,37,M,Casado,Técnico,Empleado Privado,Construcción,Pisco,Ica,Sur,2875.2,2011.48,121548.35,492,Regular,Digital,96,2017/02/09,20,Activo
3607,CE,711539573,Enrique,Díaz,Medina,1983-11-22,41,M,Casado,Postgrado,Empleado Privado,Manufactura,Trujillo,La Libertad,Norte,6631.36,2978.58,274672.28,440,Regular,Agencia,137,2013/09/07,10,Inactivo
3608,DNI,75526354,Marco,Medina,Rivera,19-03-1983,41,M ,Soltero,Universitario,Empleado Privado,Salud,Santiago de Surco,Lima,Lima y Callao,1287.0,687.48,50720.51,504,Regular,Referido,20,2023-04-17,2,Activo
3609,DNI,57159669,Claudia,Álvarez,Morales,1996-10-12,28,F,Casado,Universitario,Estudiante,Finanzas,Chimbote,Ancash,Centro,850.0,486.28,47075.94,443,Regular,Digital,169,21/01/2011,21,Activo
3610,DNI,56306906,Luis,Rojas,Sánchez,13/05/1979,45,M,Casado,Universitario,Empleado Privado,Educación,La Esperanza,La Libertad,Norte,,968.92,118092.08,459,Regular,Digital,126,2014/08/23,9,Activo
3611,DNI,61234611,Jorge,Choque,Apaza,26/05/1965,59,M,casado,Técnico,Pensionista,Manufactura,Wanchaq, Cusco,Sur,1325.39,680.91,36724.29,480,Regular,Digital,61,2019-12-18,17,Activo
3612,DNI,81869559,Cecilia,Jiménez,Apaza,13-02-1986,38,F,Casado,Técnico,Empleado Privado,Servicios,El Tambo,Junín,Centro,6287.97,3519.1,330988.2,476,Premium,Telemarketing,69,20-04-2019,19,Activo
3613,DNI,30827363,Adriana,Pérez,Gutiérrez,24-03-1991,33,F,Casado,Técnico,Empleado Privado,Educación,Lima,Lima,Lima y Callao,1884.41,1047.2,73677.51,1200,Regular,Digital,17,2023-08-04,5,Activo
3614,DNI,50446567,Daniela,Ortiz,Gómez,1990/12/24,34,f,Soltero,,Independiente,Construcción,Lima,Lima,Lima y Callao,894.45,605.52,32926.23,410,Regular,Referido,42,2021-07-06,5,Activo
3615,Pasaporte,584914416,Elena,Choque,Condori,1992-01-11,32,F,Casado,Postgrado,Empresario,Comercio,Iquitos,Loreto,Oriente,7560.18,4740.3,410118.44,482,Premium,Agencia,19,14/11/2022,22,Activo
3616,DNI,44900915,Rodrigo,Gutiérrez,Laime,24/04/1985,39,M,Conviviente,Técnico,Pensionista,Construcción,Wanchaq,Cusco,Sur,1701.96,830.98,32690.68,553,Regular,Agencia,53,20-04-2020,17,Activo
3617,DNI,53401074,Enrique,Rivera,Reyes,1986-01-31,38,M,Casado,Universitario,Pensionista,Construcción,Wanchaq,Cusco,Sur,850.0,324.16,18964.29,431,Regular,Referido,119,2015-03-15,17,Activo
3618,DNI,49325164,Enrique,Herrera,Quispe,1974/02/26,50,M,Divorciado,Universitario,Empleado Privado,Tecnología,Chiclayo,Lambayeque,Norte,2727.05,1742.49,64662.95,479,Regular,Digital,105,2016-05-03,13,Activo
3619,DNI,58798066,María, González,ConDorI,28-02-1992,32,F,Casado,Técnico,Empleado Público,Agricultura,Pisco,Ica,Sur,,616.66,28148.93,508,Regular,Digital,129,29-04-2014,20,Bloqueado
3620,DNI,95365,Ana,Morales,ChÁvEz,1998/06/03,26,F,Viudo,Técnico,Independiente,Manufactura,Arequipa,Arequipa,Sur,4112.08,2125.32,180120.11,437,Regular,Digital,7,2020/07/08,7,Activo
3621,DNI,25336028,Alejandro,Huanca,Medina,1984/12/05,40,M,Conviviente,Universitario,Estudiante,Tecnología,Huancayo,Junín,Centro,850.0,581.74,40773.27,481,Regular,Digital,69,2019/04/24,18,Activo
3622,DNI,42853574,Paola,Cusi,Huanca,1986-10-01,38,F,Divorciado,Técnico,,Comercio,Trujillo,La Libertad,Norte,995.94,567.67,21975.06,559,regular,Campaña Institucional,106,2016-03-22,10,Inactivo
3623,DNI,17696667,Diego,Cruz,Castillo,1980/03/12,44,M,Casado,Secundaria,Independiente,Educación,El Tambo,Junín,Centro,1357.32,656.27,21772.1,449,Regular,Referido,131,28/03/2014,19,Activo
3624,DNI,27313,Manuel,Romero,Herrera,1975/03/26,49,M,Casado,Universitario,Empleado Privado,Transporte,Chimbote,Ancash,Centro,5741.68,3646.63,321367.46,520,Regular,Campaña Institucional,99,2016/11/01,21,Bloqueado
3625,CE,21199064,Valeria, choque ,Castillo,1974-05-18,50,F,Soltero,Universitario,Independiente,Finanzas,Lima,Lima,Lima y Callao,3790.09,1608.98,103951.0,580,Regular,Referido,64,2019/09/21,5,Activo
3626,DNI,31827369,Sofía,Ortiz,Quispe,2004-02-03,20,F,Divorciado,Universitario,Estudiante,Construcción,Iquitos,Loreto,Oriente,850.0,400.98,33048.78,505,Regular,Agencia,12,2023-12-10,22,Activo
3627,DNI,80283927,  SILVIA,Mamani,Quispe,26/11/1999,25,F,Conviviente,Universitario,Independiente,Salud,El Tambo,Junín,Centro,1092.97,598.72,31165.18,412,Regular,Digital,71,17-02-2019,19,Activo
3628,DNI,79916716,Paola,Condori,castro,21/03/1991,33,F,Soltero,Técnico,Empleado Privado,Comercio,Trujillo,La Libertad,Norte,,923.33,85442.36,487,Regular,Agencia,89,2017/09/06,10,Activo
3629,DNI,12710538,Rosa,Sánchez,Rodríguez,1972/01/18,52,F,Casado,Técnico,Empleado Público,Finanzas,Cayma,Arequipa,Sur,3498.33,2277.35,91249.33,478,Regular,Referido,127,2014/07/11,6,Activo
3630,DNI,68476259,Rocío,Gutiérrez,Sánchez,1993-07-15,31,F,Casado,Técnico,Estudiante,Manufactura,Iquitos,Loreto,Oriente,1017.79,512.74,39514.2,504,Regular,Agencia,176,2010-07-02,22,Bloqueado
3631,DNI,78641189,Carmen,Quispe,Condori,1982-03-26,42,F,Casado,tecnico,,Salud,Iquitos,Loreto,Oriente,3608.89,1938.82,44743.1,488,Regular,Agencia,166,2011/05/09,22,Activo
3632,DNI,98716855,Alejandro,Rojas,Condori,1976/09/06,48,M,SOLTERO,Postgrado,Empleado Público,Servicios,Yanahuara,Arequipa,Sur,1928.53,1327.72,56831.59,1200,Regular,Agencia,143,29-03-2013,8,Activo
3633,DNI,29151639,Luis,  CasTilLo,Ramírez,2001-04-07,23,M,Conviviente,Universitario,Empleado Privado,Transporte,Arequipa,Arequipa,Sur,1728.8,993.06,13903.48,420,Regular,Agencia,104,2016-05-27,7,Activo
3634,DNI,79115987,Diana,Apaza,Laime,1987-12-03,37,Femenino,Soltero,técnico,Empleado Privado,Tecnología,Pisco,Ica,Sur,1724.37,657.7,98431.36,449,Regular,Referido,133,2014/01/01,20,Activo
3635,DNI,13997968,Ana,Álvarez,Mamani,2001/08/08,23,F,Casado,Universitario,Empleado Privado,Finanzas,Yanahuara,Arequipa,Sur,3208.07,2180.33,44900.71,456,Regular,Digital,152,2012/06/21,8,Activo
3636,DNI,35637108,Diego,Ramírez,Ramos,2003/01/16,21,M,Casado,Postgrado,Independiente,Salud,Cajamarca,Cajamarca,Norte,1093.17,657.53,20779.34,472,Regular,Agencia,120,24/01/2015,24,Activo
3637,CE,77218716,Carmen,Díaz,García,1989/04/12,35,F,Casado,Técnico,Empleado Privado,Otro,Chiclayo,Lambayeque,Norte,1903.65,900.94,22860.97,472,Regular,Referido,59,15/02/2020,12,Activo
3638,DNI,23469297, Gabriela,Condori,Cruz,1978/03/28,46,F,Conviviente,Universitario,Independiente,Manufactura,Los Olivos,Lima,Lima y Callao,879.1,532.17,28587.84,521,Regular,Digital,56,2020/05/15,4,Activo
3639,DNI,11297974,Eduardo,Huanca,Torres,1992-12-09,32,M,Viudo,Técnico,Empresario,Salud,Yanahuara,Arequipa,Sur,5244.58,3399.58,54932.39,496,premium,Referido,166,18-04-2011,8,Activo
3640,DNI,37883130,Víctor,Álvarez,Medina,24/01/1989,35,M,Viudo,técnico,Empleado Privado,Salud,Cayma,Arequipa,Sur,1616.74,1096.64,25547.34,460,regular,Agencia,52,15-12-2019,6,Activo
3641,DNI,45482739,Rocío,Álvarez,Choque,1963/04/03,61,F,Casado,Universitario,Empleado Privado,Otro,Huancayo,Junín,Centro,1649.34,1138.94,32419.28,606,Regular,Referido,50,29/10/2020,18,Activo
3642,DNI,29245909,Óscar,Apaza,Mamani,1986-01-19,38,M,Soltero,Secundaria,Empleado Privado,Transporte,Cayma,Arequipa,Sur,2811.3,1531.7,133473.26,422,Regular,Telemarketing,159,2011-11-27,6,Activo
3643,DNI,12402381,Jorge,Castillo,Flores,1992-07-01,32,M,Soltero,Universitario,Empresario,Agricultura,Chiclayo,Lambayeque ,Norte,3920.45,2384.41,133458.66,438,Regular,Digital,166,2011/04/28,12,Activo
3644,Pasaporte,809634893,Alejandra,Morales,Pérez,16/09/1985,39,F,Casado,Técnico,Empleado Privado,Agricultura,Víctor Larco Herrera,La Libertad,Norte,2271.03,1345.03,36368.34,584,Regular,Agencia,107,2016/02/23,11,Activo
3645,DNI,87457364,Diego,García,Pérez,1996/02/03,28,M,Soltero,Universitario,Empleado Público,Tecnología,Arequipa,Arequipa,Sur,1965.39,1043.53,100668.82,499,Regular,Digital,147,2012-11-11,7,Activo
3646,CE,79636690,Luis,Rodríguez,Pérez,1995-02-06,29,mas,Conviviente,Secundaria,Empleado Privado,Servicios,Cajamarca,Cajamarca,Norte,3619.98,1407.21,38039.58,448,Regular,Agencia,173,2010-09-23,24,Bloqueado
3647,DNI,2981352,Sandra,Gómez,Apaza,14-10-2004,20,F,Casado,Técnico,Empleado Privado,Tecnología,Chiclayo,Lambayeque,Norte,3301.37,2000.3,49325.84,395,regular ,Digital,92,2017-06-06,12,Activo
3648,DNI,59886000,Héctor,Huanca,Choque,1995-06-07,29,M,Soltero,Técnico,Empleado Público,Educación,Santiago de Surco,Lima,Lima y Callao,2504.82,1262.31,46168.04,469,Regular,Telemarketing,41,18-01-2021,2,Activo
3649,DNI,70191650,Diana,Ramos,Sánchez,1971/02/19,53,F,Casado,Universitario,Empleado Privado,Otro,Cajamarca,Cajamarca,Norte,5651.15,2973.64,150735.65,475,Regular,Agencia,55,2020/06/02,24,Activo
3650,DNI,12967642,Miguel,Jiménez,Ramírez,1973-05-29,51,M,soltero,Universitario,Estudiante,Transporte,Tarapoto,San Martín,Oriente,850.0,331.79,35781.39,621,Regular,,124,17-10-2014,23,Activo
3651,DNI,58807612,Óscar,Flores,Ramírez,1991-08-09,33,M,Casado,Secundaria,Empleado Público,Salud,Los Olivos,Lima,Lima y Callao,2964.03,1855.92,46986.99,541,Regular,Agencia,172,2010-11-08,4,Activo
3652,DNI,92814802,Claudia,Medina,Rojas,1979-11-20,45,F,Soltero ,Postgrado,Empleado Privado,Tecnología,Lima,Lima,Lima y Callao,2083.26,1257.98,29137.19,483,Regular,Agencia,56,2020-04-30,5,Activo
3653,DNI,42883351,Alejandra,Ortiz,quispe,2004/08/06,20,F,Soltero,Universitario,Independiente,Construcción,Trujillo,La Libertad,Norte,2273.92,953.52,33233.24,473,Regular,Digital,5,2023-03-10,10,Activo
3654,DNI,32111947,Enrique,Herrera,Rivera,19/04/1981,43,Masculino,Soltero,Universitario,Empleado Público,Servicios,Trujillo,La Libertad,Norte,850.0,547.77,16518.04,436,Regular,Digital,108,23/01/2016,10,Activo
3655,DNI,7623785, FaBiOlA ,Medina,Cruz,17-02-1991,33,F,Casado,Técnico,Estudiante,Construcción,San Juan de Lurigancho,Lima,Lima y Callao,850.0,517.03,32918.47,487,Regular,Agencia,175,2010-07-27,1,Inactivo
3656,DNI,32673958,José,Huanca,Ramos,1985-09-17,39,M,Casado,Universitario,Estudiante,Construcción,Lima,Lima,Lima y Callao,850.0,364.69,11392.28,423,Regular,Digital,8,2024/04/09,5,Activo
3657,DNI,28233177,Cecilia,Gutiérrez,Torres,1975-11-10,49,fem,Casado,Técnico,Empleado Público,Agricultura,Piura,Piura,Norte,2686.67,-1234.32,68664.69,539,Regular,Referido,130,2014-04-08,14,Activo
3658,DNI,95878066,Claudia,Reyes,Vargas,16/01/1985,39,F,Casado,,Independiente,Comercio,Víctor Larco Herrera,La Libertad,Norte,8209.27,4156.42,102738.24,522,Regular,Digital,168,16/02/2011,11,Activo
3659,DNI,38841017,Silvia,Jiménez,Rodríguez,1994/05/06,30,F,Casado,Técnico,Empleado Público,Comercio,Huancayo,Junín,Centro,2118.58,1443.77,63130.48,530,Regular,Telemarketing,101,22-08-2016,18,Activo
3660,DNI,55578179,Daniela,Álvarez,Álvarez,13/12/1990,34,F,Soltero,Técnico,Empleado Privado,Construcción,Arequipa,Arequipa,Sur,4612.86,2382.46,80259.97,501,Regular,Referido,174,30-08-2010,7,Activo
3661,CE,619042446,Adriana,Álvarez,Quispe,2004-07-31,20,fem,Soltero,Postgrado,Empleado Público,Agricultura,Arequipa,Arequipa,Sur,1982.34,788.0,31336.71,451,Regular,Referido,120,2015-02-11,7,Activo
3662,DNI,4831821,Ángela,Huanca,Gutiérrez,1976/03/23,48,F,Conviviente,Universitario,Empleado Público,Servicios,Chiclayo,LaMbAyEqUe ,Norte,3218.36,1769.17,127044.83,529,Regular,Agencia,141,26/05/2013,12,Inactivo
3663,DNI,88247922, José,Sánchez,Choque,1963/06/06,61,M,Soltero,Universitario,Independiente,Tecnología,La Esperanza,La Libertad,Norte,2354.0,1215.55,49851.83,549,Regular,Referido,6,2020/09/13,9,Activo
3664,DNI,8553277, DiAnA ,Pérez,Romero,1973-03-27,51,F,Casado,Técnico,Empleado Privado,Transporte,Arequipa,Arequipa,Sur,,1269.51,115480.63,545,Regular,Agencia,174,2010-08-29,7,Activo
3665,DNI,76659053,Sandra,Quispe,Pérez,1990-04-10,36,F,Soltero,Universitario,Empleado Privado,Salud,Chiclayo,Lambayeque,Norte,2166.1,1291.76,128728.38,403,Regular,Agencia,37,2020/12/04,13,Activo
3666,DNI,62321791,Luis,López,Sánchez,23-02-1980,44,M,Soltero,Postgrado,Independiente,Comercio,Chiclayo,Lambayeque,Norte,2972.63,1671.44,62648.67,556,Regular,Agencia,90,2017/08/02,12,Activo
3667,DNI,20294554,Fernando,Jiménez,Mamani,1973/12/06,51,M,Casado,Universitario,Empleado Público,Construcción,Pisco,Ica,Sur,2011.28,1084.97,114187.96,455,Regular,Digital,121,2014/12/30,20,Activo
3668,DNI,26944655,Alejandro,Reyes,Ortiz,1977/11/22,47,M,Soltero,,Independiente,Salud,Huancayo,Junín,Centro,5266.89,-2613.82,177639.97,542,Premium ,Agencia,158,2011/12/28,18,Activo
3669,DNI,37682874,Isabel  ,Flores,Díaz,1969-04-10,55,F,Conviviente,Postgrado,Independiente,Construcción,La Esperanza, La Libertad ,Norte,2208.56,1075.03,56862.15,481,Regular,Digital,111,2015-11-07,9,Activo
3670,Pasaporte,849947662,Sandra,Mamani,Morales,1991-07-04,33,F,Casado,Universitario,Independiente,Construcción,Miraflores,Lima,Lima y Callao,2089.63,872.4,110345.13,469,Regular,Agencia,90,2017-07-25,3,Activo
3671,DNI,36143269,Héctor,Flores,Gómez,1980/11/15,44,M,Divorciado,Técnico,Empresario,Salud,Yanahuara,Arequipa,Sur,5388.1,2751.9,294888.59,509,Regular,Telemarketing,58,2020-03-12,8,Activo
3672,DNI,22954703,Adriana  ,Flores,  Chávez,1992/12/12,32,F,Soltero,Universitario,Independiente,Finanzas,La Esperanza,La Libertad,Norte,4166.54,2495.4,164042.09,480,Regular,Digital,161,16-09-2011,9,Activo
3673,DNI,82174494,Carmen,Gómez,Rojas,1985-01-20,39,F,Casado,Universitario,Empleado Privado,Educación,Cayma,Arequipa,Sur,1915.6,-1238.88,109601.1,409,Regular,Digital,142,2013/04/09,6,Inactivo
3674,DNI,29271822,Miguel,Sánchez,Ramírez,20-11-1967,57,M,Conviviente,UNIVERSITARIO,Independiente,Comercio,Cajamarca,Cajamarca,Norte,,1537.2,123459.35,423,Regular,Digital,8,2023/09/03,24,Activo
3675,DNI,22471411,Diego,Jiménez,Rodríguez,1973-05-09,51,M,Casado,Técnico,Empleado Público,Finanzas,La Esperanza,La Libertad,Norte,3259.86,2276.16,154354.8,529,Regular,Digital,104,21/05/2016,9,Activo
3676,DNI,76969391,Valeria,Martínez,Rojas,1963-05-06,61,F,Soltero,Universitario,Empresario,Otro,Tarapoto,San Martín,Oriente,,3031.74,179133.6,467,Regular,Referido,29,2022/02/17,23,Activo
3677,DNI,45047442,Sandra,Quispe,Díaz,1978-03-28,46,F,Viudo,Universitario,Empleado Privado,Manufactura,Cusco,Cusco,Sur,3316.91,1746.32,154286.39,462,Regular,Digital,77,2018/09/01,16,Inactivo
3678,DNI,6183554,Claudia,García,García,1976/05/07,48,F,Casado,Técnico,,Finanzas,Víctor Larco Herrera,La Libertad,Norte,1293.5,764.45,38450.98,549,Regular,Referido,174,29/08/2010,11,Activo
3679,DNI,45702789,María,Mamani,Rivera,1993-09-07,31,F,Soltero,Universitario,Empresario,Construcción,Los Olivos,Lima,Lima y Callao,2911.75,1440.85,74026.69,486,Regular,Campaña Institucional,14,2023/10/24,4,Activo
3680,DNI,8461759,Roberto,Apaza,Apaza,27-03-1977,47,M,Conviviente,técnico,Estudiante,Transporte,Huancayo, JunÍn ,Centro,850.0,373.97,19212.9,451,Regular,Digital,4,19/11/2022,18,Activo
3681,DNI,81889667,Adriana,Romero ,Condori,1989-04-11,35,F,Conviviente,Secundaria,Empresario,Salud,Huancayo,Junín,Centro,2752.25,1505.67,67853.12,485,Regular,Agencia,168,21/02/2011,18,Inactivo
3682,DNI,57916339,Carlos,Condori,Pérez,1970/08/08,54,M,Conviviente,Universitario,Empleado Público,Tecnología,Huancayo,Junín,Centro,2298.0,1551.67,108483.22,572,Regular,Agencia,15,2021-07-06,18,Activo
3683,DNI,38650306,Pablo,Rivera,Gutiérrez,1965-01-17,59,M,Casado,Postgrado,Empleado Privado,Educación,Los Olivos,Lima,Lima y Callao,2396.16,927.1,131250.31,503,Regular,Referido,24,19/02/2020,4,Activo
3684,DNI,66632258,Valeria,Sánchez,Choque,1956-09-07,68,F,Soltero,Técnico,Independiente,Construcción,Miraflores,Lima,Lima y Callao,7671.92,3240.67,271109.17,433,Regular,Telemarketing,79,17-06-2018,3,Activo
3685,DNI,24986794,Diego,Ortiz,Jiménez,1978/12/14,46,M,Soltero,Secundaria,Pensionista,Otro,El Tambo,Junín,Centro,1079.84,689.26,59211.8,536,Regular,Digital,91,2017-07-06,19,Bloqueado
3686,DNI,97291402,Paola,Mamani,Jiménez,1991/11/09,33,F,Casado,Técnico,Empleado Privado,Tecnología,Iquitos,Loreto,Oriente,1744.23,1021.97,74208.62,435,Regular,Agencia,125,2014-09-18,22,Activo
3687,DNI,54079137,Silvia,Morales,Vargas,1989/07/25,35,F,Conviviente,Secundaria,Independiente,Salud,Piura, piura ,Norte,3907.79,2589.49,163416.95,415,Regular,Digital,109,2015/12/29,14,Activo
3688,DNI,78321684,Claudia,Rivera,Romero,1990/02/10,34,F ,Soltero,Universitario,Estudiante,Educación,Piura,Piura,Norte,850.0,368.38,17141.33,528,Regular,Agencia,106,2016-04-12,14,Activo
3689,DNI,94020712,Sandra,Díaz,Rivera,1968-01-14,57,F,Casado,Universitario,Empleado Público,Salud,Sullana,PiUrA,Norte,2061.71,1291.51,95390.15,513,Regular,Campaña Institucional,28,2022/03/11,15,Activo
3690,DNI,92726575, JoSé ,Ortiz,Medina,1977-12-22,47,M,Divorciado,Universitario,Empleado Público,Construcción,Huancayo,Junín,Centro,3949.96,2546.41,184213.25,540,Regular,Digital,36,21-12-2021,18,Activo
3691,DNI,84851116,Paola,Castro,Huanca,1991/09/10,33,F,Soltero,Universitario,Empleado Privado,Tecnología,Cayma,Arequipa,Sur,,687.16,19519.26,410,Regular,Agencia,146,2012-12-28,6,Inactivo
3692,DNI,83252448,Rosa,Castro, CháVez ,1982-03-05,42,F,Conviviente,Universitario,Empleado Privado,Manufactura,Lima,Lima,Lima y Callao,2052.52,895.7,119454.2,497,Regular,Campaña Institucional,114,2015-07-26,5,Activo
3693,DNI,20124844,Iván,Ramírez,Pérez,14-07-1989,35,M,Soltero,Secundaria,Independiente,Otro,Piura,Piura,Norte,1052.89,702.12,46516.99,409,Regular,Agencia,125,2014/09/05,14,Activo
3694,DNI,99372699,Sandra, MEDINA ,González,17/04/1964,60,F,Casado,Postgrado,Independiente,Finanzas,Miraflores,Lima,Lima y Callao,4937.49,2649.03,179519.08,615,Regular,Referido,81,2018-05-03,3,Inactivo
3695,DNI,82764233,Lucía,García,Castillo,1976/04/20,48,F,Casado,Técnico,Empleado Privado,Comercio,Wanchaq,Cusco,Sur,2401.73,1498.88,80571.39,569,Regular,Telemarketing,94,2017-03-27,17,Activo
3696,DNI,5673380,LUCÍA,Rodríguez,García,31-03-1983,41,F,Casado,Técnico,Empresario,Transporte,Cusco,Cusco,Sur,6498.9,3757.3,98224.77,512,Regular,Digital,163,26/07/2011,16,Activo
3697,DNI,45574044,David,Díaz,Chávez,28-09-2004,20,M,Casado,Secundaria,Empleado Privado,Servicios,Piura,Piura,Norte,5295.08,2626.4,135839.06,487,Premium,Agencia,124,23-10-2014,14,Activo
3698,Pasaporte,865673856,Paola,Laime,López,1979/04/16,45,F,Conviviente,tecnico,Empleado Público,Otro,Huancayo,Junín,Centro,2105.38,1187.52,115655.98,520,Regular,Campaña Institucional,10,27/02/2024,18,Activo
3699,DNI,15963604,Rosa,Ramírez,Vargas,1990/09/08,34,F,soltero,Universitario,Independiente,Agricultura,Arequipa,Arequipa,Sur,3373.05,2311.66,86976.44,405,Regular,Campaña Institucional,48,24-12-2020,7,Activo
3700,DNI,38960105,Diego,Pérez,Ramos,1980/03/26,44,M,Soltero,Secundaria,Empleado Privado,Salud,Yanahuara,Arequipa,Sur,3828.82,2449.24,56786.55,482,Regular,Referido,20,22-07-2022,8,Activo
3701,DNI,63225032,Diana,Vargas,Apaza,1978-02-04,46,F,Casado,Técnico,Empleado Público,Educación,Tarapoto,San Martín,Oriente,1462.36,750.13,77632.3,458,Regular,Digital,170,2011-01-05,23,Activo
3702,DNI,47778426,Paola,Cruz,Ramírez,1980-11-08,44,F,Soltero,Técnico,Empresario,Tecnología,Miraflores,Lima,Lima y Callao,8748.66,4355.09,106880.44,420,Premium,Telemarketing,132,2014/02/12,3,Activo
3703,DNI,81837260,Roberto,Martínez,González,1976-05-13,48,M,Divorciado,Universitario,Empresario,Agricultura,Miraflores,Lima,Lima y Callao,4328.68,1780.37,238190.68,510,Regular,Agencia,66,2019/07/26,3,Activo
3704,DNI,63699691,Rosa,Romero,Condori,1999/02/27,25,F,Divorciado,Universitario,Empleado Privado,Comercio,Yanahuara,Arequipa,Sur,1621.02,744.53,83980.24,513,Regular,Agencia,162,2011/08/24,8,Inactivo
3705,DNI,23164303,Valeria,Díaz,Cusi,1982-04-15,42,F,Casado,Universitario,Empleado Privado,Comercio,cusco,Cusco,Sur,2352.18,1008.0,30167.44,481,Regular,Agencia,80,2018-06-06,16,Activo
3706,DNI,4469795,Carlos,Rivera,Torres,24-02-1977,47,M,Viudo,Universitario,Empleado Privado,Finanzas,Yanahuara,Arequipa,Sur,3684.59,1471.28,64374.11,493,Regular,Agencia,143,2013/04/01,8,Activo
3707,DNI,95448634,Valeria,Ortiz,Jiménez,1969-08-02,55,F,Casado,,Empresario,Manufactura,San Juan de Lurigancho,Lima,Lima y Callao,11279.0,4888.96,129771.44,567,Regular,Agencia,141,2013/05/11,1,Activo
3708,DNI,52761988,Mónica,Rodríguez,Cusi,1982-01-17,42,F,Soltero,Técnico,Empleado Privado,Construcción,Pisco,Ica,Sur,3956.63,2688.74,41468.64,508,Regular,Telemarketing,150,2012-08-20,20,Activo
3709,DNI,48539683,Manuel,Apaza,Ortiz,1970/11/11,54,M,Soltero,Técnico,Empresario,Construcción,La Esperanza,La Libertad,Norte,10734.7,4828.28,266862.59,486,Premium,Campaña Institucional,132,2014/02/24,9,Activo
3710,DNI,56190806,César,Cruz,Huanca,1996-11-01,28,M,Soltero,Técnico,Empleado Privado,Transporte,San Juan de Lurigancho,Lima,Lima y Callao,1793.18,1223.1,55749.07,519,Regular,Digital,112,13-10-2015,1,Activo
3711,DNI,48918245,Roberto  ,Medina,Gómez,15-07-2001,23,M,Conviviente,Postgrado,Independiente,Manufactura,El Tambo,Junín,Centro,2631.75,1412.66,42305.34,479,Regular,Referido,128,2014/06/11,19,Inactivo
3712,DNI,95280707,Eduardo,Flores,Martínez,1969/12/17,55,M,Divorciado,Universitario,Independiente,Servicios,Pisco,Ica,Sur,2906.36,1995.54,130941.57,434,Regular,Digital,106,2016/03/28,20,Activo
3713,DNI,54349670,Rocío,Rivera,Flores,1994-05-18,30,F,Casado,Universitario,Independiente,Manufactura,Víctor Larco Herrera,La Libertad,Norte,926.84,413.3,26606.23,437,Regular,Digital,92,2017-05-24,11,Activo
3714,DNI,80520635,Adriana,Pérez,Flores,1985/04/24,39,F,Casado,Universitario,Empleado Privado,Agricultura,Santiago de Surco,Lima,Lima y Callao,1554.3,600.29,57720.51,562,Regular,Agencia,23,2023/02/03,2,Activo
3715,DNI,47227643,Enrique,Cusi,Laime,23-12-1998,26,M,Casado,Secundaria,Empleado Privado,Construcción,Sullana,Piura,Norte,4906.56,2004.46,252102.79,533,Regular,Agencia,46,21-03-2021,15,Activo
3716,DNI,70485959,Alejandra,Vargas,Torres,1972-03-23,52,F,Soltero,Universitario,Pensionista,Tecnología,Chimbote,Ancash,Centro,854.06,515.51,37991.09,518,Regular,Campaña Institucional,168,2011-02-23,21,Activo
3717,DNI,75411847,Mónica,Sánchez,Castro,16-03-1998,26,F,Casado,Universitario,Pensionista,Otro,Chiclayo,Lambayeque,Norte,1325.62,818.28,15670.68,457,Regular,Agencia,136,2013-10-02,13,Activo
3718,DNI,30901573,Silvia,Pérez,Rojas,1987-11-12,37,F,Divorciado,Técnico,Empleado Público,Construcción,Cayma  ,Arequipa,Sur,1244.36,504.7,61749.07,361,Regular,Agencia,180,2010/02/19,6,Activo
3719,CE,420986664,Eduardo,Reyes,Huanca,1995/08/01,29,M,Casado,Universitario,Empresario,Salud,Chiclayo,Lambayeque,Norte,10081.82,6599.21,232666.87,481,Regular,Agencia,98,2016/12/03,13,Activo
3720,DNI,74436193,Carmen,Ramos,Gutiérrez,1985-10-19,39,F,Casado,Universitario,Empleado Privado,Tecnología,Cajamarca,Cajamarca,Norte,3863.3,1664.54,30989.58,585,Regular,Referido,10,14/10/2020,24,Activo
3721,DNI,24624702,Andrés,Choque,Choque,25-03-1967,57,M,Soltero,Técnico,Independiente,Salud,Cajamarca,Cajamarca,Norte,,790.86,76735.2,401,Regular,Agencia,23,2021-10-08,24,Activo
3722,DNI,20896958,Rocío,Morales,Castro,27/03/1954,70,F,Divorciado,Secundaria,Empleado Público,Otro,Pisco,Ica,Sur,6338.88,-3324.13,83625.25,553,Regular,Agencia,155,2012-03-10,20,Activo
3723,DNI,81195236,Miguel,Gutiérrez,Herrera,1998/07/04,26,M,Soltero,Técnico,Estudiante,Salud,Arequipa,Arequipa,Sur,850.0,537.46,14284.32,454,Regular,Agencia,77,2018/08/22,7,Activo
3724,DNI,43311459,Víctor,Pérez,Flores,1984/07/12,40,M,Conviviente,Universitario,Independiente,Construcción,Chiclayo,Lambayeque,Norte,4295.58,1975.5,119140.91,506,Regular,Referido,141,2013-05-04,12,Activo
3725,DNI,16098414,Paola,Mamani,López,1997/04/12,27,F,Conviviente,Universitario,Independiente,Tecnología,La esperanza  ,La Libertad,Norte,1646.72,942.22,85152.75,500,Regular,Agencia,2,2023/07/01,9,Activo
3726,DNI,66739049,Ana,Castro,Vargas,1976/01/19,48,F,Conviviente,Técnico,Empleado Público,Construcción,Miraflores,Lima,Lima y Callao,2449.76,1042.33,34526.41,568,regular,Agencia,136,2013/10/22,3,Activo
3727,DNI,66824063,Rosa,Rojas,García,1987/06/07,37,FEMENINO,Divorciado,Universitario,Empresario,Agricultura,ChiClaYo ,Lambayeque,Norte,6143.04,4139.31,69062.24,322,Regular,Referido,142,2013/04/07,12,Inactivo
3728,DNI,44331254,Diego,Chávez,Herrera,15-09-1988,36,M,Casado,Técnico,Empleado Público,Comercio,Wanchaq,Cusco,Sur,2734.02,1425.44,87410.2,477,Regular,Digital,153,24-05-2012,17,Activo
3729,DNI,2507853,Adriana,Mamani,Rojas,1988-10-15,36,F,Casado,Universitario,Empleado Privado,Otro,Miraflores,Lima,Lima y Callao,1615.24,677.29,89570.61,532,Regular,Agencia,159,23/11/2011,3,Activo
3730,DNI,78146967,Lucía,García,Castro,13/05/1976,48,F,Casado,Secundaria,Independiente,Finanzas,Iquitos,Loreto,Oriente,4344.78,2596.92,223120.62,405,Regular,Digital,141,2013-05-08,22,Activo
3731,DNI,38129465,Iván,Cusi,Mamani,19-04-1984,40,M,Conviviente,Técnico,Independiente,Educación,Chimbote,Ancash,Centro,1887.75,1106.3,64871.82,468,Regular,Telemarketing,124,2014/10/03,21,Activo
3732,DNI,16640174,Gabriela,Sánchez,Ramírez,1990/08/05,34,F,Casado,Secundaria,Empleado Público,Finanzas,Pisco,Ica,Sur,1725.94,1188.47,28489.27,541,Regular,Referido,170,2011/01/02,20,Activo
3733,DNI,71467031,Héctor,Gómez,Choque,2004-05-03,20,M,Soltero,Técnico,Independiente,Finanzas,Chimbote,Ancash,Centro,6743.09,3660.71,133236.85,490,Premium,Referido,16,2022-07-27,21,Activo
3734,DNI,22217050,Rosa,Gutiérrez,Huanca,1983/07/20,41,F,Casado,Técnico,Empresario,Tecnología,Yanahuara,Arequipa,Sur,9808.3,6855.49,171039.58,441,Regular,Agencia,138,2013-08-18,8,Activo
3735,DNI,53268667,Fabiola,Gutiérrez,González,20-10-1990,34,f,Casado,Secundaria,Independiente,Tecnología,Wanchaq,Cusco,Sur,2012.67,936.83,74384.43,550,Regular,Telemarketing,113,2015/09/02,17,Activo
3736,DNI,95266533,Miguel,Gutiérrez,Quispe,1983-07-01,41,M,Soltero,Universitario,Empresario,Salud,Sullana,Piura,Norte,7457.06,3156.98,93237.61,483,Regular,Referido,173,14/10/2010,15,Activo
3737,DNI,71855168,Sofía,Ortiz,Mamani,1977/07/26,47,F,Casado,Postgrado,Empleado Público,Comercio,Víctor Larco Herrera,La Libertad,Norte,4283.66,2207.9,183852.67,573,Regular,Agencia,67,2019/06/26,11,Activo
3738,DNI,61156405,Eduardo,Jiménez,Castro,1983/08/14,41,M ,Casado,tecnico,Pensionista,Construcción,Yanahuara,Arequipa,Sur,1362.5,950.51,59995.8,515,Regular,Agencia,95,2017-03-01,8,Activo
3739,DNI,90206818,Rocío,Rojas,Torres,1976-02-05,48,F,Soltero,Universitario,Empleado Público,Construcción,Los Olivos,Lima,Lima y Callao,3441.7,2370.02,165101.38,579,Regular,Agencia,65,2019-08-02,4,Activo
3740,DNI,2432405,Miguel,Morales,Huanca,23-09-1984,40,M,Soltero,,Independiente,Finanzas,La Esperanza,La Libertad,Norte,3599.45,2226.38,158193.61,466,Regular,Agencia,161,2011/10/10,9,Activo
3741,Pasaporte,241742265,Silvia,Cusi,González,14-02-1994,30,F,soltero ,Universitario,Independiente,Servicios,El Tambo,Junín,Centro,1755.54,797.53,57198.39,464,Regular,Telemarketing,120,2015-02-01,19,Activo
3742,DNI,63275934,Carmen,Torres,Cruz,2002/01/29,22,F,Casado,Técnico,Empleado Privado,Otro,Miraflores,Lima,Lima y Callao,3715.81,2548.47,116749.1,308,Regular,Agencia,68,27-05-2019,3,Activo
3743,DNI,42974224,Víctor,Huanca,Cusi,1950-06-04,74,M,Soltero,Universitario,Independiente,Salud,Yanahuara,Arequipa,Sur,8290.52,5086.83,318424.45,512,Premium,Campaña Institucional,134,2013-12-03,8,Activo
3744,Pasaporte,735810790, SILVIA ,Castro ,Mamani,18/05/1982,42,F,Soltero,Técnico,Empleado Público,Transporte,Los Olivos,Lima,Lima y Callao,2381.96,1219.75,137970.5,475,Regular,Digital,2,2021/01/10,4,Activo
3745,DNI,1482347,MaRíA  ,Mamani,Mamani,1980-12-24,44,F,Divorciado,Universitario,Empleado Privado,Servicios,La EspEraNza,La Libertad,Norte,2690.62,1081.16,88941.45,486,Regular,,93,2017-04-15,9,Inactivo
3746,DNI,60696879,Alejandra,Vargas,Chávez,1980-10-07,44,F,Casado,Universitario,Empleado Privado,Construcción,Huancayo,Junín,Centro,1499.31,596.61,45472.6,491,Regular,Referido,51,2020-10-11,18,Activo
3747,DNI,70404922,Rocío,Rivera,Vargas,1981/09/20,43,F,Conviviente,Técnico,Independiente,Otro,Chiclayo ,Lambayeque,Norte,2571.46,1629.53,25276.94,477,Regular,Referido,69,25/04/2019,12,Inactivo
3748,DNI,66380033,Cecilia,Álvarez,Rodríguez,21/06/1969,55,F,Soltero,Universitario,Empleado Privado,Salud,Cayma,Arequipa,Sur,2621.74,1794.88,56950.07,520,Regular,Agencia,120,2015/02/06,6,Activo
3749,DNI,12978552,César,Romero,Medina,1967/06/02,57,M,Casado,Postgrado,Empleado Público,Tecnología,Los Olivos,Lima,Lima y Callao,2276.44,1121.44,46720.47,541,Regular,Referido,53,2020-08-03,4,Activo
3750,DNI,16255808,Isabel,Álvarez,Torres,1984/01/15,40,F,Conviviente,Secundaria,Empleado Privado,Salud,Trujillo,La Libertad,Norte,5207.76,2320.06,138456.83,476,Premium,Telemarketing,15,26/06/2023,10,Activo
3751,DNI,3535839,Paola,Flores,Choque,1967/04/17,57,F,Conviviente,Técnico,Estudiante,Transporte,San Juan de Lurigancho ,Lima,Lima y Callao,850.0,447.09,16735.46,459,Regular,Digital,94,2017-04-09,1,Activo
3752,DNI,16659373,Fabiola,Castro,Díaz,1974/12/01,50,F,Divorciado,Técnico,Empleado Público,Servicios,Huancayo,Junín,Centro,-1981.21,1248.12,19114.95,553,Regular,Agencia,163,31/07/2011,18,Activo
3753,DNI,41892348,Pablo,Sánchez,Castillo,24/04/2004,20,Masculino,Soltero,Secundaria,Independiente,Agricultura,Pisco,Ica,Sur,1950.44,1037.21,16343.58,428,Regular,Digital,47,25/01/2021,20,Activo
3754,DNI,59871196,Diana,Torres,Vargas,22/11/1995,29,F,Casado,Universitario,Empleado Privado,Comercio,Chiclayo,Lambayeque,Norte,1947.28,1134.33,114477.15,435,Regular,Agencia,73,16/12/2018,12,Bloqueado
3755,DNI,97527129,Rocío,Rojas,González,1983/02/21,41,F,Casado,Postgrado,Empresario,Comercio,Tarapoto,San Martín,Oriente,2506.11,1035.03,139951.86,523,Regular,Agencia,140,2013-06-25,23,Activo
3756,DNI,73090090,Lucía,Huanca,Chávez,1966/07/04,58,F,Casado ,Universitario,Empleado Privado,Servicios,Trujillo,La Libertad,Norte,3675.2,2018.71,110435.77,558,Regular,Telemarketing,77,2018-08-28,10,Activo
3757,DNI,91646191,Miguel,García,Gutiérrez,18-12-1969,55,M,Soltero,Universitario,Empleado Público,Manufactura,Chiclayo,Lambayeque,Norte,3800.99,1708.12,85893.82,632,Regular,Telemarketing,128,2014-06-21,13,Activo
3758,DNI,36219036,César,Ortiz,Rojas,1988/09/07,36,m,Soltero,Técnico,Empleado Privado,Transporte,Víctor Larco Herrera, La lIbErTaD ,Norte,1898.32,1298.04,71977.25,520,Regular,Agencia,40,2021-08-23,11,Activo
3759,CE,634596263,Rodrigo,Ramírez,Castro,20-09-1974,50,M,Conviviente,Universitario,Empleado Privado,Otro,Yanahuara,Arequipa,Sur,4452.26,2797.27,132433.12,607,Regular,Agencia,123,2014-11-04,8,Activo
3760,DNI,9654592,Adriana,Rivera,Quispe,1982/01/17,42,F,Casado,Universitario,Empleado Público,Agricultura,Cusco,CusCo,Sur,2502.26,1649.69,131769.31,454,Regular,Agencia,109,2016-01-06,16,Activo
3761,DNI,87610059,Alejandra, castro,  Ramos,1957/10/24,67,F,Soltero,Universitario,Pensionista,Construcción, cusco,Cusco,Sur,1089.33,675.89,22339.86,495,regular ,Campaña Institucional,62,2019-11-11,16,Inactivo
3762,CE,858020820,Cecilia,Martínez,Choque,21-05-1987,37,F,Conviviente,Universitario,Independiente,Otro,Pisco,Ica,Sur,1428.59,981.19,18092.69,438,Regular,Digital,119,20-03-2015,20,Activo
3763,DNI,58043939,Jorge,Apaza,APAZA,1989/01/26,35,M,Divorciado,Universitario,Independiente,Tecnología,Huancayo,Junín,Centro,850.0,434.26,22741.72,431,Regular,Referido,106,2016/04/16,18,Activo
3764,DNI,72078028,Cecilia,Álvarez,Mamani,1959/07/31,65,F,Conviviente,Universitario,Empresario,Manufactura,Tarapoto,San Martín,Oriente,10472.46,4977.92,313296.0,601,Premium,Digital,54,2020-07-03,23,Activo
3765,DNI,51058378,Rocío,Condori,Laime,28/07/1968,56,F,Conviviente,Universitario,Empleado Privado,Tecnología,Pisco,Ica,Sur,7882.18,4150.43,246116.56,422,Regular,Digital,54,25/07/2020,20,Activo
3766,DNI,77884399,Marco,Ramírez,Herrera,1997/12/02,27,M,Conviviente,Técnico,Empleado Público,Otro,Santiago de Surco,Lima,Lima y Callao,,704.19,47428.26,457,regular,Agencia,175,2010-08-06,2,Activo
3767,Pasaporte,265287905,Rosa,Cusi,Pérez,1986/08/15,38,F,Conviviente,Técnico,Independiente,Comercio,Iquitos,Loreto,Oriente,1653.8,1006.31,91075.68,492,Regular,Referido,55,2020/06/15,22,Inactivo
3768,DNI,41003169,César,Huanca,Choque,1982/11/16,42,M,Casado,Técnico,Empleado Privado,Construcción,Santiago de Surco,Lima,Lima y Callao,1984.4,1225.83,26882.71,367,Regular,Agencia,96,2017-01-28,2,Activo
3769,DNI,94292840,Fabiola,Gómez,Díaz,1994-04-11,30,F,Casado,Técnico,Empresario,Manufactura,Lima,Lima,Lima y Callao,3750.46,1907.71,46496.18,478,Regular,Digital,162,2011-09-03,5,Bloqueado
3770,DNI,28533231,Marco,Romero,Ortiz,1996/11/14,28,M,Conviviente,Técnico,Independiente,Construcción,Los Olivos,Lima,Lima y Callao,1478.53,657.51,83505.1,402,Regular,Agencia,138,14/08/2013,4,Activo
3771,Pasaporte,90614356,Rodrigo,Apaza,Romero,1984/04/08,40,M,Casado,Técnico,Independiente,Servicios,Trujillo,La Libertad,Norte,1083.61,580.38,38224.55,435,Regular,Campaña Institucional,99,29-10-2016,10,Activo
3772,DNI,61141635,Roberto,González,Torres,1998-11-06,26,M,Casado,Universitario,Empresario,Transporte,Trujillo,La Libertad,Norte,4597.08,1769.47,272969.14,440,Regular,Digital,175,2010/07/28,10,Activo
3773,DNI,76716344,Sofía,Jiménez,Quispe,20-08-1972,52,FEMENINO,Casado,Universitario,Empleado Público,Salud,Sullana,Piura,Norte,2670.05,1308.51,99200.89,519,Regular,Agencia,136,2013-10-10,15,Activo
3774,DNI,7471314,Fabiola,Romero,Jiménez,24/05/1992,32,F,Conviviente,Universitario,Empresario,Finanzas,Trujillo,La Libertad,Norte,6660.96,3317.19,74877.77,539,Regular,Digital,84,31/01/2018,10,Activo
3775,DNI,50475709,Óscar,Ramírez,Apaza,17-10-1975,51,M,Casado,Técnico,Empresario,Servicios,Cajamarca,Cajamarca,Norte,15127.3,8946.26,487299.08,560,Premium,Agencia,60,26/01/2020,24,Activo
3776,DNI,31857197,Andrés,Rodríguez,Sánchez,1972/02/04,52,M,Soltero,Secundaria,Empresario,Agricultura,Víctor Larco Herrera,La Libertad,Norte,6685.21,3953.26,291396.25,568,Regular,Agencia,154,2012/04/27,11,Inactivo
3777,DNI,8974854,Rocío,Laime,Ramos,1992/08/31,32,F,Conviviente,Secundaria,Pensionista,Tecnología,Chiclayo,Lambayeque,Norte,850.0,489.59,40250.12,488,Regular,Referido,41,23-07-2021,13,Activo
3778,CE,47718673,Silvia,Choque,Torres,1978-09-15,46,F,Soltero,Técnico,Pensionista,Otro,Cajamarca,Cajamarca,Norte,1322.64,744.83,74092.84,552,Regular,Agencia,86,2017-12-05,24,Activo
3779,DNI,97136412,Rodrigo,Gómez,Gutiérrez,23-11-2000,24,M ,Casado,Universitario,Pensionista,Agricultura,Iquitos,Loreto,Oriente,850.0,347.08,42555.6,470,Regular,Agencia,11,2020-04-21,22,Activo
3780,DNI,51793852,Alejandro,Torres,Rojas,1991-08-24,33,M,Casado,Universitario ,Independiente,Agricultura,Cusco,Cusco,Sur,23116.65,13902.59,754051.14,544,Regular,Referido,164,26-06-2011,16,Activo
3781,DNI,15787293,Mónica,Castillo,Romero,1983-11-26,41,F,Soltero,secundaria ,Independiente,Tecnología,Chimbote,Ancash,Centro,1613.33,729.18,84246.07,458,Regular,Referido,113,2015/09/06,21,Activo
3782,DNI,32587887,Carmen,Gómez,  Rodríguez,1982-03-12,42,F,Soltero,Universitario,Empresario,Construcción,Chiclayo,Lambayeque,Norte,6134.46,3323.42,233748.63,490,Premium,Agencia,81,13/04/2018,12,Inactivo
3783,DNI,48307413,  gabriela,Álvarez,Ramos,1986/11/19,38,F,Casado,Universitario,Independiente,Agricultura,Chimbote,Ancash,Centro,5794.8,3635.65,244637.08,564,Regular,,170,2011/01/06,21,Activo
3784,DNI,71396083,Patricia,Condori,Mamani,1979/08/30,45,F,Conviviente,Universitario ,Empleado Privado,Servicios,Lima,Lima,Lima y Callao,1489.7,688.65,42955.9,520,Regular,Digital,152,2012-06-24,5,Activo
3785,CE,680561062,Silvia,Ramírez,Gutiérrez,1964/12/09,60,F,Soltero,Universitario,Estudiante,Transporte,Cusco,Cusco,Sur,-1296.23,650.58,37703.85,552,Regular,Digital,51,2020-10-07,16,Activo
3786,DNI,73798890,Sandra,Cruz,Choque,1965-09-25,59,F,Divorciado,Universitario,Independiente,Tecnología,Piura,Piura,Norte,2732.58,1253.84,42897.81,548,Regular,,124,13-10-2014,14,Activo
3787,DNI,21249543,Eduardo,Choque,Herrera,1991/11/10,33,M,Conviviente,Secundaria,Empleado Público,Finanzas,Huancayo,Junín,Centro,2210.06,1270.44,85977.56,567,Regular,Agencia,27,2022/10/07,18,Activo
3788,DNI,27783404,Miguel,Ramos,Gutiérrez,1990-09-18,34,M,Conviviente,Técnico,Empresario,Educación,Víctor Larco Herrera,La Libertad,Norte,3213.45,1909.3,83238.89,502,Regular,Agencia,130,2014/04/10,11,Activo
3789,DNI,63152717,Rodrigo,Morales,Condori,13-10-1985,39,M,Casado,Técnico,Independiente,Educación,Piura,Piura,Norte,3589.98,1568.42,60185.01,460,Regular,Campaña Institucional,138,30/08/2013,14,Activo
3790,DNI,55004796,Ana,Díaz,Castillo,1962/06/20,62,F,Conviviente,Técnico,Independiente,Transporte,Chiclayo,Lambayeque,Norte,,435.21,23653.95,581,Regular,Digital,157,24-01-2012,13,Inactivo
3791,DNI,92810871,Cecilia,Torres,Medina,13-02-1992,32,F,Casado,Técnico,Independiente,Tecnología,Iquitos,Loreto,Oriente,850.0,477.76,31588.08,482,Regular,Agencia,143,2013/03/09,22,Activo
3792,DNI,41136317,Andrés,Condori  ,Choque,1986-07-01,38,M,Casado,Secundaria,Independiente,Educación,Yanahuara,Arequipa,Sur,1040.01,447.39,57874.84,386,Regular,Agencia,72,2019-01-17,8,Inactivo
3793,DNI,50658046,Diego,Choque,Gutiérrez,1983/11/09,41,M,Viudo,Técnico,Independiente,Salud,Huancayo,Junín,Centro,4582.36,2414.26,209643.8,522,Regular,Telemarketing,124,24-10-2014,18,Bloqueado
3794,DNI,99190798,Roberto,Medina,Castro,1982-06-02,42,mas,Divorciado,Técnico,Empleado Público,Servicios,Chiclayo,Lambayeque,Norte,2555.56,1540.49,64009.79,506,Regular,Digital,118,2015/04/23,12,Inactivo
3795,DNI,39445322,Isabel ,Choque,González,2000/04/12,24,F,Viudo,Postgrado,Independiente,Otro,San Juan de Lurigancho,Lima,Lima y Callao,850.0,391.73,8760.64,446,Regular,Digital,152,27-06-2012,1,Inactivo
3796,DNI,13643962,Rodrigo,Rojas,Álvarez,1984/11/23,40,M,Conviviente,Universitario,Independiente,Salud,El Tambo,Junín,Centro,4166.82,2234.52,247044.48,529,Regular,Agencia,111,2015/10/22,19,Activo
3797,DNI,14547816,Claudia,Flores,Quispe,1975-01-24,49,F,Conviviente,Universitario,Empleado Privado,Educación,Miraflores,Lima,Lima y Callao,2607.17,1571.74,71583.37,422,Regular,Referido,73,2018-12-10,3,Activo
3798,DNI,1889475,Pablo,Gómez,Martínez,28-05-1978,46,M,Casado,Universitario,Empleado Público,Construcción,Miraflores,Lima,Lima y Callao,2682.24,1512.69,59032.4,382,regular,Agencia,115,22/07/2015,3,Inactivo
3799,DNI,68604409,Isabel,Sánchez,Álvarez,1993/09/08,31,Femenino,Casado,Postgrado,Independiente,Salud,Cajamarca,Cajamarca,Norte,1317.83,516.57,11002.01,475,Regular,Agencia,105,13/05/2016,24,Activo
3800,DNI,78815814,Ana,Castro,Torres,1992-03-28,32,F,Soltero,Secundaria,Empleado Público,Tecnología,Piura,Piura,Norte,1920.72,962.47,65452.5,480,Regular,Agencia,45,20/04/2021,14,Activo
3801,DNI,94480487,Manuel,Herrera,Romero,1984-07-11,40,M,Soltero,Secundaria,Independiente,Salud,Sullana,Piura,Norte,1390.95,849.26,54300.46,447,Regular,Campaña Institucional,141,2013-05-12,15,Activo
3802,DNI,82580298,Valeria,Quispe,CaStIlLo,26-09-1995,29,F,Soltero,,Empresario,Educación,Miraflores,Lima,Lima y Callao,6495.4,4288.48,187859.32,527,Premium,Telemarketing,95,2017-03-08,3,Inactivo
3803,DNI,1283449,Luis,Rojas,Quispe,1992-02-10,32,M,Conviviente,Secundaria,Empresario,Salud,Chiclayo,Lambayeque,Norte,13201.57,8148.24,411049.01,497,Regular,Digital,71,2019-03-01,13,Inactivo
3804,DNI,98519652,Isabel,Reyes,Huanca,1965/01/05,60,F,Casado,Técnico,Pensionista,Agricultura,Víctor Larco Herrera,La Libertad,Norte,921.01,507.1,48704.56,400,Regular,Telemarketing,54,2020-07-10,11,Activo
3805,DNI,38481950,Elena,Huanca,Quispe,1974/06/03,52,F,soltero,Secundaria,Empleado Público,Transporte,El Tambo,Junín,Centro,2401.28,1273.62,92802.33,515,Regular,Referido,15,27/01/2022,19,Activo
3806,CE,936595523,Elena,Reyes,Jiménez,1990/08/25,34,F,Casado,Secundaria,Empleado Privado,Agricultura,Santiago de Surco,Lima,Lima y Callao,2629.85,1425.64,49747.18,448,Regular,Telemarketing,154,21/04/2012,2,Activo
3807,DNI,72621788,Carmen,Vargas,Quispe,20-01-1986,38,F,Conviviente,Universitario,Independiente,Manufactura,Tarapoto,San Martín,Oriente,4075.95,2316.72,81467.99,495,Regular,Referido,12,2022/07/18,23,Activo
3808,DNI,32572604,Gabriela,Ramos,Choque,1975-05-28,49,F,Conviviente,Universitario,Empresario,Comercio,Sullana,Piura,Norte,5255.55,3166.05,245199.36,505,Regular,,100,25/09/2016,15,Activo
3809,Pasaporte,253523484, Rodrigo ,Ramírez,Apaza,1996/12/18,28,M,Casado,Universitario,Empleado Privado,Servicios, HuaNcaYo ,Junín,Centro,2116.15,1306.4,20768.69,300,regular ,Agencia,142,2013/04/09,18,Activo
3810,DNI,5284304,PaOlA  ,Cusi,Huanca,22-02-1990,34,F,Conviviente,Técnico,Independiente,Agricultura,Piura,Piura,Norte,2068.66,902.95,71728.05,506,Regular,Agencia,81,2018/04/10,14,Activo
3811,DNI,85437826,Lucía,Rivera,Martínez,1986-09-16,38,F,Casado,Técnico,Independiente,Otro,Yanahuara,Arequipa,Sur,2884.45,1613.6,166841.17,362,Regular,Digital,64,26-09-2019,8,Activo
3812,DNI,95767602,Adriana,Díaz, Cusi,1983/02/25,41,F,Divorciado,Universitario,Independiente,Agricultura,Trujillo,La Libertad,Norte,850.0,413.68,15011.0,416,Regular,Agencia,155,28/03/2012,10,Bloqueado
3813,CE,178878441,Marco,Díaz,Gómez,17/12/1985,39,M,Divorciado,Universitario,Empleado Privado,Comercio,Yanahuara,Arequipa,Sur,5269.18,3682.82,186271.11,509,Premium,Agencia,123,2014/11/19,8,Activo
3814,DNI,54228392,Rocío,Rojas,López,13-05-1982,42,F ,Soltero,Universitario,Empleado Privado,Otro,Wanchaq,Cusco,Sur,2820.65,1371.45,50043.71,449,Regular,Digital,97,29/12/2016,17,Activo
3815,CE,259623741,Alejandra,Rivera,Huanca,1989/07/06,35,F,Conviviente,Secundaria,Independiente,Servicios,El Tambo,Junín,Centro,2978.46,1859.8,81897.01,402,Regular,Telemarketing,58,2020-03-09,19,Activo
3816,DNI,22021544,Óscar,Vargas,Torres,19/11/1975,49,M,Soltero,Universitario,Empleado Público,Finanzas,Iquitos,Loreto,Oriente,1902.18,845.52,41082.72,562,regular ,Agencia,155,2012-03-24,22,Activo
3817,DNI,6209227,Alejandra,Castillo,Cusi,29/08/1971,53,F,Casado,Técnico,Empresario,Finanzas,Chimbote,Ancash,Centro,2277.15,1204.62,18612.54,492,Regular,Agencia,125,2014-09-05,21,Inactivo
3818,DNI,96371099,Patricia,Reyes,López,29-08-1993,31,F,Conviviente,TECNICO,Empleado Público,Servicios,Tarapoto,San Martín,Oriente,936.72,552.4,45758.04,431,Regular,Agencia,65,25-08-2019,23,Activo
3819,DNI,26941117,Iván,Cusi,González,1953/03/19,71,M,Casado,Técnico,Empresario,Agricultura,El Tambo,Junín,Centro,10084.92,4229.15,489445.57,655,Regular,Referido,116,2015-05-27,19,Activo
3820,DNI,63134792,Carlos,Laime,Rodríguez,1973/11/12,51,M,Soltero,Universitario,Empleado Privado,Comercio,Cusco,Cusco,Sur,2099.65,865.23,28349.13,479,Regular,Agencia,24,2020-03-04,16,Activo
3821,DNI,98153201,Diego,Torres,Mamani,1975-12-03,49,M,Soltero,Técnico,Empleado Público,Manufactura,Tarapoto,San Martín,Oriente,2646.95,1335.44,73472.11,487,Regular,Referido,121,2015-01-20,23,Activo
3822,DNI,94049636,Isabel,Díaz,González,2001/12/25,23,F,Casado,Universitario,Empleado Público,Tecnología,Pisco,Ica,Sur,6728.98,4458.33,110133.89,480,Regular,Referido,171,2010/12/12,20,Inactivo
3823,DNI,66665085,Elena,García,Reyes,21/11/1986,38,F,Casado,Secundaria,Estudiante,Transporte,Pisco,Ica,Sur,850.0,472.87,7202.98,465,Regular,Campaña Institucional,16,18-01-2020,20,Activo
3824,DNI,79727545,Luis,López,Martínez,1981-08-28,43,M,Casado,Secundaria,,Manufactura,Chiclayo,Lambayeque,Norte,5461.67,3774.91,146685.8,488,Premium,Agencia,25,2021/10/14,12,Bloqueado
3825,DNI,62167855,Manuel,Chávez,Jiménez,1996/03/02,28,M,Casado,Técnico,Empresario,Educación,Cusco,CUSCO  ,Sur,4653.55,2615.28,248844.46,465,Regular,Agencia,70,2019-03-09,16,Activo
3826,DNI,49580645,Elena,Torres,Romero,1965/07/01,59,F,Casado,Universitario,Empleado Privado,Finanzas,Santiago de Surco,Lima,Lima y Callao,5774.41,3314.09,92079.37,525,Regular,Digital,132,23-02-2014,2,Activo
3827,DNI,51960958,Isabel,Huanca,Torres,1998/02/21,26,F,Casado,Secundaria,Empleado Público,Otro,Wanchaq,Cusco,Sur,1135.6,603.38,65837.65,482,Regular,Agencia,166,2011-05-09,17,Bloqueado
3828,CE,158849028,Marco,Quispe,Sánchez,25-10-1978,46,M,Casado,Secundaria,Empleado Privado,Comercio,Arequipa,Arequipa,Sur,2433.36,1014.04,79839.75,467,Regular,Agencia,132,2014/02/26,7,Activo
3829,DNI,4093373,Juan,Quispe,Rivera  ,1990/03/15,34,M,Conviviente,Universitario,Empleado Privado,Educación,Huancayo,Junín,Centro,2644.59,1337.8,43036.08,345,Regular,Agencia,77,2018/08/07,18,Activo
3830,DNI,65486202,Roberto,Cusi,Romero,1996/10/07,28,M,Casado,Universitario,Independiente,Manufactura,Iquitos,Loreto,Oriente,1344.04,741.28,36524.95,531,Regular,Telemarketing,177,2010/05/20,22,Activo
3831,DNI,58416511,Valeria,Apaza,Martínez,1993-01-02,32,F,Casado,Universitario,Empleado Privado,Otro,Pisco,Ica,Sur,2881.14,1894.38,105528.26,486,Regular,Agencia,24,2022/12/29,20,Activo
3832,DNI,70425199,Óscar,Quispe,Morales,22-09-1967,57,M,casado,Universitario,Empleado Privado,Manufactura,Pisco,Ica,Sur,5963.47,3522.74,253209.02,514,Regular,Agencia,62,2019-11-09,20,Inactivo
3833,DNI,36515854,Cecilia,Chávez,Herrera,1988/03/08,36,F,Conviviente,Técnico,Empleado Público,Finanzas,Trujillo,La Libertad,Norte,1544.47,991.64,87481.36,483,Regular,Agencia,83,2018-03-05,10,Activo
3834,DNI,80287353,Rosa,Morales,Chávez,1988-03-30,36,F,Casado,,Empleado Privado,Servicios,Arequipa,AREQUIPA,Sur,3585.96,1561.04,107184.67,504,Regular,Digital,129,2014/04/30,7,Activo
3835,CE,574331164,Alejandra,Cusi,Ramos,13-07-1975,49,F,casado,Universitario,Empleado Público,Servicios,Chimbote,Ancash,Centro,3677.08,2404.33,134659.15,623,Regular,Agencia,46,2019/12/08,21,Activo
3836,DNI,9075043,Carlos,Huanca ,Chávez,14-01-1981,43,M,Divorciado,Secundaria,Empleado Privado,Finanzas,Cajamarca,Cajamarca,Norte,4972.94,2267.75,180006.53,475,Regular,Telemarketing,145,2013/01/06,24,Activo
3837,DNI,88301160,Ángela,Condori,Mamani,1969-01-11,56,F,Conviviente,Técnico,Empleado Privado,Educación,YANAHUARA,Arequipa,Sur,5356.4,2254.09,191599.73,570,Premium,Telemarketing,55,2020-06-01,8,Activo
3838,DNI,92183160,Manuel,Morales,Castillo,1981/05/06,43,M,Casado,TECNICO,Independiente,Transporte,Los Olivos,Lima,Lima y Callao,,999.72,73438.96,410,Regular,Referido,146,2012/12/10,4,Activo
3839,DNI,67950355,Silvia,Romero,Choque,1983-06-07,41,F,Conviviente,Universitario,Empleado Privado,Comercio,Sullana,Piura,Norte,6083.83,2970.99,218066.08,476,Regular,Digital,36,19/09/2020,15,Activo
3840,DNI,97042202,Andrés,HuAnCa,Jiménez,1973/03/08,51,M,soltero,Universitario,Pensionista,Otro,Iquitos,Loreto,Oriente,1568.74,929.61,74589.51,484,Regular,Digital,140,2013/06/17,22,Activo
3841,Pasaporte,879878592,Diana,Huanca,Martínez,1967/01/18,57,F,Conviviente,Universitario,Empresario,Otro,Lima,Lima,Lima y Callao,1115.35,763.02,24528.29,460,Regular,Agencia,67,2019/06/11,5,Inactivo
3842,DNI,98851011,Héctor  ,Torres,Ortiz,20/03/1993,31,M,Casado,Universitario,Empleado Privado,Otro,Tarapoto,San Martín,Oriente,1733.02,897.85,49417.83,488,Regular,Agencia,4,30-08-2023,23,Activo
3843,DNI,95214620,Carlos,Vargas,González,1979/05/09,45,M,Casado,Universitario,Independiente,Otro,Pisco,Ica,Sur,3142.44,1715.13,47259.31,526,Regular,Referido,26,26-09-2020,20,Activo
3844,CE,258572828,Alejandra,Mamani,Álvarez,1994/06/07,30,F,Soltero,Universitario,Empleado Privado,Servicios,Lima,Lima,Lima y Callao,1408.23,845.6,15070.35,489,Regular,Agencia,8,2024-04-29,5,Activo
3845,DNI,50942169,Daniela,López  ,Ramos,14/04/1990,34,F,Conviviente,Secundaria,Empleado Público,Salud,Huancayo,Junín,Centro,1057.62,419.71,50299.05,546,Regular,Telemarketing,117,27/04/2015,18,Activo
3846,DNI,78944451,Paola,Pérez,Mamani,1966/07/31,58,F,Casado,Universitario,Independiente,Salud,San Juan de Lurigancho,Lima,Lima y Callao,7776.89,4916.04,157956.76,532,Regular,Referido,98,2016/12/10,1,Activo
3847,DNI,30131348,Pablo,Condori,Huanca,21-09-1975,49,M,Casado,Técnico,Estudiante,Construcción,Los Olivos,Lima,Lima y Callao,1201.22,550.58,46877.09,460,Regular,Campaña Institucional,86,21/11/2017,4,Activo
3848,DNI,48807448,Elena,Reyes,Vargas,1969/11/01,55,F,Casado,Secundaria,Empleado Privado,Construcción,Wanchaq,Cusco,Sur,3590.76,1499.11,71241.67,559,Regular,Telemarketing,70,2019-04-02,17,Activo
3849,DNI,42414529,Enrique,Condori,Rojas,15-10-1980,44,M,Conviviente,Universitario,Empresario,Finanzas,San Juan de Lurigancho,Lima,Lima y Callao,12673.65,7884.77,748124.21,543,Premium,Digital,163,24-07-2011,1,Activo
3850,CE,984759518,Carmen,ORTIZ,Díaz,2001/01/03,24,F ,Casado,Universitario,Independiente,Educación,Wanchaq,Cusco,Sur,5564.89,2594.43,53461.67,415,Premium,Agencia,140,19/06/2013,17,Activo
3851,DNI,97486971,Valeria,Gutiérrez,Ortiz,1968-01-03,57,F,Soltero,Secundaria,Empresario,Finanzas,Arequipa,Arequipa,Sur,6050.97,4154.89,320838.22,602,Premium,Telemarketing,48,2021/01/10,7,Activo
3852,DNI,70834573,César,Romero,Morales,1969/03/19,55,M,Soltero,Secundaria,Empresario,Comercio,la esperanza,La Libertad,Norte,8155.97,5441.49,471769.14,566,Premium,Campaña Institucional,22,24-12-2019,9,Activo
3853,DNI,72050465,Patricia,Medina,Castillo,27/05/1977,47,F,Casado,Técnico,Independiente,Educación,Iquitos,Loreto,Oriente,850.0,475.71,17114.77,498,Regular,Referido,51,14/10/2020,22,Inactivo
3854,DNI,73397850,César,Sánchez,Reyes,1992/12/06,34,M,Soltero,Técnico,Empleado Privado,Transporte,Cajamarca,Cajamarca,Norte,2773.77,1303.91,37798.15,404,Regular,Agencia,47,2021-02-08,24,Activo
3855,DNI,44365915,Rodrigo,Ortiz,Gómez,17/12/1997,27,M,Soltero,Técnico,Empleado Público,Manufactura,Los Olivos,Lima,Lima y Callao,-3554.02,1877.9,89008.13,546,Regular,Digital,156,2012/03/02,4,Activo
3856,DNI,31384366,Daniela,González,Gutiérrez,1983-02-12,41,F,Soltero,Universitario,Empleado Privado,Manufactura,La Esperanza,La Libertad,Norte,3100.34,1390.21,150563.42,474,Regular,Agencia,129,18/05/2014,9,Activo
3857,DNI,75998900,Ángela,Cusi,Choque,25-08-1976,48,F,Soltero,Secundaria,Empleado Público,Servicios,Víctor Larco Herrera,La Libertad,Norte,1683.31,1134.26,71150.13,570,Regular,Digital,7,30/05/2024,11,Activo
3858,DNI,8779808,Iván,Castillo,Choque,1986-03-16,38,M,Conviviente,Técnico,Empleado Privado,Educación,Los Olivos,Lima,Lima y Callao,2239.02,1460.49,80180.94,482,Regular,Agencia,3,2021-09-02,4,Activo
3859,DNI,61602227,Claudia,Romero,Rivera,1990-04-02,34,F,Divorciado,Universitario,Empleado Privado,Servicios,Santiago de Surco,Lima,Lima y Callao,3153.63,1235.41,59692.16,447,Regular,Digital,108,2016/02/11,2,Inactivo
3860,DNI,25512138,Diana,Quispe,Romero,1977-12-06,47,f,Soltero,Secundaria,Empresario,Manufactura,Miraflores,Lima,Lima y Callao,12348.27,7696.08,545128.74,495,Regular,Agencia,171,2010/11/28,3,Inactivo
3861,DNI,42591447,Marco,Castro,Flores,14-10-1984,40,M,Soltero,Técnico,Empleado Público,Manufactura,Santiago de Surco, Lima,Lima y Callao,2499.27,1150.73,52869.38,481,Regular,Telemarketing,179,2010/04/16,2,Activo
3862,DNI,60524408,Juan,Romero,Castro,21-10-1977,47,M,Casado,Técnico,Independiente,Salud,Pisco,Ica,Sur,3570.45,2190.3,31895.14,557,Regular,Telemarketing,175,2010-07-30,20,Activo
3863,DNI,11649024,Jorge,Romero,Castillo,1990-05-01,34,M,Divorciado,Universitario,Independiente,Tecnología,Huancayo,Junín,Centro,1132.32,624.54,33414.26,456,Regular,Telemarketing,124,2014/10/04,18,Activo
3864,DNI,57318291,Fernando,Rojas,Mamani,18-06-1994,30,M,Conviviente,Secundaria,Empleado Privado,Manufactura,Sullana,Piura,Norte,3433.81,1795.37,154945.5,407,regular,Agencia,34,2022-03-03,15,Activo
3865,DNI,44639639,Óscar, Rivera ,Huanca,26/08/1955,69,M,Casado,Técnico,Pensionista,Finanzas,Lima,Lima,Lima y Callao,2119.56,1476.22,113528.4,514,Regular,Agencia,41,2021/08/14,5,Activo
3866,DNI,49679484,Mónica,Díaz,Díaz,1973-01-12,52,F,Casado,Universitario,Empleado Privado,Educación,Tarapoto,San Martín,Oriente,1351.69,638.23,17285.31,639,Regular,Digital,159,2011/11/23,23,Activo
3867,DNI,89081550,Sofía,Condori,Herrera,17/02/1990,34,Femenino,Casado,Universitario,Empleado Público,Comercio,Cajamarca,Cajamarca,Norte,1888.94,1110.51,70205.59,392,Regular,Referido,5,15/07/2024,24,Activo
3868,DNI,95514957,Daniela,Medina,Rivera,1977/06/08,47,F,Soltero,Universitario,Pensionista,Construcción,Santiago de Surco,Lima,Lima y Callao,850.0,532.68,36794.92,497,Regular,Digital,137,2013-09-19,2,Activo
3869,DNI,19767314,Andrés,Álvarez,Martínez,27/07/1989,35,M,Casado,Secundaria,Empleado Privado,Salud,El Tambo,Junín,Centro,1573.61,823.44,84930.99,431,Regular,Telemarketing,118,2015/04/09,19,Activo
3870,DNI,20241905,José,Martínez,Vargas,1980-02-03,44,M,Soltero,Secundaria,Empresario,Manufactura,Chiclayo,Lambayeque,Norte,2698.99,1622.63,139883.47,470,Regular,Digital,87,2017/11/06,13,Activo
3871,CE,901170782,Silvia,Castro,Martínez,1975-07-12,49,F,Casado,Postgrado,Independiente,Salud,ChiClaYo,Lambayeque,Norte,15182.46,7604.08,394327.71,550,Premium,Digital,73,2018-12-17,12,Activo
3872,DNI,12972588,Diana,Castro,Martínez,20-06-1994,30,F,Casado,Técnico,Empleado Público,Otro,Tarapoto,San Martín,Oriente,1656.28,703.23,53246.99,490,Regular,Referido,93,2017-05-12,23,Bloqueado
3873,DNI,82943050,David,Ortiz,Flores,1987/02/11,37,M,Soltero,Universitario,Empleado Público,Finanzas,Chiclayo,Lambayeque,Norte,2913.46,1648.02,26763.37,513,Regular,,120,2015/02/13,13,Inactivo
3874,DNI,41574299,Ana,RoDrÍgUeZ ,Choque,26/06/1972,52,F,Soltero,Técnico,Independiente,Servicios,Sullana,Piura,Norte,2013.04,1201.39,66704.21,574,Regular,Agencia,148,2012-10-20,15,Activo
3875,DNI,37073485, CECILIA ,Cusi,Flores,1984-03-26,40,F,Divorciado,Postgrado,Empleado Privado,Salud,Cusco,Cusco,Sur,1726.11,923.0,18403.26,603,Regular,Agencia,64,2019/09/06,16,Activo
3876,DNI,92708553,Fabiola,García,López,2004/01/08,20,F,Divorciado,Técnico,Independiente,Transporte,Yanahuara,Arequipa,Sur,1158.69,617.39,44879.48,417,Regular,Agencia,113,2015-09-09,8,Inactivo
3877,DNI,30248298,Gabriela,Cusi,Chávez,27-06-1952,72,Femenino,Divorciado,Universitario,Empleado Público,Servicios,Sullana,Piura,Norte,5334.9,3551.54,275259.04,622,Regular,Agencia,119,2015-03-22,15,Inactivo
3878,DNI,52293011,Enrique,Huanca,Flores,1986-07-12,38,M,Casado,Técnico,Empleado Público,Transporte,Víctor Larco Herrera,La Libertad,Norte,5400.18,2338.02,157847.37,528,Premium,Agencia,76,18/09/2018,11,Activo
3879,DNI,156314,Silvia,Choque,Jiménez,1971/09/01,53,F,Soltero,Técnico,Independiente,Otro,Trujillo,La Libertad,Norte,2864.98,1160.03,161291.93,502,Regular,Agencia,141,20/05/2013,10,Activo
3880,DNI,79920770,Lucía,García,Ramos,1986/08/12,38,Femenino,Casado,TECNICO,Empleado Público,Construcción,Miraflores,Lima,Lima y Callao,1881.57,906.96,47658.41,534,Regular,Campaña Institucional,23,16-02-2022,3,Activo
3881,Pasaporte,884529693,Fernando,Castillo,Álvarez,1978-07-10,46,M,Soltero,Universitario,Empleado Público,Salud,chiclayo ,Lambayeque,Norte,2146.84,1392.21,82812.74,596,Regular,Referido,8,2022/08/31,13,Inactivo
3882,DNI,33381697,Silvia,Mamani,López,2004/05/08,20,F,Casado,Secundaria,Estudiante,Tecnología,Sullana,Piura,Norte,850.0,516.49,41203.98,491,Regular,Agencia,160,2011/11/10,15,Activo
3883,DNI,52289753,Manuel,Jiménez  ,Jiménez,1969/04/03,55,M,Casado,Universitario,Independiente,Otro,Víctor Larco Herrera,La Libertad,Norte,2447.96,1522.98,99647.12,518,Regular,Referido,77,2018/08/23,11,Activo
3884,DNI,69971468,Luis,López,Rivera,25-07-1971,53,M,Conviviente,Universitario,Empleado Público,Educación,Cayma,Arequipa,Sur,4150.56,2441.29,161291.48,511,Regular,Telemarketing,159,2011/11/22,6,Bloqueado
3885,DNI,83484036,Jorge,Quispe,Quispe,24-07-1979,45,M,Viudo,Universitario,Pensionista,Finanzas,Chiclayo,Lambayeque,Norte,2097.27,1426.18,111463.72,374,Regular,Agencia,92,14-05-2017,12,Activo
3886,DNI,81211858,Paola,Laime,Ramírez,1991-04-12,33,F,Conviviente,Técnico,Independiente,Manufactura,Cajamarca,Cajamarca,Norte,6062.97,3238.14,230565.28,541,Regular,Digital,104,2016-05-31,24,Inactivo
3887,DNI,52563080,Lucía,Herrera,Romero,1976-01-27,48,F,Soltero,Secundaria,Empleado Público,Manufactura,Chiclayo,Lambayeque,Norte,1843.65,1138.54,94588.51,467,Regular,Referido,5,2021-03-10,12,Bloqueado
3888,DNI,28072994,César,Gutiérrez,Torres  ,1990-10-12,34,m,Viudo,Universitario,Empleado Público,Salud,Pisco,Ica,Sur,3681.85,2281.42,31187.79,463,Regular,Agencia,23,2023/02/09,20,Inactivo
3889,DNI,63455547,Roberto,Rojas,Medina,1981/08/19,43,M,Soltero,Universitario,Empleado Privado,Otro,Chiclayo,Lambayeque,Norte,1968.8,991.13,109827.92,534,Regular,Digital,58,2020/03/07,13,Activo
3890,DNI,76215887,César,Torres,Rivera,13-03-1989,35,M,Soltero,Técnico,Pensionista,Otro,Cusco,Cusco,Sur,954.29,551.53,45727.67,381,Regular,Agencia,146,2013/01/03,16,Inactivo
3891,DNI,12749939,Rosa,Herrera,Ramírez,21-09-2002,22,F,Soltero,Universitario,Estudiante,Comercio,Arequipa,Arequipa,Sur,850.0,369.04,38298.84,381,Regular,Referido,47,2021/02/16,7,Activo
3892,DNI,46779526,Luis,Ramírez,Condori,1957-09-02,67,M,Casado,Universitario,Independiente,Finanzas,Cusco,Cusco,Sur,850.0,534.92,42769.21,467,Regular,Telemarketing,36,2020-05-12,16,Inactivo
3893,DNI,69880491,Lucía,Rojas,Condori,1982-11-29,42,F,Casado,Universitario,Empresario,Servicios,Huancayo,Junín,Centro,4607.35,2219.16,73254.12,451,Regular,Digital,47,2021-02-02,18,Activo
3894,CE,478217389,Rosa,Herrera,Torres,20/03/1994,30,F,Soltero,Técnico,Independiente,Comercio,Trujillo,La Libertad,Norte,1059.68,554.52,51431.5,451,Regular,Agencia,70,26-03-2019,10,Activo
3895,CE,952529242,Héctor,  Rivera,Rodríguez,1959/11/10,65,M,Casado,Universitario,Empleado Privado,Finanzas,Lima,Lima,Lima y Callao,3477.54,1790.55,193892.26,582,Regular,,134,2013-12-06,5,Activo
3896,DNI,22441463,Rocío,Chávez,Cruz,1976/10/14,48,F,Soltero,Postgrado,Independiente,Tecnología,Cusco,Cusco,Sur,5316.89,2991.03,94418.35,348,Regular,Digital,143,2013-04-02,16,Activo
3897,DNI,57249259,Sofía,Vargas,Cruz,1986/12/29,38,F,Conviviente,Técnico,Empleado Privado,Agricultura,Chiclayo,Lambayeque,Norte,5309.67,2759.86,225063.89,456,regular ,Campaña Institucional,136,2013-10-08,12,Activo
3898,DNI,37014155,Enrique,Rojas,Laime,1961/06/13,63,M,Soltero,Secundaria,Empleado Privado,Transporte,Trujillo,La Libertad,Norte,-6933.15,3996.47,96460.4,498,Regular,Referido,71,2019/02/10,10,Activo
3899,CE,766269091,Andrés,Mamani,Condori,30/06/1989,35,Masculino,Soltero,Universitario,Empleado Privado,Educación,Chimbote,Ancash,Centro,1624.89,696.85,82367.12,441,Regular,Agencia,176,2010-07-02,21,Activo
3900,DNI,16889780,Roberto,Herrera,Díaz,28-05-1997,27,M,Conviviente,Técnico,Empleado Público,Construcción,Santiago de Surco,Lima,Lima y Callao,2220.27,994.69,118941.15,404,Regular,Agencia,31,2021-01-17,2,Activo
3901,DNI,30714601,Valeria,Cusi,Rojas,1975-05-09,49,F,Soltero,Universitario,Empresario,Tecnología,Santiago de Surco,Lima,Lima y Callao,8804.4,4963.26,445737.77,439,Regular,Digital,83,2018/02/19,2,Activo
3902,DNI,19681469,Luis,Pérez,Morales,28-03-1964,60,M,Conviviente,Universitario,Empleado Público,Comercio,Arequipa,Arequipa,Sur,2944.71,1337.95,163226.46,577,Regular,Digital,20,2020-11-04,7,Activo
3903,DNI,42951538,Ricardo,Flores,Rojas,1992-09-25,32,M,Soltero,Secundaria,Empleado Privado,Construcción,Huancayo,Junín,Centro,3593.55,1579.19,69830.69,537,Regular,Agencia,37,2021/11/27,18,Activo
3904,DNI,30963774,Manuel,Rojas,Rodríguez,1984/01/23,40,M,Soltero,Universitario,Empleado Público,Servicios,Cajamarca,Cajamarca,Norte,4628.51,3194.62,203402.94,511,Regular,Digital,56,2019/12/17,24,Activo
3905,DNI,23050478,Isabel,Jiménez,Ramírez,17-10-1969,55,F,Soltero,Técnico,Empleado Privado,Manufactura,san juan de lurigancho  ,Lima,Lima y Callao,3622.52,2286.77,72991.43,541,Regular,Agencia,164,13-07-2011,1,Activo
3906,DNI,88351991,Sandra,Chávez,Castro,27-01-2003,21,F,Casado,Postgrado,Empleado Privado,Salud,Chimbote,Ancash,Centro,2883.45,1764.55,95156.04,416,Regular,,172,2010/11/06,21,Activo
3907,DNI,60860489,David,Reyes,Quispe,1993-05-02,31,M,Casado,secundaria,Empleado Privado,Servicios,Los Olivos,Lima,Lima y Callao,6244.95,3009.79,314629.47,467,PREMIUM,Digital,90,2017-08-04,4,Activo
3908,DNI,61891349,Sofía,Castro,  Cusi,18-05-1995,29,F,Divorciado,Universitario,Empleado Privado,Educación,Cajamarca,Cajamarca,Norte,2145.75,1085.59,109805.22,396,Regular,Telemarketing,180,2010-03-01,24,Activo
3909,DNI,79736789,Ángela,Reyes,Sánchez,15-01-1966,59,F,Casado,Postgrado,Independiente,Comercio,Cayma,Arequipa,Sur,1617.53,888.68,58768.93,540,Regular,Telemarketing,159,29-11-2011,6,Activo
3910,DNI,40444407,Roberto,Gómez,Reyes,28-11-1966,58,m,Conviviente,Universitario,Empleado Privado,Servicios,Iquitos,Loreto,Oriente,2486.97,1723.44,33209.63,541,Regular,Telemarketing,46,2020/05/31,22,Activo
3911,DNI,30193633,Valeria ,Medina,Rojas,1995-05-22,29,F,Casado,Universitario,Empresario,Transporte,Arequipa,Arequipa,Sur,22432.62,14105.98,591204.37,579,VIP,Digital,157,2012/02/02,7,Activo
3912,DNI,92410096,Adriana,Huanca,Medina,19-11-1985,39,F,Casado,Secundaria,Empleado Privado,Agricultura,Chiclayo,Lambayeque,Norte,1891.42,1222.15,91819.68,476,Regular,Agencia,29,2022/07/16,12,Bloqueado
3913,DNI,74518893,  claudia,Álvarez,Álvarez,29-10-1987,37,F,Soltero,Técnico,Empleado Privado,Servicios,Cayma,Arequipa,Sur,7276.07,3663.08,219517.43,422,Premium,Agencia,11,2024-02-03,6,Activo
3914,DNI,24555195,Juan,García,Cruz,1982-01-08,43,M,Conviviente,Técnico,Independiente,Construcción,Yanahuara,Arequipa,Sur,2319.71,1275.77,89038.4,482,Regular,Agencia,124,2014/10/24,8,Activo
3915,DNI,94904578,Andrés,Martínez,Cusi,1984/12/28,40,M,Divorciado,Técnico,,Servicios,Santiago de Surco,Lima,Lima y Callao,2647.01,1543.35,120249.4,533,Regular,Agencia,161,2011-09-19,2,Activo
3916,DNI,65685869,Carlos,Martínez,Gutiérrez,21-07-1975,49,M,Casado,Universitario,Independiente,Agricultura,Cajamarca,Cajamarca,Norte,3292.49,1381.68,113410.33,333,Regular,Referido,141,24/05/2013,24,Activo
3917,DNI,20540483,Víctor,Sánchez,González,1979-05-22,45,M,Divorciado,Técnico,Independiente,Salud,Los Olivos,Lima,Lima y Callao,850.0,406.8,45046.68,524,Regular,Digital,161,2011-09-25,4,Inactivo
3918,DNI,7781843,Valeria,Ramos,González,23-09-1965,59,F,Conviviente,Universitario,Independiente,Finanzas,Cayma,Arequipa,Sur,1376.45,929.72,61748.92,496,Regular,Telemarketing,19,16/07/2021,6,Activo
3919,DNI,13867823,Iván,Ortiz,Romero,1990-06-14,34,M,Casado,Postgrado,Empresario,Salud,La Esperanza,La Libertad,Norte,11307.56,4305.33,265469.63,518,Regular,Campaña Institucional,69,2019/04/12,9,Activo
3920,DNI,73228361,Jorge,Díaz,Mamani,1962-02-12,62,M,Soltero,Secundaria,Empleado Privado,Construcción,Tarapoto,San Martín,Oriente,4033.72,1937.07,51229.35,531,Regular,Agencia,19,2022-03-14,23,Activo
3921,DNI,22429326,Diego,Morales,Chávez,1983/01/09,42,M,Casado,Universitario,Pensionista,Construcción,Víctor Larco Herrera,La Libertad,Norte,1453.44,742.26,48173.27,390,Regular,Telemarketing,100,2016-10-10,11,Activo
3922,DNI,11601240,Héctor,RodRígUez,MamAni,1981-07-17,43,mas,Divorciado,Técnico,Independiente,Manufactura,Los Olivos,  Lima,Lima y Callao,2237.25,1452.64,77715.4,528,Regular,Digital,115,28-06-2015,4,Activo
3923,Pasaporte,281093199,Miguel,Jiménez,Romero,1985/07/11,39,M,Casado,Universitario,Independiente,Educación,Chiclayo,Lambayeque,Norte,1101.45,516.18,40976.15,481,Regular,Agencia,91,2017-06-16,12,Activo
3924,DNI,50448601,Ricardo,Morales,Castillo,1995/04/19,29,M,Soltero,Técnico,Independiente,Manufactura,Chiclayo ,Lambayeque,Norte,850.0,-370.88,29211.98,505,Regular,Agencia,5,2024/06/06,12,Activo
3925,DNI,7331256,Héctor,Rivera,Sánchez,1976/03/04,48,M,Casado,Técnico,Independiente,Agricultura,El Tambo,Junín,Centro,3380.92,1864.82,200451.62,570,Regular,Telemarketing,56,2020-04-27,19,Activo
3926,Pasaporte,421711522,  Eduardo,Martínez,Flores,25/08/1990,34,M,Soltero,Secundaria,Independiente,Otro,El Tambo,Junín,Centro,850.0,503.52,43069.25,468,Regular,Referido,64,2019-09-02,19,Activo
3927,DNI,24254759,Daniela,Gómez,  QuiSpe,1987/05/10,37,F,Casado,Técnico,Estudiante,Agricultura,El Tambo,Junín,Centro,850.0,420.05,36731.52,472,Regular,Referido,47,2021-02-09,19,Activo
3928,DNI,2624585,Rocío,Álvarez, SáNcHeZ,17/04/1990,34,F,Soltero,Postgrado,Pensionista,Otro,Iquitos,Loreto,Oriente,850.0,412.19,29735.94,448,Regular,Agencia,47,2021-02-04,22,Activo
3929,DNI,62265919,Juan,Choque,Cruz,30-03-1996,28,M,Soltero,Universitario,Empleado Público,Educación, PIURA,Piura,Norte,2069.43,1129.39,90742.52,450,Regular,Telemarketing,23,2022-09-06,14,Activo
3930,DNI,38419621,Andrés,Martínez,Herrera,27-07-1969,55,M,Conviviente,Universitario,Empleado Público,Otro,Víctor Larco Herrera,La Libertad,Norte,4402.67,1887.39,137876.09,568,Regular,Referido,96,2017/01/24,11,Activo
3931,DNI,36592766,Rodrigo,Díaz,Choque,19-04-2001,23,M,Conviviente,Secundaria,Empleado Privado,Manufactura,Iquitos,Loreto,Oriente,5175.4,2681.65,217746.9,551,premium,Agencia,62,2019-11-12,22,Activo
3932,DNI,87284010,Rosa,Castillo,Condori,1982-06-12,42,F,Conviviente,Técnico,Empleado Público,Educación,Tarapoto,San Martín,Oriente,3581.94,2160.19,194322.77,479,Regular,Agencia,130,2014-03-30,23,Activo
3933,DNI,73285658,Eduardo,Martínez,Jiménez,2004/06/02,20,M,Casado,Universitario,Empleado Privado,Finanzas,Tarapoto, San Martín,Oriente,1622.99,1095.18,85484.84,548,Regular,,172,17/10/2010,23,Activo
3934,DNI,30703088,Isabel,García,Jiménez,28-01-2000,24,F,Viudo,Técnico,Empleado Privado,Agricultura,Arequipa,Arequipa,Sur,2459.33,1264.88,23309.99,462,Regular,Referido,39,2021/07/16,7,Activo
3935,DNI,60897365,Ángela,Ramos,Apaza,1989/03/08,35,F,Soltero,Técnico,Empleado Público,Agricultura,Piura, Piura,Norte,1673.36,1042.33,94905.07,499,Regular,Digital,61,2019/12/12,14,Activo
3936,DNI,35875146,Ángela,Martínez,Choque,1989-08-26,35,F,Soltero,Secundaria,Empresario,Construcción,El Tambo,Junín,Centro,2314.07,1342.13,103623.22,508,Regular,Agencia,14,2023/10/11,19,Activo
3937,DNI,95401774,Daniela,Condori,Chávez,25/12/1970,54,F,Conviviente,Técnico,Empleado Privado,Manufactura,Pisco,Ica,Sur,4799.59,2929.13,114826.75,466,Regular,Telemarketing,148,2012/10/12,20,Activo
3938,DNI,12640089,Diana,Ramírez,Vargas,15-09-1998,26,F,Casado,Universitario,Independiente,Salud,Tarapoto,San Martín,Oriente,1679.66,808.57,58845.08,548,Regular,Agencia,24,2022-07-19,23,Activo
3939,DNI,87502787,Ángela,Rojas,Cusi,13-12-1975,49,F,Casado,Secundaria,Empleado Público,Educación,Arequipa,Arequipa,Sur,2944.65,1501.44,141474.58,568,Regular,Agencia,8,22/04/2024,7,Activo
3940,DNI,61734742,Isabel,González,Romero,1977-05-23,47,F,Soltero,Secundaria,Empresario,Finanzas,Huancayo,Junín,Centro,6399.87,2958.56,156927.55,559,Regular,Agencia,151,2012-08-03,18,Activo
3941,DNI,23492509,Carlos,Laime,Romero,1989-12-17,35,M,Conviviente,Técnico,Pensionista,Tecnología,Santiago de Surco,Lima,Lima y Callao,850.0,453.96,34928.92,513,Regular,Campaña Institucional,40,2021/08/29,2,Activo
3942,DNI,28400782,Alejandro,Álvarez,Gómez,1968-04-09,56,M,Casado,Universitario,Independiente,Finanzas,Pisco,Ica,Sur,1179.13,492.93,61454.28,551,Regular,Agencia,157,2012/01/20,20,Activo
3943,DNI,33453421,Eduardo,Sánchez,Sánchez,17/12/1962,62,M,Soltero,Técnico,Independiente,Finanzas,Chiclayo,Lambayeque,Norte,2681.13,1602.94,46167.09,470,Regular,Telemarketing,151,15/07/2012,12,Activo
3944,DNI,18440438,Rosa,Martínez,Cruz,1981-12-15,43,F,Casado,Técnico,Independiente,Transporte,San Juan de Lurigancho,LIMA,Lima y Callao,1598.25,789.84,77709.2,453,Regular,Agencia,52,2020-09-15,1,Activo
3945,DNI,65072313,Ana,Castillo,Herrera,1977-02-04,47,F,Conviviente,Secundaria,Independiente,Servicios,La Esperanza,  La libertad,Norte,850.0,474.43,43644.16,412,Regular,Referido,81,2018-05-03,9,Activo
3946,Pasaporte,808102623,SOFÍA,Gutiérrez,Cusi,21-09-1982,42,F,Conviviente,Técnico,Empleado Público,Construcción,Yanahuara,Arequipa,Sur,2091.35,1430.9,98918.46,526,Regular,Digital,179,17/04/2010,8,Activo
3947,DNI,58008174,Manuel,Morales,Rodríguez,1961/01/12,64,M,Soltero,Universitario,Empleado Privado,Salud,Trujillo ,La Libertad,Norte,3501.32,1829.8,29604.72,549,Regular,Agencia,115,16-07-2015,10,Activo
3948,DNI,35843417,María,Cusi,Chávez,1994-06-16,30,F,Casado,Técnico,Empleado Público,Manufactura,El Tambo,Junín,Centro,2608.04,1121.55,90487.37,461,Regular,Digital,153,2012-05-24,19,Activo
3949,DNI,84465248,Fernando,Rodríguez,Jiménez,1982/01/31,42,M,Casado,técnico,Empleado Privado,Construcción,Miraflores,Lima,Lima y Callao,2697.45,1426.95,105972.25,545,Regular,Agencia,16,2020-10-01,3,Activo
3950,DNI,24154479,Pablo,Cruz,Ramírez,1998-07-13,26,M,Casado,Universitario,Independiente,Tecnología,El Tambo,Junín,Centro,850.0,362.39,23181.04,448,Regular,Agencia,22,2021/07/08,19,Activo
3951,CE,470165418,MaRíA ,Torres,Rivera,1978-01-02,47,F,Soltero,universitario ,Empleado Público,Tecnología,Los Olivos,Lima,Lima y Callao,2327.56,1267.76,132519.94,582,Regular,Agencia,18,15/08/2020,4,Activo
3952,DNI,14111094,Ángela,Álvarez,Reyes,25/11/1977,47,F,Casado,Universitario,Empleado Público,Finanzas,Miraflores,Lima,Lima y Callao,1747.83,891.66,79938.25,386,Regular,Digital,146,2012-12-19,3,Activo
3953,DNI,4211633,Víctor,CHOQUE,Castillo,27/04/1985,39,M,Soltero,Secundaria,Empresario,Educación,Pisco,Ica,Sur,10386.62,4809.42,453920.93,497,Premium,Agencia,100,2016-10-11,20,Activo
3954,DNI,99835874,Víctor,Reyes,Cruz,13-05-1982,42,M,casado,Universitario,Empleado Privado,Manufactura,Huancayo,Junín,Centro,3516.31,1421.67,205860.56,434,Regular,Agencia,75,2018-10-26,18,Activo
3955,DNI,70464001,Paola,Herrera,Sánchez,29-01-1975,49,F,Divorciado,Técnico,Empleado Público,Finanzas,Huancayo,Junín,Centro,4277.01,2863.16,250228.97,512,Regular,Agencia,164,2011/06/22,18,Activo
3956,DNI,61574355,Rodrigo,Gutiérrez,Quispe,15-10-1996,28,M,Casado,Postgrado,Estudiante,Educación,Yanahuara,Arequipa,Sur,850.0,360.91,45118.73,341,Regular,Agencia,18,22-07-2020,8,Activo
3957,DNI,47014927,Rosa,Medina,Chávez,1978/07/06,46,F,Casado,Postgrado,Empresario,Construcción,Chimbote,Ancash,Centro,,4350.43,406160.87,616,Regular,,42,2021-07-11,21,Activo
3958,DNI,43044979,Sofía,Flores,Condori,28-02-1985,39,f,Casado,Universitario,Empresario,Salud,Piura,Piura,Norte,7162.32,3616.34,429077.16,465,Premium,Telemarketing,62,2019/11/02,14,Activo
3959,CE,800243181,ROSA,Vargas,Romero,27-06-1987,37,F,Conviviente,Secundaria,Empleado Privado,Tecnología,San Juan de Lurigancho,Lima,Lima y Callao,1278.29,685.48,54091.52,467,Regular,Campaña Institucional,24,2023/01/06,1,Activo
3960,DNI,81623659,fernando,Reyes,Ramos,20/09/1986,38,M,Divorciado,Técnico,Empleado Público,Finanzas,Cajamarca,Cajamarca,Norte,2306.29,1551.9,122112.14,467,regular,Digital,74,19/11/2018,24,Activo
3961,DNI,25083367,Héctor,Castro,Condori,1981/07/05,43,M,Casado,Universitario,Empleado Público,Construcción,Víctor Larco Herrera,La Libertad,Norte,1860.65,1179.53,108940.76,489,Regular,Agencia,42,2021-07-04,11,Activo
3962,DNI,69374686,David,Cusi,Quispe,1982-03-20,42,MASCULINO,Soltero,Universitario,Empleado Público,Tecnología,Pisco,Ica,Sur,2144.58,915.38,86244.13,549,Regular,Agencia,129,14-05-2014,20,Activo
3963,DNI,60737715,DieGo,Gómez,Condori,1984/07/04,40,M,Conviviente,Técnico,Empleado Público,Manufactura,Arequipa,Arequipa,Sur,1806.72,1015.1,77120.88,493,Regular,Digital,79,2018/06/11,7,Activo
3964,DNI,4047941,Eduardo,MarTínEz, LópEz,1991/10/08,33,M,Conviviente,Postgrado,Pensionista,Construcción,Arequipa,Arequipa,Sur,850.0,465.56,6843.68,582,Regular,Agencia,49,2020/12/05,7,Activo
3965,DNI,25742377,sandra  ,Díaz,Cruz,1993-02-01,31,F,Soltero,Técnico,Empleado Privado,Manufactura,La Esperanza,La Libertad,Norte,2271.39,1094.98,71123.2,449,Regular,Digital,76,2018/09/23,9,Activo
3966,DNI,39503854,Carlos,Cruz,Herrera,19/11/1985,39,M,Soltero,Técnico,Independiente,Transporte,Wanchaq,Cusco,Sur,-1807.38,912.71,64952.31,497,Regular,Telemarketing,119,2015-03-02,17,Activo
3967,DNI,68578843,Carmen,Morales,Rivera,2004-01-06,21,F,Soltero,Técnico,Independiente,Transporte,  Cayma,Arequipa,Sur,4053.1,2101.15,219898.62,494,Regular,Agencia,26,2022-10-30,6,Inactivo
3968,CE,461596543, José ,González,Martínez,1997/07/31,27,M,Casado,Universitario,Independiente,Transporte,Víctor Larco Herrera,La libertad  ,Norte,850.0,364.2,35710.7,408,Regular,Agencia,38,20/05/2020,11,Activo
3969,DNI,55999331,Rodrigo,Apaza,Cusi,1985/07/01,39,M,Viudo,Universitario,,Finanzas,Wanchaq,Cusco,Sur,2874.45,1931.46,88663.39,514,Regular,Telemarketing,163,2011-08-08,17,Activo
3970,DNI,34319465,Daniela,Gómez,Morales,2005/01/01,20,F,Divorciado,Técnico,Independiente,Finanzas,Piura,Piura,Norte,1199.2,584.93,14823.36,449,Regular,Digital,163,2011-08-01,14,Activo
3971,DNI,56034114,Marco,Condori,Ramos,24-06-1979,45,M,Casado,Técnico,Pensionista,Finanzas,Tarapoto,San Martín,Oriente,850.0,396.19,46007.56,481,Regular,Referido,31,2022-06-06,23,Activo
3972,DNI,53400946,Rosa,Flores,Condori,1991-12-27,33,F,Casado,Universitario,Independiente,Agricultura,Arequipa,Arequipa,Sur,1003.49,574.88,49553.28,485,Regular,Agencia,3,21-08-2022,7,Activo
3973,DNI,78083124,David,Reyes,Cruz,1973-03-16,51,M,Casado,Universitario,Empleado Privado,Transporte,La Esperanza,La Libertad,Norte,4633.03,1856.56,191472.03,537,Regular,Agencia,110,19/12/2015,9,Activo
3974,DNI,89755596,Patricia,Gómez,Laime,1988/07/08,36,F,Casado,Postgrado,Empleado Privado,Manufactura,Cayma,Arequipa,Sur,3886.42,1658.61,94598.46,498,Regular,Digital,60,2020/01/24,6,Activo
3975,DNI,56920283,Isabel,Choque,Choque,1981-05-18,43,F,casado,Universitario,Empleado Privado,Salud,Pisco,Ica,Sur,2113.69,1413.03,94442.89,461,Regular,Agencia,4,2023/11/06,20,Activo
3976,DNI,79685199,Mónica,Castro,Mamani,1982-09-23,42,F,soltero ,Técnico,Independiente,Transporte,Los Olivos,Lima,Lima y Callao,12866.73,6412.2,642353.22,525,Premium,Agencia,120,2015-02-19,4,Inactivo
3977,DNI,49641135,Fernando,Castillo,Martínez,1990/04/25,34,M,Casado,Universitario,Empleado Privado,Otro,Piura,Piura,Norte,1764.77,893.25,51691.06,447,Regular,Digital,122,2014-11-26,14,Activo
3978,DNI,24507624,Adriana,Mamani,García,1957/01/06,68,Femenino,Casado,,Independiente,Finanzas,Miraflores,Lima,Lima y Callao,2110.76,1205.0,102636.13,564,regular ,Referido,154,2012/05/04,3,Activo
3979,DNI,20634832,DanIelA,Castillo, Sánchez ,18/02/1987,37,F,Soltero,Universitario,Empresario,Tecnología,Miraflores,Lima,Lima y Callao,6454.83,3448.05,134159.64,551,Premium,Digital,157,2012-01-24,3,Activo
3980,DNI,48590713,Roberto,Sánchez,Reyes,30/03/1989,35,M,Conviviente,Técnico,Independiente,Educación,  Chimbote,Ancash,Centro,1409.83,752.26,34160.51,566,Regular,Digital,113,24-08-2015,21,Activo
3981,DNI,33044981,José,Rivera,Gutiérrez,1971/05/02,53,M,Viudo,Universitario,Empleado Privado,Finanzas,Huancayo,Junín,Centro,4581.89,3197.18,225656.53,551,Regular,Referido,131,2014/03/01,18,Activo
3982,DNI,86078049,Jorge,Reyes,Condori,30-01-1977,47,M,Casado,Secundaria,Independiente,Manufactura,Sullana,Piura,Norte,9937.89,-5924.99,314582.54,512,Regular,Agencia,154,26-04-2012,15,Activo
3983,DNI,77698367,Mónica,Díaz,Sánchez,1976/10/13,48,F,Casado,Postgrado,Independiente,Manufactura,Chimbote,Ancash,Centro,882.98,524.41,22325.33,448,Regular,Digital,27,2020-09-28,21,Inactivo
3984,DNI,15421258,Adriana,López,Apaza,25-07-1997,27,F,Casado,Secundaria,Empleado Privado,Transporte,Lima,Lima,Lima y Callao,4773.77,2235.88,67961.73,329,Regular,Telemarketing,130,2014/04/23,5,Activo
3985,DNI,54805009,Eduardo, GuTiÉrReZ,Herrera,1987/10/26,37,M,Conviviente,técnico,Empleado Privado,Educación,Wanchaq,Cusco,Sur,850.0,481.57,12278.26,431,Regular,Digital,30,28/06/2022,17,Activo
3986,DNI,22574654,Óscar,Morales,Castillo,1988-09-01,36,M,Casado,Universitario,Empleado Privado,Educación,Lima,Lima,Lima y Callao,5433.85,2852.86,286851.53,506,Regular,Agencia,14,2022-06-12,5,Activo
3987,CE,726018803,Marco,Rojas,Condori,19/12/1992,32,M,Casado,Postgrado,,Agricultura,Cayma,Arequipa,Sur,4485.88,2122.17,149873.64,477,Regular,Agencia,106,2016-03-19,6,Activo
3988,DNI,41116496,Paola,García,Quispe,23/02/1982,42,F,Soltero,Universitario,Empleado Público,Agricultura,Tarapoto,San Martín,Oriente,1304.3,617.54,66678.38,451,Regular,Referido,21,2023/04/02,23,Activo
3989,DNI,80735015,Adriana,Martínez,Álvarez,1989-08-06,37,F,Casado,Técnico,Independiente,Tecnología,Santiago de Surco,Lima,Lima y Callao,2226.6,1075.79,61045.45,476,Regular,Agencia,15,2023-09-11,2,Activo
3990,DNI,7170290,Adriana,Choque,González,1964/08/12,60,F,Soltero,Universitario,Independiente,Comercio,El Tambo,Junín,Centro,3469.83,1869.54,68549.33,368,Regular,Referido,7,2023/08/02,19,Activo
3991,DNI,77356719,Patricia,Mamani,Apaza,1980/01/05,45,F,Conviviente,Universitario,Independiente,Otro,Los Olivos,Lima,Lima y Callao,864.33,352.57,32426.45,436,Regular,Agencia,77,2018-08-19,4,Activo
3992,DNI,53596623,Carmen,García,Álvarez,1992/03/03,32,F,Casado,Postgrado,Empleado Privado,Educación,SaN JuAn dE LuRiGaNcHo,Lima,Lima y Callao,1889.44,1045.57,102121.59,396,Regular,Digital,51,2020/10/06,1,Activo
3993,DNI,79376028,Claudia,Cusi,Reyes,1980/05/31,44,F,Casado,Técnico,Empleado Público,Construcción,Cusco,Cusco,Sur,1218.29,513.73,45685.13,528,Regular,Digital,74,2018-12-02,16,Activo
3994,DNI,84951105,María  ,Martínez,Ramírez,1956-09-09,68,F,Casado,Técnico,Empresario,Salud,Lima,Lima,Lima y Callao,3092.29,1239.27,36892.12,520,Regular,Campaña Institucional,87,22/10/2017,5,Activo
3995,DNI,63216239,Paola,Cusi,Ortiz,2004/11/27,20,F,Soltero,Técnico,Independiente,Salud,Sullana,Piura,Norte,,1068.39,42238.58,488,Regular,Referido,175,2010-07-24,15,Activo
3996,DNI,4794764,Gabriela,Ortiz,Díaz,28-04-1974,50,F,Soltero,Secundaria,Empleado Privado,Comercio,Cayma,Arequipa,Sur,3140.1,1640.48,71135.98,550,regular ,Referido,22,2023/03/03,6,Activo
3997,DNI,69444249,Isabel,Vargas,Díaz,1952-11-06,72,F,Casado,Universitario,Empleado Público,Educación,Cayma,Arequipa,Sur,5136.9,3394.11,306413.23,511,Premium,Campaña Institucional,143,19/03/2013,6,Activo
3998,DNI,99903037,Pablo,González,Sánchez,27-09-2000,24,M,Soltero,Postgrado,Empleado Público,Transporte,Arequipa,Arequipa,Sur,1549.09,743.79,19511.18,427,Regular,Digital,2,2024-10-04,7,Activo
3999,Pasaporte,66467637,Daniela,Huanca,Herrera,1977-02-22,47,F,Viudo,Secundaria,Empleado Privado,Salud,La Esperanza,La Libertad,Norte,1637.74,759.15,53886.97,489,Regular,,35,2022-01-17,9,Activo
4000,DNI,88523841,Víctor,Chávez,Ramírez,13-12-1972,52,M,Casado,Técnico,Independiente,Salud,Cayma,Arequipa,Sur,2337.94,1002.32,125067.9,450,Regular,Digital,167,18-03-2011,6,Activo
4001,DNI,3561494,Eduardo,Rodríguez,Torres,1968-04-04,56,M,Divorciado,Universitario ,Empleado Privado,Construcción,Yanahuara,Arequipa,Sur,,628.93,70008.74,488,Regular,Agencia,5,2024-07-12,8,Activo
4002,DNI,41170272,Rodrigo,Castro,Quispe,1983/05/08,41,M,casado ,Universitario,Independiente,Transporte,Arequipa,Arequipa,Sur,2340.27,1224.88,117301.11,496,Regular,Referido,19,31-10-2022,7,Activo
4003,CE,839912061,Héctor,Condori,Rojas,1975-04-07,49,M,Casado,Técnico,Empresario,Finanzas,Santiago de Surco,Lima,Lima y Callao,5913.04,2369.19,248314.22,505,Premium,Digital,48,27-12-2020,2,Activo
4004,DNI,65515192,Isabel,Reyes,Quispe,1987-05-17,37,F,Casado,Técnico,Empresario,Agricultura,Lima,Lima,Lima y Callao,3823.66,2661.26,220604.74,546,Regular,Agencia,50,2020/06/07,5,Activo
4005,DNI,19111688,Alejandro,Jiménez,Apaza,13/04/1990,34,M,soltero ,Universitario,,Servicios,Víctor Larco Herrera,La Libertad,Norte,3962.81,1854.14,62288.56,479,Regular,Agencia,178,2010-05-02,11,Activo
4006,DNI,48908049,David,López,Gutiérrez,22-02-1989,35,M,Soltero,Técnico,Empleado Privado,Transporte,Lima,Lima,Lima y Callao,3674.61,1742.67,110502.51,439,Regular,Agencia,6,27/09/2020,5,Activo
4007,Pasaporte,923822050,Pablo,Rojas,Castro,1975-06-20,49,M,Soltero,Universitario,Empleado Privado,Tecnología,Yanahuara,Arequipa,Sur,3335.98,1629.56,177395.7,467,Regular,Agencia,108,2016/01/25,8,Bloqueado
4008,DNI,98668198,Gabriela,Castro,Choque,1976/10/05,48,F,Conviviente,Técnico,Empresario,Tecnología,Huancayo,Junín,Centro,8323.96,5278.1,211463.3,592,Regular,Referido,159,2011/12/01,18,Inactivo
4009,DNI,12122701,Adriana,Castro,Castro,1971/08/07,53,F,Conviviente,Universitario,Independiente,Otro,Yanahuara,Arequipa,Sur,3563.23,-1581.19,58270.67,444,Regular,Digital,134,2013-12-18,8,Activo
4010,DNI,19670310,DIEGO,Reyes,Cruz,15/10/1953,71,M,Casado,Técnico,Empleado Público,Salud,Pisco,Ica,Sur,1467.98,877.42,17407.34,585,Regular,Agencia,45,2021-04-16,20,Activo
4011,DNI,31284794, isabel,Flores,Rodríguez,1977-08-05,47,F,Soltero,Secundaria,Pensionista,Otro,Sullana,Piura,Norte,850.0,591.09,35846.69,485,Regular,Agencia,174,2010-08-19,15,Activo
4012,DNI,575257,Eduardo,Chávez,Castillo,1984-01-06,41,M,Casado,Universitario,Independiente,Manufactura,Wanchaq,Cusco,Sur,5772.1,3437.51,102266.1,453,Premium,Agencia,128,2014/06/11,17,Activo
4013,DNI,72182653,Patricia,Choque,Rojas,18/06/1986,38,F,Divorciado,TECNICO,Empresario,Manufactura,Piura,PIURA,Norte,1369.33,861.84,16503.62,595,Regular,Digital,168,2011/03/08,14,Activo
4014,DNI,14749354,Carlos, Cusi,Choque,13-06-1995,29,M,Casado,Secundaria,Independiente,Finanzas,La Esperanza,La Libertad,Norte,,1246.63,39844.5,463,Regular,Digital,171,20/11/2010,9,Activo
4015,DNI,99935427,Silvia,Huanca,Castro,1984-02-10,40,F,Conviviente,Universitario,Independiente,Finanzas,San juAn De LurIgaNchO,Lima,Lima y Callao,4048.59,2828.73,153077.63,580,Regular,Agencia,144,2013-02-18,1,Activo
4016,DNI,66941620,Paola,Martínez,Huanca,29-05-1979,45,F,Soltero,Técnico,Pensionista,Finanzas,Santiago de Surco,Lima,Lima y Callao,1392.69,880.62,28655.42,508,Regular,Agencia,172,27-10-2010,2,Activo
4017,DNI,35183860,Marco,Díaz,Rodríguez,16/07/1970,54,M,Soltero,,Independiente,Comercio,  Chiclayo,Lambayeque,Norte,1839.88,766.5,16527.7,563,Regular,Digital,7,21-12-2021,12,Activo
4018,DNI,42458197,Lucía,Flores,  Cusi,1969/09/12,55,F,soltero,Tecnico,Empleado Privado,Educación,San Juan de Lurigancho,Lima,Lima y Callao,5375.94,3621.02,220069.51,476,Regular,Agencia,104,2016-06-06,1,Activo
4019,DNI,94452490,Jorge, Gómez ,Castro,20/11/1985,39,M,Casado,Universitario,Empleado Público,Servicios,Piura,Piura,Norte,2269.43,1034.64,64978.29,427,Regular,Agencia,12,2020/10/05,14,Activo
4020,DNI,28151547,Ricardo,Herrera,Quispe,1963-03-18,61,M,Viudo,Técnico,Empleado Privado,Transporte,Víctor Larco Herrera,La Libertad,Norte,3238.38,1860.09,76191.83,532,Regular,Agencia,168,2011-03-04,11,Activo
4021,DNI,43913225,Pablo,Castillo,Flores,1989-02-01,35,M,Casado,Técnico,Empleado Privado,Comercio,Miraflores,Lima,Lima y Callao,1389.31,669.67,30821.66,442,Regular,Campaña Institucional,37,2021-12-01,3,Activo
4022,DNI,26232986,Héctor,Castillo,Ramos,1980-05-09,44,M,Conviviente,Postgrado,Independiente,Tecnología,Yanahuara,Arequipa,Sur,3793.05,1730.19,221503.46,502,Regular,Referido,119,2015-03-16,8,Activo
4023,DNI,31240214,Manuel,Rojas,Díaz,16-07-1978,46,M,Soltero,Universitario,Independiente,Agricultura,La Esperanza,La Libertad,Norte,1897.75,1194.7,22420.09,520,Regular,Referido,113,20-09-2015,9,Activo
4024,DNI,24806420,Eduardo,Pérez,Romero,24/11/1965,59,M,Soltero,Universitario,Empleado Privado,Tecnología,Víctor Larco Herrera,La Libertad,Norte,4573.47,1853.71,58286.93,562,Regular,Digital,73,2019-01-01,11,Activo
4025,DNI,49538101,Roberto,Rodríguez,López,1979/10/09,45,M,Conviviente,Universitario,Empleado Público,Educación,Santiago de Surco,Lima,Lima y Callao,1182.87,531.94,37878.65,452,Regular,Agencia,8,29-10-2021,2,Bloqueado
4026,DNI,61107647,Adriana,Jiménez,Martínez,1977-06-20,47,F,Soltero,SECUNDARIA,Empleado Privado,Manufactura,Iquitos,Loreto,Oriente,2940.1,1891.88,81652.51,520,Regular,Digital,102,2016-08-12,22,Activo
4027,DNI,46008118,Gabriela,Martínez,Rojas,29/11/1962,62,F,Soltero,Universitario,Empleado Privado,Comercio,Huancayo,Junín,Centro,4715.38,2966.72,212261.99,588,Regular,Agencia,165,2011-05-21,18,Activo
4028,DNI,31476846,María,Romero,huanca,1981-10-12,43,F,Soltero,Universitario,Empleado Público,Tecnología,Huancayo,Junín,Centro,1539.4,948.89,38592.77,504,Regular,Agencia,69,2019-04-13,18,Activo
4029,DNI,25284312,Ángela,Reyes,Rodríguez,1992/12/03,32,F,Divorciado,Universitario,Empleado Público,Agricultura,Tarapoto,San Martín,Oriente,3637.4,2025.06,88032.31,538,Regular,Agencia,175,2010-07-20,23,Activo
4030,DNI,67282524,Ana,Morales,Herrera,1976/10/13,48,F,Divorciado,Universitario,Independiente,Construcción,Arequipa,Arequipa,Sur,5791.23,3949.98,139869.24,392,Premium,Telemarketing,148,2012/11/04,7,Activo
4031,DNI,97970998,Carmen,Pérez,Reyes,1975-10-10,49,F,Casado ,Técnico,Empleado Público,Construcción,Los Olivos,Lima,Lima y Callao,1315.41,703.25,29483.07,515,Regular,Agencia,113,2015-09-07,4,Activo
4032,DNI,5816308,Víctor,Apaza,Cusi,1986/08/21,38,M,Conviviente,Universitario,Independiente,Manufactura,Cayma,Arequipa,Sur,3593.68,2334.89,87181.05,496,Regular,Agencia,180,2010/03/05,6,Activo
4033,DNI,87605912,Andrés,Quispe,Gómez,1966-06-08,58,M,Casado,Universitario,Empleado Público,Salud,Wanchaq,Cusco,Sur,1859.64,961.83,110222.2,569,Regular,Telemarketing,123,31-10-2014,17,Activo
4034,DNI,85565768,José,Díaz,Jiménez,1981-04-02,43,M,Soltero,Técnico,Pensionista,Construcción,Arequipa,Arequipa,Sur,850.0,416.89,41039.41,435,Regular,Telemarketing,38,15/11/2021,7,Activo
4035,DNI,78169172,Cecilia,Condori,Cusi,1984-03-01,40,F,Conviviente,Secundaria,Empleado Público,Agricultura,Los Olivos,lima,Lima y Callao,3242.62,1317.35,84227.15,531,Regular,Referido,151,25-07-2012,4,Activo
4036,DNI,582093,David,Ramos,Apaza,17/11/1997,27,M,Conviviente,Técnico,Empleado Privado,Agricultura,Wanchaq,Cusco,Sur,2353.6,927.16,71278.94,576,Regular,Telemarketing,149,2012/09/12,17,Activo
4037,DNI,46572118,José,Castillo,Martínez,1981/05/13,43,M,Casado,Postgrado,Independiente,Tecnología,Chiclayo,Lambayeque,Norte,1868.53,1135.12,21800.89,515,Regular,,129,27-05-2014,12,Activo
4038,DNI,77840310,Andrés,Quispe,López,1961-10-06,65,M,Casado,universitario ,Empleado Público,Transporte,Pisco, IcA ,Sur,1878.03,920.82,21866.4,547,Regular,,155,2012/03/23,20,Activo
4039,DNI,66824947,Diana,García,Condori,31-01-1986,38,FEMENINO,Soltero,Universitario,Empleado Público,Transporte,Chiclayo,Lambayeque,Norte,2728.34,1060.51,116635.33,511,Regular,Digital,116,18/06/2015,13,Activo
4040,DNI,40784437,José,Vargas,Apaza,25/08/1977,47,M,Soltero,Secundaria,Empleado Privado,Manufactura,LIMA  ,Lima,Lima y Callao,2022.47,1253.97,31155.76,449,Regular,Agencia,19,25-09-2022,5,Activo
4041,DNI,86904513,Luis,Flores,  López,1971/09/03,53,M,Soltero,Técnico,Empleado Privado,Servicios,Sullana,Piura,Norte,2965.59,1647.07,86128.84,521,Regular,Agencia,101,2016-09-07,15,Activo
4042,DNI,12677079,Claudia,Chávez,Choque,1986-02-06,38,F,Soltero,Técnico,Empleado Privado,Construcción,Yanahuara,Arequipa,Sur,4328.95,2352.88,120217.68,452,Regular,Telemarketing,123,2014/11/23,8,Activo
4043,DNI,18079498,Claudia,Pérez,Ramos,1984/08/23,40,F,Soltero,Universitario,Independiente,Otro,Iquitos,Loreto,Oriente,3981.51,2191.43,238749.91,552,Regular,Digital,16,2023-02-11,22,Activo
4044,DNI,13210703,Eduardo,Mamani,Laime,15/07/1989,35,M,Conviviente,Técnico,Independiente,Construcción,Pisco,Ica,Sur,8706.1,4383.02,217604.43,507,Regular,Telemarketing,112,2015-10-19,20,Activo
4045,DNI,49869350,Ángela,Ramírez,Ramos,17/06/1995,29,F,Soltero,Universitario,Independiente,Otro,Trujillo,La Libertad,Norte,2722.07,1233.95,131760.65,447,Regular,Agencia,136,2013/10/22,10,Activo
4046,DNI,69617027,Víctor,QuiSpe,Romero,1977/09/23,47,M,Conviviente,Técnico,Empleado Público,Transporte,Tarapoto,San Martín,Oriente,2152.8,1290.16,114434.04,518,Regular,Referido,132,14/02/2014,23,Activo
4047,DNI,10377565,César,Rivera,Ortiz,1993/04/14,31,M,Casado,Técnico,Empleado Privado,Finanzas,Cajamarca,Cajamarca,Norte,4283.42,1773.54,192888.32,411,Regular,Referido,107,2016-03-03,24,Activo
4048,DNI,19766458,Gabriela,Rojas,Mamani,17-01-1996,28,F,Conviviente,Técnico,Empresario,Finanzas,Iquitos,Loreto,Oriente,6391.9,4320.61,326280.83,582,regular ,Referido,88,2017/10/04,22,Inactivo
4049,CE,566805119,Ana,Álvarez,Gutiérrez,1987/07/23,37,F,Soltero,Secundaria,Empleado Público,Otro,La Esperanza,La Libertad,Norte,2687.22,1067.39,149475.5,559,Regular,,102,2016-08-11,9,Activo
4050,DNI,23767,Alejandra,Mamani,Medina  ,1973/11/14,51,F,Soltero,Secundaria,Empresario,Servicios,Miraflores,Lima,Lima y Callao,5083.33,2636.6,287766.34,466,Premium,Digital,73,2018/12/11,3,Activo
4051,DNI,24612559,Eduardo,Castillo,Gómez,2004/09/03,20,M,Soltero,Técnico,Empleado Público,Finanzas,Cajamarca,Cajamarca,Norte,1582.93,1011.92,62301.64,537,Regular,Agencia,151,2012/07/20,24,Activo
4052,DNI,33918486,Ricardo,Torres,Gutiérrez,1996/10/10,28,M,Soltero,Técnico,Empresario,Otro, HuaNcaYo,Junín,Centro,7804.82,3921.98,140217.04,445,Premium,Agencia,56,2020-05-11,18,Activo
4053,DNI,91409646,Sofía,  Condori,Mamani,1981/08/05,43,F,Casado,Secundaria,Empresario,Finanzas,Cayma,Arequipa,Sur,8837.07,5024.97,516672.15,485,Premium,Agencia,16,19-01-2020,6,Activo
4054,DNI,74715749,Diego,Vargas,Chávez,25/01/1980,44,MASCULINO,Casado,Universitario,Pensionista,Educación,Tarapoto, San Martín ,Oriente,900.99,608.94,52407.79,526,Regular,Referido,29,2022-08-05,23,Activo
4055,DNI,40498611,Cecilia,Rojas,Pérez,1980-12-04,44,F,Soltero,Secundaria,,Salud,Cayma,Arequipa,Sur,2191.03,883.03,73781.71,596,Regular,Referido,115,2015-07-03,6,Activo
4056,DNI,24001202,Rocío ,Torres,Ortiz,1975-02-07,49,F,Casado,Universitario,Empleado Público,Transporte,Chiclayo,Lambayeque,Norte,1685.84,769.98,37525.88,512,Regular,Agencia,21,2020/12/24,13,Activo
4057,DNI,34047211,Rosa,Quispe,Gómez,1983-06-18,41,F,Casado,Técnico,Empleado Público,Otro,Miraflores,Lima,Lima y Callao,2162.48,1478.99,94832.4,644,Regular,Telemarketing,171,2010/12/11,3,Activo
4058,DNI,78648971,José,Mamani,González,1978-08-07,46,M,Conviviente,Universitario,Empleado Privado,Manufactura,Pisco,Ica,Sur,1060.39,453.7,48301.26,461,Regular,Digital,99,2016/10/24,20,Activo
4059,Pasaporte,330349025,Ángela,Martínez,García,2004/03/16,20,F,Casado,Postgrado,Empresario,Comercio,Iquitos,Loreto,Oriente,3921.73,1979.96,140810.74,368,Regular,Referido,6,2021-03-12,22,Activo
4060,DNI,59519753,Rodrigo,Reyes,López,1993/11/06,31,M,Casado,Universitario,Independiente,Finanzas,Chiclayo,Lambayeque,Norte,850.0,406.35,7821.82,489,Regular,Agencia,44,2020/05/17,13,Activo
4061,DNI,3579062,Víctor,García,Laime,28/08/1982,42,M,Casado,Técnico,Empleado Privado,Servicios,Los Olivos,Lima,Lima y Callao,3314.19,1810.02,197481.64,483,Regular,Agencia,148,24/10/2012,4,Activo
4062,DNI,2007310,Patricia,Ortiz,Gómez,1999/04/17,25,F,Casado,Técnico,Empleado Público,Educación,Miraflores,Lima,Lima y Callao,2257.53,1497.46,67086.09,587,Regular,Digital,179,16-04-2010,3,Activo
4063,DNI,28647923,Ricardo,Laime,Torres,1978-05-20,46,M,soltero ,Postgrado,Independiente,Educación,La Esperanza,La Libertad,Norte,1783.25,693.92,77197.44,414,Regular,Agencia,17,2023-08-08,9,Inactivo
4064,DNI,43969459,César,Apaza,Condori,1993/11/03,31,M,Soltero,Secundaria,Empleado Privado,Servicios,Víctor Larco Herrera,La Libertad,Norte,3274.75,1514.05,43365.51,532,Regular,Agencia,112,2015/10/12,11,Activo
4065,DNI,1371893,Diana,Condori,Romero,1979/01/22,45,F,Soltero,Técnico,Empleado Privado,Educación,Los Olivos  ,Lima,Lima y Callao,4345.54,2684.91,109277.08,535,Regular,Agencia,68,2019/05/20,4,Activo
4066,DNI,36644690,David,Morales,García,30-05-1976,48,M,Soltero,Universitario,Estudiante,Educación,Santiago de Surco,Lima,Lima y Callao,850.0,403.41,39377.53,503,Regular,Digital,25,30/03/2021,2,Activo
4067,DNI,72352488,David,Martínez,Ramírez,1993/03/20,31,M,Casado,,Independiente,Servicios,Yanahuara,Arequipa,Sur,2163.92,874.65,74281.57,489,Regular,Digital,64,2019-09-26,8,Activo
4068,CE,243908159,Luis,Ramos,Flores,1962-04-01,62,M,Casado,Universitario,Empleado Privado,Construcción,Chiclayo,Lambayeque,Norte,1703.94,829.63,48144.78,539,Regular,Agencia,40,23-07-2021,13,Activo
4069,DNI,94572998,Ángela,  DíaZ,Torres,1965/03/09,59,F,Divorciado,Secundaria,Empleado Privado,Educación,Cayma,Arequipa,Sur,4698.77,2675.25,238056.76,563,Regular,Agencia,147,2012/05/11,6,Activo
4070,DNI,71373884,Manuel,Rodríguez,Romero,22/07/1975,49,M,Casado,Técnico,Empleado Privado,Tecnología,Arequipa,Arequipa,Sur,5740.65,3195.4,142767.18,445,Regular,Agencia,33,2020-05-31,7,Activo
4071,DNI,34509483,Claudia,Vargas,Choque,1999/08/09,25,F,Soltero,Secundaria,Independiente,Salud,Cajamarca,Cajamarca,Norte,2022.69,1198.27,34636.57,342,Regular,,124,2014/10/11,24,Activo
4072,DNI,40582909,Paola,Ramos,Rojas,1968-04-08,56,F,Casado,Postgrado,Empleado Público,Salud,Wanchaq,Cusco,Sur,3803.13,1918.72,192405.67,507,Regular,Agencia,102,23-07-2016,17,Activo
4073,DNI,55340109,Isabel,Reyes,Gómez,1987-10-25,37,F,Casado,Universitario,Empleado Público,Educación,Trujillo,La Libertad,Norte,1972.26,1179.17,52669.31,502,REGULAR,Referido,127,2014-07-25,10,Activo
4074,DNI,48750029,Óscar,García,Quispe,1981/01/12,43,M,Conviviente,Secundaria,Empleado Privado,Finanzas,Cajamarca,Cajamarca,Norte,3793.91,1464.47,181616.24,482,Regular,Digital,176,2010-07-10,24,Inactivo
4075,DNI,20897918,Sofía,Gómez,González,1971-01-30,53,F,Casado,Tecnico,Empleado Público,Educación,Piura,Piura,Norte,2732.33,1892.59,68240.08,491,Regular,Agencia,51,2020-08-06,14,Activo
4076,DNI,82427810,Claudia,Cusi,Ramírez,1966-12-10,58,F,Casado,Secundaria,Empleado Público,Comercio,Pisco,Ica,Sur,1374.16,575.89,73101.87,524,Regular,Digital,148,25-10-2012,20,Activo
4077,DNI,44332788,Paola,Pérez,Chávez,1971/10/21,53,F,Casado,Técnico,Empleado Privado,Otro,Cajamarca,Cajamarca,Norte,2149.51,1092.47,110191.99,520,Regular,Referido,63,16-10-2019,24,Activo
4078,DNI,50875517,Jorge,Huanca,Quispe,1976-05-28,48,M,Soltero,Universitario,Empleado Privado,Construcción,Piura,Piura,Norte,1936.58,1155.68,35807.86,491,Regular,Digital,12,2020/02/06,14,Activo
4079,DNI,23181140,Luis,Huanca,Quispe,28/11/1984,40,M,Casado,Universitario,Empleado Público,Manufactura,La Esperanza,La Libertad,Norte,1666.57,926.82,89758.07,629,Regular,Agencia,153,30-05-2012,9,Activo
4080,CE,698763486,Adriana,Romero,Jiménez,1992-06-10,32,F,Casado,Técnico,Independiente,Construcción,Cusco,Cusco,Sur,4355.34,1962.01,125873.98,455,Regular,Agencia,5,26/07/2024,16,Inactivo
4081,DNI,3472331,Alejandro,Castillo,Cruz,1996-04-02,28,M,Soltero,Técnico,Empresario,Tecnología,Cusco,Cusco,Sur,5453.75,3039.2,53958.21,528,Regular,Agencia,111,2015/11/03,16,Inactivo
4082,DNI,83453653,Iván,Condori,Quispe,1971/01/17,53,mas,Soltero,Técnico,Empleado Privado,Transporte,Santiago de Surco,Lima,Lima y Callao,6738.98,3223.55,162891.09,674,Regular,Referido,119,24/02/2015,2,Activo
4083,DNI,65640600,Rocío,Laime,García,1979-07-18,45,F,Conviviente,Universitario,Empleado Privado,Manufactura,Wanchaq,  CUSCO,Sur,2091.04,899.36,60052.8,516,Regular,Agencia,106,2016-04-04,17,Activo
4084,DNI,31338377,Ana,Rodríguez,Castro,1986/02/16,38,F,Soltero,Universitario,Pensionista,Agricultura,La Esperanza,La Libertad,Norte,1471.6,848.16,32293.58,408,Regular,Agencia,141,2013-05-11,9,Activo
4085,DNI,16546368,César,Huanca,Herrera,13-06-1954,70,M,Divorciado,Técnico,Empleado Privado,Agricultura,Piura,Piura,Norte,5296.94,3408.95,190516.78,427,Regular,Agencia,151,2012-07-15,14,Activo
4086,DNI,55322664, Carmen,Romero,Martínez,1991/07/01,33,F,Soltero,Universitario,Independiente,Transporte,Chimbote,Ancash,Centro,3847.3,2172.15,60982.85,541,Regular,Agencia,128,15-06-2014,21,Activo
4087,DNI,70591787,Cecilia,Ramírez,Sánchez,1998/01/09,26,F,Casado,Universitario,Independiente,Agricultura,Yanahuara,Arequipa,Sur,3375.82,2297.29,99884.53,358,Regular,Agencia,81,2018/05/07,8,Activo
4088,DNI,82060454,Fernando,Condori,Morales,1984/07/12,40,M,Viudo,Universitario,Empleado Público,Otro,Cusco,Cusco,Sur,3242.3,1737.2,145490.59,476,Regular,Telemarketing,25,2022-12-10,16,Activo
4089,DNI,78348195,Enrique,López,GonZálEz ,27-11-2001,23,M,Casado,Técnico,Empleado Privado,Educación,Chiclayo,Lambayeque,Norte,2623.28,1453.29,44355.39,426,Regular,Agencia,86,2017-12-06,12,Activo
4090,DNI,72733832, SANDRA,Castillo,Jiménez,20-10-1975,49,F,Casado,Técnico,Independiente,Educación,Chiclayo,Lambayeque,Norte,1321.38,693.85,14235.36,453,Regular,Telemarketing,85,2018-01-07,13,Activo
4091,DNI,27838164,Claudia,Sánchez,Apaza,2004/04/05,20,F,CASADO,Técnico,Empleado Privado,Educación,PiScO  ,Ica,Sur,2584.12,1297.48,116289.73,446,Regular,Agencia,71,2019/02/02,20,Activo
4092,DNI,71422754,Ana,Pérez,Morales,1997/05/02,27,F,Soltero,Universitario,Empleado Privado,Finanzas,Cusco,Cusco,Sur,2781.54,1221.41,157732.43,522,Regular,Digital,21,2021/10/06,16,Activo
4093,DNI,48542098,Enrique,Ramos,Flores,29-12-1985,39,M,Casado,Técnico,Empleado Público,Comercio,La Esperanza,La Libertad,Norte,2295.64,1197.15,31300.01,518,Regular,Referido,158,2012-01-01,9,Activo
4094,DNI,36293828,Héctor,Condori,Díaz,1997/04/14,27,M,Casado,Técnico,Independiente,Tecnología,Chimbote,Ancash,Centro,8720.84,4917.11,382788.75,452,Premium,Referido,132,25-02-2014,21,Activo
4095,DNI,3978863,Ricardo,Vargas,García,17/09/1975,49,M,Soltero,Técnico,Empleado Privado,Comercio,El Tambo,Junín,Centro,4406.2,2346.99,91977.42,494,Regular,Digital,180,2010/03/10,19,Activo
4096,DNI,33034946,Alejandro,Apaza,Rojas,20-06-1975,49,M,Casado,Universitario,Empleado Privado,Construcción,Chiclayo,Lambayeque,Norte,3391.64,2217.63,120305.15,422,Regular,Referido,122,15/12/2014,13,Inactivo
4097,DNI,6903556,Iván ,García,Álvarez,15-05-1986,38,M,Soltero,Secundaria,Empleado Privado,Salud,Arequipa,Arequipa,Sur,2033.35,1136.58,37000.94,455,Regular,Telemarketing,75,2018/10/08,7,Activo
4098,DNI,10138808,Óscar,Torres,Flores,1998/10/13,26,M,Casado,Secundaria,Pensionista,Otro,Arequipa,Arequipa,Sur,1444.98,808.09,50996.0,549,Regular,Referido,170,2011-01-10,7,Activo
4099,DNI,83735799,Víctor,Flores,Díaz,15-11-1971,53,M,Casado,Universitario,Independiente,Manufactura,Chiclayo,Lambayeque,Norte,6148.12,3593.55,106201.6,492,Regular,Agencia,96,31/01/2017,12,Activo
4100,DNI,95993869, Elena ,Morales,Sánchez,1990/04/02,34,F ,Soltero,Técnico,Independiente,Otro,Los Olivos,Lima,Lima y Callao,1270.23,621.53,61560.8,508,Regular,Agencia,178,2010-05-11,4,Activo
4101,DNI,11458561,Rocío,Herrera,Ortiz,1980-05-24,44,fem,Casado,Universitario,Independiente,Tecnología,Pisco,Ica,Sur,2242.78,1223.52,115213.22,561,Regular,Agencia,171,2010-12-07,20,Bloqueado
4102,DNI,18140729,Rocío,Sánchez,Condori,17-03-1978,46,F,Soltero,Postgrado,Independiente,Manufactura,Lima,Lima,Lima y Callao,1335.79,861.05,63489.67,454,Regular,Agencia,152,2012-07-06,5,Activo
4103,DNI,87140961,Diego,Rodríguez,Herrera,28-01-1974,50,M,Casado,técnico,Empresario,Construcción,Arequipa,  ArEqUiPa,Sur,11365.85,7259.47,237245.85,568,Regular,Agencia,147,2012-11-10,7,Activo
4104,DNI,31151366,David,Ramos,Chávez,28-12-1960,64,M,Casado,Universitario,Empleado Público,Manufactura,Cayma,Arequipa,Sur,4734.55,1982.44,159262.69,563,Regular,Agencia,125,2014-09-03,6,Activo
4105,DNI,47612406,Sandra,Cruz,Choque,30-08-1993,31,F,Casado,Postgrado,Pensionista,Finanzas,Yanahuara,Arequipa,Sur,850.0,515.61,38927.11,446,Regular,Referido,170,2011-01-12,8,Activo
4106,DNI,8284188,Valeria,Chávez,López,1973/08/28,51,F,Conviviente,Técnico,Empleado Público,Educación,Cusco,Cusco,Sur,4680.24,3079.89,262364.84,548,regular ,Digital,151,30-07-2012,16,Activo
4107,DNI,81173105,Paola,Torres,Reyes,22-06-1968,56,F,Soltero,Universitario,Independiente,Servicios,Arequipa,Arequipa,Sur,2172.38,1118.4,109380.8,542,Regular,Agencia,106,31-03-2016,7,Activo
4108,DNI,76965030,  Silvia,Reyes,González,1973-11-10,51,F,Soltero,Universitario,Empleado Privado,Comercio,Chimbote ,Ancash,Centro,-1130.76,529.43,45163.13,476,Regular,Digital,156,2012/03/04,21,Activo
4109,DNI,17159120,David,Castillo,Huanca,1971-05-30,53,M,Soltero,Técnico,Independiente,Agricultura,Chimbote, AnCaSh ,Centro,3061.5,1422.58,124565.37,439,regular,Agencia,178,2010/05/06,21,Activo
4110,DNI,5752072,Fernando,Huanca,Ramos,2004-06-05,20,M,divorciado,Universitario,Pensionista,Educación,Trujillo,La Libertad,Norte,850.0,490.0,41534.32,447,regular ,Agencia,111,26-10-2015,10,Activo
4111,DNI,26506403,Eduardo,Díaz,Cruz,1993/02/16,31,M,Conviviente,Universitario,Independiente,Comercio,Los Olivos,Lima,Lima y Callao,2362.88,1040.5,20269.32,499,Regular,Referido,111,19/11/2015,4,Activo
4112,DNI,42725160,Roberto,Jiménez,Quispe,1962-10-10,64,M,Divorciado,Universitario,Empleado Privado,Educación,Sullana,Piura,Norte,930.17,373.62,12680.73,424,Regular,Agencia,48,28/12/2020,15,Activo
4113,DNI,5718187,Andrés,Reyes,Jiménez,1986-08-22,38,M,Casado,Secundaria,Empleado Privado,Salud,Pisco,Ica,Sur,3676.82,1692.84,143279.54,511,Regular,Digital,173,2010-10-07,20,Activo
4114,DNI,23544324,Fernando,Gómez,Flores,28-09-1977,47,M,Soltero,Universitario,Empleado Público,Manufactura,Chiclayo,Lambayeque,Norte,1878.63,793.99,109157.58,496,Regular,Agencia,30,2020/11/07,12,Activo
4115,CE,502136080,Jorge,Medina,Choque,1991/04/13,33,M,Conviviente,Secundaria,Pensionista,Manufactura,San Juan de Lurigancho,Lima,Lima y Callao,1327.63,819.19,22739.89,421,Regular,Referido,132,2014-02-14,1,Activo
4116,DNI,88348426,Gabriela,Ramírez,Huanca,1972-09-03,52,F,Soltero,Técnico,Empleado Privado,Comercio,Huancayo,Junín,Centro,3399.69,2234.06,132152.03,502,Regular,Agencia,139,29/07/2013,18,Activo
4117,DNI,46909069,Daniela,Rojas,Jiménez,1990-05-10,34,F,Casado,Técnico,Empleado Público,Otro,Cayma,Arequipa,Sur,1152.57,786.35,42349.5,457,Regular,Agencia,134,2013/12/03,6,Activo
4118,CE,56250668,Valeria,Flores,Vargas,1986/10/09,38,F,Soltero,Universitario,Empleado Público,Comercio,Cayma,Arequipa,Sur,850.0,409.25,31027.5,487,Regular,Agencia,98,2016/11/27,6,Activo
4119,DNI,47669,Mónica,Cruz,Vargas,19-02-1971,53,F,Casado,Postgrado,Empleado Privado,Finanzas,Arequipa,Arequipa,Sur,4097.53,1809.23,226887.89,480,Regular,Referido,75,29-10-2018,7,Inactivo
4120,DNI,63145461,Iván,Quispe,  CruZ,1982/12/21,42,M,Casado,Secundaria,Pensionista,Transporte,Víctor Larco Herrera,La Libertad,Norte,850.0,478.22,32141.15,492,Regular,Agencia,43,26-01-2021,11,Activo
4121,DNI,21000621,Ángela,Rojas,Huanca,1964-08-07,60,F,Casado,Universitario,Empleado Público,Manufactura,Cajamarca,Cajamarca,Norte,3532.36,1827.78,108458.7,565,Regular,Referido,129,2014-05-27,24,Activo
4122,DNI,95266645,Ricardo,Cusi,Romero,1988/04/02,36,M,Casado,Universitario,Independiente,Construcción,Wanchaq  ,Cusco,Sur,3762.82,1533.92,82525.52,388,Regular,Telemarketing,154,2012-05-07,17,Activo
4123,DNI,45056353,Adriana,Torres,Ramos,1986-04-25,38,F,Conviviente,Universitario,Independiente,Agricultura,Los Olivos,Lima,Lima y Callao,3402.67,1573.19,93028.57,524,Regular,,39,2021/10/03,4,Inactivo
4124,DNI,35796699,Fernando,Rojas,Flores,27/10/1974,50,M,Soltero,Técnico,Empleado Público,Finanzas,Chiclayo,Lambayeque,Norte,2518.1,1078.93,109842.38,509,Regular,Referido,168,2011-03-14,13,Inactivo
4125,DNI,77873715,Adriana,Sánchez,Cruz,19-03-1976,48,F,Soltero,UNIVERSITARIO,Empleado Privado,Manufactura,Yanahuara,Arequipa,Sur,1849.2,1249.27,71950.97,449,Regular,Agencia,70,2019/03/14,8,Activo
4126,DNI,94712673,Cecilia,Ramírez,Mamani,1982-05-31,42,F,Casado,secundaria,Empleado Privado,Manufactura,Chimbote,Ancash,Centro,3105.99,1810.79,39035.34,388,Regular,Telemarketing,63,19/10/2019,21,Activo
4127,DNI,20212309,Carlos,Mamani,Ortiz,1977/03/09,47,M,Soltero,Universitario,Pensionista,Servicios,Wanchaq,Cusco,Sur,1481.42,1022.59,12341.56,489,Regular,Agencia,64,2019-09-08,17,Activo
4128,DNI,53024186,Fernando,López,Medina,1954/08/03,70,M,Divorciado,Técnico,Empleado Público,Manufactura,Chiclayo,lambayeque ,Norte,1946.3,1269.73,38872.92,514,Regular,Digital,52,2020-04-26,12,Activo
4129,DNI,75554904,Manuel,Medina,Huanca,1987-07-30,37,M,Casado,Universitario,Empleado Privado,Educación,Cajamarca,Cajamarca,Norte,2638.01,1633.14,153938.87,462,Regular,Agencia,25,2020/04/18,24,Activo
4130,DNI,42075776, José ,Jiménez,Ramírez,16-03-1999,25,M,Casado,Técnico,Empleado Privado,Manufactura,Chiclayo,Lambayeque,Norte,1888.13,1286.72,53700.99,455,Regular,Agencia,153,2012/06/06,12,Activo
4131,DNI,30692905,Óscar,Vargas, Medina,1968/06/03,56,M,Conviviente,Técnico,Empleado Público,Otro,Lima,Lima,Lima y Callao,5631.83,2305.88,201116.91,608,Premium,Agencia,69,17-04-2019,5,Activo
4132,DNI,26035425,Daniela,Cusi,Gómez,1992-03-11,32,F,Casado,Universitario,Empleado Privado,Tecnología,San Juan de Lurigancho,Lima,Lima y Callao,1859.02,1218.08,18507.38,462,Regular,,48,2020-12-25,1,Activo
4133,DNI,97486531,Isabel,Martínez,González,1961/10/12,63,F,Soltero,Universitario,Empleado Privado,Otro,El Tambo,Junín,Centro,3039.39,1420.24,101016.22,443,Regular,Agencia,141,2013/05/25,19,Inactivo
4134,DNI,3174870,Víctor,Díaz,Medina,1989-06-22,35,M,Soltero,Universitario,Empleado Privado,Otro,Chimbote,Ancash,Centro,3938.39,1877.58,164113.47,518,Regular,Digital,2,15/08/2020,21,Bloqueado
4135,DNI,81435973,Pablo,Morales,Rodríguez,1985-05-22,39,M,Conviviente,Universitario,Empleado Público,Transporte,El Tambo,Junín,Centro,2710.44,1484.3,75590.85,378,Regular,Telemarketing,117,16-05-2015,19,Activo
4136,DNI,53092266,David  ,Flores,Ortiz,27-11-1981,43,M,Casado,Universitario,Empleado Privado,Construcción,Chimbote,Ancash,Centro,4413.3,2358.18,172340.96,447,Regular,Referido,85,21/12/2017,21,Activo
4137,DNI,57918053,Héctor,Condori,Torres,1993/08/24,31,M,Divorciado,Técnico,Empleado Privado,Tecnología,Cayma,Arequipa,Sur,1026.85,714.81,40027.16,555,Regular,Referido,142,14-04-2013,6,Activo
4138,DNI,5614104,Lucía,Flores,Gómez,1991-03-23,33,F,Viudo ,Postgrado,Empleado Público,Educación,Chimbote,Ancash,Centro,2165.24,1251.66,106273.93,527,Regular,Digital,111,2015/11/11,21,Activo
4139,DNI,12196739,Héctor,Ortiz,Álvarez,1964/05/03,60,M,Casado,Postgrado,Empleado Privado,Construcción,El Tambo,Junín,Centro,2997.02,1777.13,52267.68,486,Regular,Referido,102,2016-08-08,19,Activo
4140,DNI,85176751,Héctor,Romero,Gómez,1980/05/11,44,M,Casado,Postgrado,Empleado Privado,Servicios,Chiclayo,Lambayeque,Norte,5494.85,3516.16,73322.52,487,Premium,Agencia,8,2022/05/11,12,Bloqueado
4141,DNI,10782836,César,Choque,Condori,1994/07/18,30,M,Casado,Técnico,Empleado Privado,Servicios,Pisco,Ica,Sur,1198.47,695.11,36577.88,400,Regular,Telemarketing,52,2020-09-02,20,Activo
4142,DNI,18439790,Adriana,Huanca,Laime,1972/07/12,52,F,Soltero,Universitario,Independiente,Comercio,Cayma,Arequipa,Sur,2004.35,772.2,108525.42,468,Regular,Agencia,27,2022-10-05,6,Inactivo
4143,DNI,7292365,Silvia,Gómez,Morales,20/08/1991,33,F,casado,Técnico,Empleado Privado,Finanzas,Víctor Larco Herrera,La Libertad,Norte,2769.42,1632.6,155201.44,461,Regular,Digital,78,2018-07-30,11,Activo
4144,DNI,54014861,Andrés,Castro,Ortiz,1986-03-09,38,M,Conviviente,Técnico,Pensionista,Manufactura,La Esperanza,La Libertad,Norte,-1743.14,748.45,89737.97,565,Regular,Referido,45,18/04/2021,9,Activo
4145,DNI,89909695,Fernando,Álvarez,Ramírez,31/05/2002,22,M,Casado,Universitario,Empleado Privado,Educación,Iquitos,Loreto,Oriente,2846.89,1943.4,138658.17,415,Regular,Digital,60,17/01/2020,22,Activo
4146,CE,561187407,Marco,García,Vargas,1985/03/30,39,M,Casado,Universitario,Independiente,Otro,Yanahuara,Arequipa,Sur,2829.89,1121.49,130785.36,472,Regular,Agencia,109,20-12-2015,8,Inactivo
4147,DNI,35070192,Daniela,Díaz,Rodríguez,1980/11/09,44,F,Divorciado,Universitario,Empleado Público,Comercio,Arequipa,Arequipa,Sur,2803.75,1625.44,148424.09,527,Regular,Digital,103,2016-06-19,7,Inactivo
4148,DNI,93980504,Cecilia,Medina,Pérez,1991-01-06,34,f,Divorciado,Secundaria,Empresario,Tecnología,Chiclayo, Lambayeque,Norte,3693.94,1529.98,162014.44,419,regular ,Agencia,10,2021/04/13,12,Activo
4149,DNI,69420754,Ricardo,Medina,Flores,1993-06-05,31,M,Soltero,Técnico,Estudiante,Construcción,Chiclayo,Lambayeque,Norte,1406.01,872.42,27306.74,425,Regular,Agencia,86,25-11-2017,13,Activo
4150,DNI,85600738,Claudia,Ramírez,Gutiérrez,1997-11-26,27,F,Casado,Universitario,Empleado Privado,Comercio,Santiago de Surco,Lima,Lima y Callao,2962.6,1496.87,108664.45,460,Regular,Digital,169,21-01-2011,2,Activo
4151,DNI,45041158,María,Castillo,Pérez,1986-01-06,39,F,Casado,Secundaria,Independiente,Construcción,El Tambo,Junín,Centro,6110.91,3046.58,269858.31,520,Regular,Agencia,53,2020-05-12,19,Activo
4152,DNI,60528562,MarÍa ,Rivera,Laime,1989-03-30,35,F,Casado,Universitario,Independiente,Servicios,Los Olivos,Lima,Lima y Callao,1640.68,1134.32,73478.6,448,Regular,Referido,156,14/02/2012,4,Inactivo
4153,DNI,59552122,Mónica,Álvarez,Pérez,1972-04-16,52,F,Soltero,Técnico,Pensionista,Educación,Iquitos,Loreto,Oriente,996.51,389.26,39919.56,401,Regular,Referido,118,2015/04/19,22,Activo
4154,DNI,26914229,Eduardo,Rodríguez,Gutiérrez,30/07/1983,41,M,Soltero,Secundaria,Independiente,Educación,Cusco,Cusco,Sur,850.0,459.63,46123.86,603,Regular,Referido,117,2015/05/13,16,Inactivo
4155,DNI,89323645,César,Vargas,Castillo,21-02-1994,30,M,Soltero,Postgrado,Empleado Público,Tecnología,Huancayo,Junín,Centro,1798.0,1151.18,21854.81,502,Regular,Telemarketing,27,2020/12/31,18,Activo
4156,Pasaporte,130303562,CarMen  ,Quispe,Castro,1987-01-08,38,F,Conviviente,Secundaria,Independiente,Manufactura,Trujillo,La Libertad,Norte,1845.85,1093.82,60235.9,503,Regular,Telemarketing,104,2016-06-03,10,Activo
4157,DNI,21330571,Diego,Ramírez,Rodríguez,13-02-1964,60,M,Conviviente,Universitario ,Independiente,Transporte,Chiclayo,Lambayeque,Norte,4534.99,2583.12,161974.16,600,Regular,Agencia,4,2020/11/12,13,Inactivo
4158,DNI,46823857,Sandra,Mamani,Ramírez,1995/07/04,29,f,Soltero,Secundaria,Empleado Privado,Salud,Arequipa,Arequipa,Sur,3009.39,1948.49,107610.91,478,Regular,Agencia,148,2012-10-16,7,Inactivo
4159,DNI,65093730,Andrés,Díaz,Morales,30-03-1978,46,M,Soltero,Técnico,Independiente,Tecnología,Piura,Piura,Norte,6296.21,4232.23,53075.17,489,Regular,Digital,87,2017/10/20,14,Activo
4160,DNI,11039747,Héctor,Flores, GaRcÍa ,27/11/1987,37,M,Soltero,Universitario,Empleado Privado,Finanzas,Cayma,Arequipa,Sur,3579.09,2185.71,189933.83,384,Regular,Telemarketing,132,30-01-2014,6,Activo
4161,DNI,10283496,Cecilia,Laime,Chávez,1985/05/05,39,F,Casado,Universitario,Independiente,Otro,Sullana,Piura,Norte,2074.68,-837.13,91908.35,432,Regular,,37,2020-01-06,15,Activo
4162,DNI,78110252,Diana,Choque,Reyes,1970/11/17,54,F,Casado,Universitario,Empleado Privado,Otro,Cayma,Arequipa,Sur,1826.91,712.59,62874.99,497,regular,Agencia,82,2018/03/15,6,Activo
4163,DNI,23138428,Adriana,Álvarez,Sánchez,1979/08/18,45,F,Conviviente,Universitario,Independiente,Manufactura,Trujillo,La Libertad,Norte,6151.04,2830.13,225270.52,499,Premium,Agencia,87,16/10/2017,10,Activo
4164,DNI,5541212,Fernando,Quispe,Herrera,1971-09-27,53,M,Soltero,secundaria ,Empleado Privado,Manufactura,Chiclayo,Lambayeque ,Norte,4380.11,2044.87,98282.45,515,Regular,Agencia,77,2018-09-04,13,Activo
4165,DNI,67691235,Mónica,González,López,1996-02-05,28,F,Casado,Técnico,Empleado Público,Servicios,Los Olivos,Lima,Lima y Callao,1062.67,710.12,63305.72,489,Regular,Referido,72,2019-01-31,4,Activo
4166,DNI,70986795,Miguel,Rojas,Romero,1989/01/10,35,M,Soltero,Técnico,Independiente,Servicios,Pisco,Ica,Sur,4202.7,2801.31,199809.79,521,Regular,Digital,3,26-10-2022,20,Inactivo
4167,DNI,48160717,Diana,Condori,Herrera,1985-08-01,39,F,Soltero,Secundaria,Independiente,Educación,Cusco ,Cusco,Sur,1013.43,632.7,54747.8,508,Regular,Digital,176,2010/07/04,16,Activo
4168,DNI,87102704,César,Herrera,Gutiérrez,1995/02/07,29,M,Casado,Universitario,Independiente,Finanzas,Iquitos,Loreto,Oriente,1236.31,548.63,28726.78,412,Regular,Agencia,110,2015-11-26,22,Activo
4169,DNI,7599110,Rosa,Sánchez,Mamani,1984/05/12,40,F,Viudo,Universitario,Independiente,Comercio,Yanahuara,Arequipa,Sur,5210.11,2463.67,117668.18,490,Premium,Agencia,98,2016-12-11,8,Activo
4170,DNI,35620438,Rocío,Reyes,Romero,1988/12/21,36,F,Casado,Tecnico,Empleado Privado,Comercio,Santiago de Surco,Lima,Lima y Callao,1267.96,-776.94,72954.6,506,Regular,Agencia,37,2020-01-13,2,Activo
4171,DNI,27132090,Mónica,Vargas,Apaza,16/05/1992,32,F,Divorciado,Técnico,Independiente,Educación,Los Olivos,Lima,Lima y Callao,2340.15,1002.58,61771.12,453,Regular,Agencia,34,22-05-2021,4,Bloqueado
4172,DNI,62678214,Víctor,Rojas,  Morales,1972-12-06,52,M,Casado,Técnico,Empresario,Agricultura,Los Olivos,Lima,Lima y Callao,5614.86,3803.77,159952.23,525,Regular,Referido,121,2015-01-01,4,Inactivo
4173,DNI,76137988,Pablo,TORRES,Jiménez,1977-04-21,47,M,Divorciado,Técnico,Empleado Público,Salud,Yanahuara,Arequipa,Sur,5087.0,-2832.76,140545.94,569,Regular,Telemarketing,79,2018/06/08,8,Inactivo
4174,DNI,17996391,Fabiola,Jiménez,Mamani,1984-09-21,40,F,Soltero,,Empleado Público,Otro,Chiclayo,Lambayeque,Norte,2080.78,1074.25,34821.74,475,Regular,Telemarketing,177,31/05/2010,12,Activo
4175,DNI,86927321,Ricardo,Gutiérrez,Rodríguez,30-01-1994,30,M,Soltero,Universitario,Empleado Privado,Salud,Cayma,Arequipa,Sur,1964.13,1140.05,67257.06,426,Regular,Agencia,105,2016-05-11,6,Activo
4176,DNI,94062793,Rodrigo,Chávez,Ramos,1975/09/10,49,M,Soltero,Tecnico,Empresario,Finanzas,Trujillo,La Libertad,Norte,3176.21,2100.45,95767.92,593,Regular,Referido,132,27-02-2014,10,Inactivo
4177,DNI,87223130,Iván,Choque,Romero,1973/10/07,51,M,Conviviente,Postgrado,Empleado Privado,Comercio,Trujillo,La Libertad,Norte,3073.88,1866.32,50297.98,502,regular,Agencia,103,2016-07-08,10,Activo
4178,DNI,40352703,Manuel,Ortiz,Apaza,1989/06/11,35,M,Casado,Secundaria,Pensionista,Manufactura,TrUjIlLo,La Libertad,Norte,,487.08,54448.08,534,Regular,Digital,156,27-02-2012,10,Activo
4179,CE,248120089,Silvia,González,Cruz,1991-06-28,33,F,Casado,Postgrado,Empresario,Manufactura,Yanahuara,Arequipa,Sur,2129.91,1081.71,80750.29,532,Regular,Agencia,129,20-05-2014,8,Activo
4180,CE,919765794,Roberto, Condori,Laime,1979/01/14,45,M,Soltero,Universitario,Empleado Público,Comercio,Santiago de Surco,Lima,Lima y Callao,1378.68,531.63,36358.02,469,Regular,,9,24/12/2022,2,Activo
4181,DNI,85547684,Carmen,Torres,Quispe,1993/02/07,31,F,Casado,Técnico,Empleado Privado,Transporte,Cajamarca,Cajamarca,Norte,1817.49,1245.39,102583.76,452,Regular,Telemarketing,37,2021/12/13,24,Activo
4182,DNI,76644410,Mónica,Díaz,Gutiérrez,1986-09-03,38,F,Conviviente,Secundaria,,Construcción,Trujillo,La Libertad,Norte,1577.19,894.16,93509.53,458,Regular,Agencia,46,2021/03/07,10,Activo
4183,Pasaporte,738429184,Sofía,González,Ramírez,30-10-1985,39,F,Conviviente,Universitario,Empleado Privado,Construcción,Huancayo,Junín,Centro,3027.05,2008.75,61556.67,467,Regular,Agencia,127,2014/07/06,18,Activo
4184,DNI,65340292,Patricia,Ramos,Herrera,1969/02/05,55,F,Casado,Técnico,Independiente,Otro,Cajamarca,Cajamarca,Norte,,1502.4,202974.95,422,Regular,Agencia,9,13/03/2024,24,Activo
4185,DNI,75423972,Ángela,Jiménez,Rodríguez,1976/08/08,48,F,Casado,Postgrado,Empleado Privado,Tecnología,Trujillo,La Libertad,Norte,4030.77,2660.68,191768.76,476,Regular,Digital,62,26-11-2019,10,Activo
4186,DNI,48139829,Isabel,Ortiz,Jiménez,2000/09/09,24,F,Casado,,Independiente,Otro,Sullana,Piura,Norte,2025.42,845.28,96984.51,459,Regular,Agencia,11,2022-10-01,15,Inactivo
4187,DNI,18149696,Marco,Gutiérrez,Sánchez,1996/07/14,28,M,Conviviente,Universitario,Pensionista,Manufactura,Víctor Larco Herrera,LA LIBERTAD ,Norte,850.0,483.34,50917.29,458,Regular,Agencia,14,2022/05/05,11,Activo
4188,DNI,25148640,Fabiola,  Mamani,Ortiz,15/09/1985,39,F,Divorciado,Secundaria,Empleado Privado,Finanzas,Miraflores,Lima,Lima y Callao,2259.43,1074.13,111568.53,478,Regular,Agencia,32,2021-01-06,3,Activo
4189,DNI,43586213,Jorge,Flores,García,1996-08-06,28,M,Casado,Postgrado,Empleado Público,Otro,Iquitos,Loreto,Oriente,1585.16,688.51,49598.57,514,Regular,Agencia,58,2020-03-07,22,Inactivo
4190,DNI,85417323,Ana,Mamani,Torres,19-02-1987,37,F,Soltero,Secundaria,Empleado Público,Servicios,Huancayo,Junín,Centro,1040.11,582.25,38825.25,471,Regular,Telemarketing,101,19/08/2016,18,Activo
4191,DNI,42620619,Cecilia,Torres,Romero,29/07/1995,29,F,Conviviente,Técnico,Independiente,Manufactura,Arequipa,Arequipa,Sur,2534.64,1302.32,28807.98,486,Regular,Agencia,166,2011/04/15,7,Bloqueado
4192,DNI,24478843,David, APAZA,Ortiz,2002-05-18,22,M,Soltero,Postgrado,Independiente,Otro,Víctor Larco Herrera,La Libertad,Norte,3366.05,1967.1,26953.65,398,Regular,Telemarketing,74,2018/11/07,11,Activo
4193,DNI,57978612,Fernando,Vargas,Díaz,1964-08-01,60,M,Casado,Técnico,Empleado Privado,Comercio,Pisco,Ica,Sur,3158.76,1458.93,184262.12,447,Regular,Agencia,39,30/09/2021,20,Activo
4194,DNI,66630317,Rodrigo,Rivera,Herrera,1996/06/24,28,M,Casado,Secundaria,Empleado Privado,Servicios,Tarapoto,San Martín,Oriente,3030.3,1418.25,172443.62,446,Regular,Digital,127,2014-07-12,23,Activo
4195,CE,40839366,Gabriela,Rivera,González,1984/06/12,40,F,Casado,Técnico,Independiente,Construcción,Piura,Piura,Norte,7102.25,3999.85,81578.58,455,Regular,Agencia,11,2023/06/29,14,Activo
4196,DNI,84537797,Valeria,Castillo,Choque,1982/04/28,42,F,Conviviente,Técnico,Empresario,Salud,Santiago de Surco,Lima,Lima y Callao,13445.43,5965.61,794040.82,544,Regular,Agencia,54,15-07-2020,2,Activo
4197,Pasaporte,870432080,David ,Ramírez,Laime,2002/11/10,22,M,Casado,Postgrado,Empleado Privado,Educación,Tarapoto,San Martín,Oriente,3111.56,1302.08,159242.18,395,Regular,Digital,89,2017/08/15,23,Activo
4198,DNI,59840717,Ana,Condori,Cusi,1966/02/28,58,F,Casado,Secundaria,Empresario,Salud,Arequipa,Arequipa,Sur,,1900.64,129166.06,698,Regular,Referido,51,30-09-2020,7,Activo
4199,DNI,42624586,Iván,Castillo,Rodríguez,30/10/1965,59,M,Soltero,Técnico,Empleado Privado,Educación,Cayma,ArEqUiPa,Sur,2158.84,1383.34,127661.18,513,Regular,Agencia,152,2012-06-27,6,Activo
4200,DNI,38806772,Miguel,Gómez,Condori,1973-04-26,51,M,Soltero,Técnico,Empleado Privado,Finanzas,Huancayo,Junín,Centro,4502.0,2129.45,107112.57,529,Regular,Agencia,174,2010-09-11,18,Activo
4201,DNI,33707900,Sofía,Rivera,Rivera,23-09-1967,57,F,Soltero,secundaria ,Empleado Privado,Agricultura,CAJAMARCA  ,Cajamarca,Norte,2982.85,1900.44,50855.23,491,Regular,Digital,81,2018-05-05,24,Inactivo
4202,DNI,81478415,Enrique,Reyes,Sánchez,22/06/1987,37,M,Soltero,Técnico,Empleado Público,Tecnología,La Esperanza,La Libertad,Norte,2861.85,1752.37,140577.83,521,Regular,Agencia,22,2023/02/24,9,Activo
4203,DNI,40278491,Sandra,González,Ramírez,1979-09-03,45,F,Casado,Universitario,Empresario,Manufactura,Sullana,Piura,Norte,9453.13,4216.83,307383.86,413,Premium,Digital,102,2016/07/27,15,Activo
4204,DNI,42047633,Sofía,Jiménez,Cruz,1979-07-18,45,F,Soltero,Postgrado,Empleado Privado,Servicios,Piura,Piura,Norte,3249.46,1969.03,135985.28,585,REGULAR,Agencia,38,2021-10-24,14,Activo
4205,DNI,73978645,Eduardo,Ortiz,Laime,15-04-2001,23,M,Viudo,Técnico,Empleado Privado,Tecnología,Sullana,Piura,Norte,5311.7,2808.63,179135.1,469,Regular,Digital,19,23-02-2021,15,Activo
4206,CE,806272974,Héctor,Torres,Apaza,1978/01/12,47,M,Soltero,Técnico,Empresario,Tecnología,Chimbote,Ancash,Centro,16272.28,9377.48,504501.95,573,VIP,Agencia,21,2020/06/04,21,Activo
4207,DNI,26821334,Roberto,Cruz,Rivera,1978/10/31,46,M,Soltero,Secundaria,Independiente,Agricultura,Sullana,Piura,Norte,2846.78,1113.95,161655.76,468,Regular,Telemarketing,162,2011/09/10,15,Activo
4208,DNI,94397242,Silvia,Flores,Ramírez,1983/10/03,41,F,Soltero,UNIVERSITARIO,Empresario,Agricultura,Santiago de Surco,Lima,Lima y Callao,3705.51,2030.96,65615.57,506,Regular,,5,2021-12-09,2,Activo
4209,DNI,65393479,Paola,Castillo,Flores,2004-10-12,20,F,Casado ,Técnico,Empleado Público,Tecnología,Wanchaq,Cusco,Sur,2087.63,1021.91,74153.13,467,Regular,Digital,116,19/06/2015,17,Activo
4210,Pasaporte,920894561, MaRcO ,Castro, herrera,1987/06/03,37,M,Casado,Universitario,Empleado Privado,Comercio,Yanahuara,Arequipa,Sur,3058.72,1847.08,110542.33,402,Regular,Digital,100,21/09/2016,8,Activo
4211,DNI,35300465,Carmen,Choque,  CusI,1959/10/30,65,F,Casado,Secundaria,Empleado Público,Finanzas,Miraflores  ,Lima,Lima y Callao,2377.97,1422.31,77752.82,526,Regular,Digital,164,2011/07/06,3,Activo
4212,DNI,21338516,Andrés,Cruz,Jiménez,1994/01/31,30,M,Casado,Universitario,Independiente,Tecnología,Miraflores,Lima,Lima y Callao,2155.85,1171.18,127536.67,545,Regular,Agencia,165,2011/06/01,3,Activo
4213,DNI,43374799,Fernando,Ramos,Herrera,13/05/1970,54,M,Conviviente,Técnico,Empresario,Transporte,Cusco,Cusco,Sur,10447.96,4138.99,614898.8,571,Regular,Agencia,81,16-04-2018,16,Activo
4214,DNI,74382882,Patricia,Mamani,Álvarez,1987/11/19,37,F,casado ,Universitario,Independiente,Tecnología,Tarapoto,San Martín,Oriente,850.0,473.0,43195.1,466,Regular,Agencia,96,29-01-2017,23,Activo
4215,DNI,60679244,Carlos,  RamOs,Sánchez,1985/08/02,39,M,Casado,Universitario,Empleado Público,Finanzas,San Juan de Lurigancho,Lima,Lima y Callao,3136.98,1680.05,123107.22,521,Regular,Agencia,72,16-01-2019,1,Activo
4216,DNI,9434747,Andrés,López,Ramos,27-06-1963,61,M,Casado,Universitario,Empleado Público,Finanzas,Wanchaq,Cusco,Sur,3897.0,2396.04,198211.73,512,Regular,Digital,177,2010-05-20,17,Activo
4217,DNI,71472703,José ,Flores,Chávez,2004/07/24,20,M,Divorciado,Universitario,Pensionista,Finanzas,Trujillo,La Libertad,Norte,1519.9,830.0,17866.21,527,Regular,Agencia,9,13-10-2023,10,Inactivo
4218,DNI,79325549,Rocío,Morales,Vargas,26-09-1999,25,F,Conviviente,Técnico,Empleado Privado,Servicios,Víctor Larco Herrera,La Libertad,Norte,5277.66,2242.55,212808.06,489,Regular,Referido,14,2020/08/23,11,Activo
4219,DNI,14671701,Alejandro,Rojas,Rivera,1981-10-01,43,M,Conviviente,Técnico,Independiente,Construcción,Yanahuara,Arequipa,Sur,7276.34,3223.12,205355.85,573,Regular,Campaña Institucional,66,2019/07/10,8,Activo
4220,DNI,45944500,Jorge,García,González,1975-09-20,49,M,Soltero,Secundaria,Empleado Privado,Salud,Chiclayo,Lambayeque,Norte,3800.05,2307.88,75250.29,535,Regular,Referido,151,2012-07-28,13,Inactivo
4221,DNI,29926440,Daniela,Ramírez,Martínez,1988/01/08,37,F,Casado,Técnico,Empleado Privado,Comercio,Iquitos,Loreto,Oriente,2665.97,1505.8,122979.83,431,regular ,Campaña Institucional,17,2023/05/12,22,Activo
4222,DNI,78747685,Patricia,Chávez,Rodríguez,1986-02-03,38,F,Conviviente,Universitario,Empleado Privado,Construcción,La Esperanza,La Libertad,Norte,2299.39,1118.85,97429.6,446,Regular,Digital,110,2015-12-08,9,Inactivo
4223,DNI,83804169,Roberto,Quispe,Reyes,1981-12-03,43,M,Casado,Técnico,Empresario,Educación,Cayma,Arequipa,Sur,4758.31,2759.98,187172.47,541,Regular,Referido,165,26-05-2011,6,Activo
4224,DNI,74362714,Ricardo,Rivera,Laime,2002/07/08,22,M,Conviviente,Universitario,Empleado Público,Otro,El Tambo,Junín,Centro,1711.02,921.96,63113.32,483,Regular,Telemarketing,57,2020/03/07,19,Activo
4225,DNI,53783814,Jorge,Choque,Morales,1987/01/01,38,M,Casado,Universitario,Empleado Privado,Construcción,Wanchaq,Cusco,Sur,2533.91,1771.68,133725.05,394,Regular,Agencia,38,2021/10/20,17,Activo
4226,DNI,42986248,Ángela,Rivera,González,1978-07-02,46,F,Conviviente,Universitario,Empleado Privado,Construcción,Chimbote,Ancash,Centro,4056.78,2083.94,121973.57,524,Regular,Agencia,116,19-06-2015,21,Activo
4227,DNI,78148180,Claudia,Ramírez,Rivera,25/01/1970,54,Femenino,Soltero,secundaria,,Agricultura,Lima,Lima,Lima y Callao,7061.53,4405.35,388504.43,561,PREMIUM,Referido,54,2020/06/27,5,Activo
4228,DNI,63804004,Héctor,González, GUTIÉRREZ,1982-01-05,43,M,Casado,Secundaria,Empleado Privado,Transporte,Piura,Piura,Norte,4047.32,1685.18,149063.11,405,Regular,Telemarketing,178,2010/05/01,14,Activo
4229,DNI,9696309,Juan,Rojas,Huanca,1993-03-05,31,M,Soltero,Técnico,Empleado Privado,Salud,Trujillo,La Libertad,Norte,5772.88,3123.01,198763.16,342,Premium,Agencia,180,2010/03/09,10,Activo
4230,DNI,86911050,Pablo,Ramos,Huanca,23-04-1984,40,M,Casado,Universitario,Independiente,Tecnología,San Juan de Lurigancho,LimA,Lima y Callao,5217.71,2172.73,312367.16,485,Regular,Agencia,123,15-11-2014,1,Activo
4231,DNI,5376704,Paola,Medina,Rojas,1987-10-03,37,F,Soltero,Secundaria,Empresario,Educación,Tarapoto,San Martín,Oriente,5964.18,3957.22,70625.12,488,Regular,Agencia,112,22/09/2015,23,Activo
4232,DNI,12148851,Ángela,Castillo,Flores,1982/12/11,42,F,Soltero,Universitario,Empleado Público,Finanzas,Pisco,Ica,Sur,1605.41,641.71,50317.88,567,regular,Telemarketing,58,2020-03-19,20,Activo
4233,CE,420512532,Juan,Mamani,Morales,22/05/1965,59,MASCULINO,Soltero,Técnico,Empleado Público,Servicios,Los Olivos,Lima,Lima y Callao,2258.09,1546.6,27894.67,456,regular,Telemarketing,130,2014-04-11,4,Activo
4234,DNI,20921028,Alejandra,Cruz,Mamani,1989-11-17,35,F,Soltero,Técnico,Empresario,Tecnología,Cayma,Arequipa,Sur,4863.95,2294.17,103601.65,530,Regular,Digital,30,2021/07/13,6,Activo
4235,Pasaporte,729541252,Daniela  ,Vargas,Romero,1995-01-25,29,F,Soltero,Secundaria,Estudiante,Servicios,Víctor Larco Herrera,La Libertad,Norte,850.0,576.11,28588.67,493,Regular,Referido,67,25/06/2019,11,Inactivo
4236,DNI,43865268,Mónica,Romero,Díaz,1971/06/26,53,F,soltero,Universitario,Empleado Público,Educación,Chimbote,Ancash,Centro,1782.72,832.74,83217.43,449,Regular,,135,28-11-2013,21,Bloqueado
4237,DNI,95656566,VíCtOr, MarTínEz,Martínez,1949-03-07,75,M,Casado,Secundaria,Empleado Privado,Tecnología,Wanchaq,Cusco,Sur,5267.36,3388.75,140872.33,505,Regular,Agencia,24,2023-01-04,17,Inactivo
4238,DNI,46460625,César,Reyes,Sánchez,27/06/1972,52,M,Casado,Postgrado,Empleado Público,Comercio,Los Olivos,Lima,Lima y Callao,2159.71,1242.33,69145.58,570,Regular,Agencia,174,25-08-2010,4,Inactivo
4239,DNI,48973012,Alejandro,López,González,1981-02-03,43,M,Soltero,Secundaria,Empleado Público,Finanzas,Pisco,Ica,Sur,2205.14,1040.24,52548.0,502,Regular,Referido,103,2016/07/04,20,Activo
4240,DNI,62197658,Mónica,Medina,Rivera,17/06/2000,24,F,Casado,UNIVERSITARIO,Independiente,Tecnología,Chiclayo,Lambayeque,Norte,7820.87,4460.75,406643.25,419,Premium,Agencia,6,2021/12/03,13,Activo
4241,DNI,41684061,Miguel,Pérez,Reyes,13/09/1999,25,M,Conviviente,Técnico,Independiente,Manufactura,Cusco,Cusco,Sur,1750.43,993.67,57369.67,408,Regular,Referido,13,2021/07/10,16,Activo
4242,DNI,11680314,Víctor,Martínez,Castro,1983-10-30,41,M,Conviviente,Postgrado,Estudiante,Manufactura,San juan de lurigancho ,Lima,Lima y Callao,850.0,470.07,41143.38,537,Regular,Digital,9,16/11/2020,1,Activo
4243,DNI,82063315,Fabiola,Flores,Castro,1973/11/12,51,F,Casado,Técnico,Estudiante,Salud,Santiago de Surco,Lima,Lima y Callao,850.0,522.24,25622.53,500,Regular,Digital,68,31-05-2019,2,Activo
4244,DNI,27083971,María,Romero,Pérez,1978/10/15,46,F,Casado,Técnico,Empleado Privado,Manufactura,Chimbote,Ancash,Centro,1218.59,849.73,71006.95,522,Regular,Referido,133,14/01/2014,21,Bloqueado
4245,CE,713495522,César,Sánchez,Díaz,2000-08-02,24,M,Divorciado,Universitario,Pensionista,Transporte,Arequipa,Arequipa,Sur,2046.78,1191.49,89706.76,437,Regular,Referido,146,2012-12-20,7,Activo
4246,DNI,34719057,Silvia,Vargas,García,1985-12-21,39,F,Viudo,Secundaria,Empresario,Salud,Los Olivos,Lima,Lima y Callao,3532.19,1867.44,79292.34,470,Regular,Digital,74,2018/11/28,4,Activo
4247,DNI,89052698,Luis,Jiménez, CháVez,1955-08-17,69,M,Divorciado,Técnico,Empleado Privado,Tecnología,Lima,Lima,Lima y Callao,5490.5,3062.35,117710.11,435,Premium,Digital,105,2016-05-14,5,Bloqueado
4248,DNI,69631777,Fabiola,Castillo,Medina,1964/10/12,60,F,Casado,Universitario,Empleado Privado,Manufactura,Chiclayo,Lambayeque,Norte,5877.83,4109.89,283763.82,506,Premium,Agencia,136,2013/10/12,12,Activo
4249,DNI,587499,Roberto,Álvarez,Condori,1979/09/12,45,M,Casado,Universitario,Empresario,Manufactura,El Tambo,Junín,Centro,5813.83,2507.97,257167.09,627,Regular,Agencia,112,2015/10/07,19,Activo
4250,DNI,83877318,Óscar,García,Reyes,1992/06/17,32,M,Casado,Universitario,Empleado Público,Tecnología,Cusco,Cusco,Sur,2067.53,1379.91,17180.49,468,Regular,Telemarketing,80,2018/06/03,16,Activo
4251,DNI,26240892,Lucía,romero,Choque,2000/02/05,24,F,Casado ,Postgrado,Empleado Público,Comercio,Santiago de Surco,Lima,Lima y Callao,4378.84,2436.51,77314.39,419,Regular,Agencia,109,2016-01-13,2,Activo
4252,DNI,80695302,Adriana,Rivera,Chávez,1980-03-03,44,F,Soltero,Técnico,Empresario,Servicios,Cusco,Cusco,Sur,2049.0,1200.47,101119.19,488,Regular,Referido,36,2020-03-21,16,Activo
4253,DNI,91575140,Fernando,Condori,Jiménez,28/12/1977,47,M,Conviviente,Técnico,Empresario,Transporte,San Juan de Lurigancho,Lima,Lima y Callao,3629.42,1912.38,122340.19,550,Regular,Digital,49,15-02-2020,1,Activo
4254,DNI,56212613,Héctor,López,Álvarez,13-05-1986,38,M,Casado,Tecnico,Empleado Público,Comercio,Arequipa,Arequipa,Sur,,2101.46,181114.23,-5,Regular,Agencia,2,2024-04-22,7,Inactivo
4255,DNI,69174187,Rocío,Quispe,Díaz,1990-07-16,34,F,Viudo,Técnico,Empleado Público,Servicios,Sullana,Piura,Norte,2043.99,803.58,106745.79,505,Regular,Campaña Institucional,18,2022-03-20,15,Activo
4256,DNI,57531430,César,Reyes,Pérez,1975-08-21,49,M,Casado,secundaria ,Independiente,Salud,San Juan de Lurigancho,Lima,Lima y Callao,2480.53,1597.71,74869.32,508,Regular,Referido,31,2022/06/14,1,Activo
4257,DNI,58551224,Alejandro,Díaz,Apaza,1985-07-15,39,M,Soltero,Técnico,Empresario,Tecnología,Cayma,Arequipa,Sur,6006.77,3144.84,191021.71,581,premium,Referido,132,2014-02-09,6,Activo
4258,DNI,90936366,Diana,Reyes,Gutiérrez,21-06-1975,49,F,Soltero,Tecnico,Estudiante,Comercio,Wanchaq ,Cusco,Sur,859.88,407.77,39663.0,534,Regular,Referido,73,2018/12/11,17,Activo
4259,DNI,81399017,Alejandra,Torres,González,1984/10/07,40,F,Casado,Técnico,Empresario,Educación,Los Olivos,Lima,Lima y Callao,6839.82,4542.39,79544.33,453,Premium,Agencia,99,2016/10/28,4,Activo
4260,DNI,54960133,Enrique,Pérez,Rivera,23/12/1967,57,M,Conviviente,Universitario,Empleado Público,Transporte,Cayma,Arequipa,Sur,850.0,342.05,17681.18,522,Regular,Referido,73,2018/12/30,6,Activo
4261,DNI,94712509,Fabiola,López,Cusi,1969-05-08,55,F,Soltero,Técnico,Empresario,Comercio,El Tambo,Junín,Centro,2779.7,1787.41,90624.75,550,Regular,Digital,106,2016-04-03,19,Activo
4262,DNI,63283967,Andrés,Díaz,Mamani,1991/05/10,33,M,Casado,Técnico,Empresario,Salud,Huancayo,Junín,Centro,4283.77,2016.51,231470.11,550,Regular,Agencia,78,2018-08-04,18,Activo
4263,DNI,62152938,Gabriela,Rodríguez,Quispe,1980-02-08,44,fem,Casado,Técnico,Empleado Privado,Otro,Miraflores,Lima,Lima y Callao,1045.6,589.18,40304.97,434,Regular,Telemarketing,143,15/03/2013,3,Inactivo
4264,DNI,66715556,Luis,García,Chávez,1971-02-18,53,M,Casado,Técnico,Empleado Público,Otro,Piura,Piura,Norte,2735.61,1431.17,149327.06,621,Regular,Campaña Institucional,24,17-05-2020,14,Activo
4265,CE,483092907,Andrés,Martínez,Jiménez,1962-07-06,62,M,Viudo,,Empleado Privado,Agricultura,Chiclayo,Lambayeque,Norte,2764.03,1671.14,41316.17,653,Regular,Referido,164,2011-07-04,13,Activo
4266,DNI,88458195,Andrés,SáNcHeZ,Torres,1982-02-17,42,M,Casado,Universitario,Empresario,Salud,Chimbote,Ancash,Centro,,1951.6,111551.14,474,Regular,Digital,179,14-04-2010,21,Activo
4267,DNI,53275923,Carmen,Jiménez,Torres,2004/05/21,20,F,Casado,Universitario,Empleado Público,Finanzas,Yanahuara ,Arequipa,Sur,3344.17,1806.61,121864.05,564,Regular,Agencia,92,31-05-2017,8,Activo
4268,DNI,85283866,Enrique,Mamani,Choque,16-05-1995,29,M,Soltero,Técnico,Empleado Público,Otro,Chiclayo,Lambayeque,Norte,1736.55,694.78,40943.54,492,Regular,Digital,64,2019-09-08,12,Activo
4269,DNI,31449081,César,Laime,Ortiz,19-09-1994,30,M,Casado,Secundaria,Empleado Privado,Transporte,Cajamarca,Cajamarca,Norte,1076.67,519.73,40332.8,455,Regular,Digital,98,2016-12-05,24,Inactivo
4270,DNI,49569175,Diana,Huanca,Ramírez,1986/05/10,38,F,Casado,Universitario,Empleado Público,Comercio,Cayma,Arequipa,Sur,1751.72,1007.62,95191.9,512,Regular,Agencia,55,2020-06-04,6,Activo
4271,DNI,75945425,Patricia,Flores,López,1965-06-11,59,F,Soltero,TECNICO,Empresario,Salud,Chiclayo,Lambayeque,Norte,5397.96,3296.84,99112.65,-5,regular,Digital,104,2016/06/15,13,Activo
4272,DNI,30744598,Claudia,Martínez,Choque,1974/02/11,50,F,Soltero,Universitario,Pensionista,Transporte,Cusco,Cusco ,Sur,1387.12,565.26,54289.9,463,Regular,Agencia,162,25-08-2011,16,Inactivo
4273,DNI,16977525,Carlos,Rojas,Díaz,1981/04/13,43,M,Casado,Técnico,Empleado Público,Agricultura, Chiclayo,Lambayeque,Norte,2646.65,1388.7,95067.59,447,Regular,Agencia,154,2012-05-03,12,Activo
4274,DNI,59353610,Iván,García,Condori,1967-07-03,57,M,Soltero,Técnico,Empleado Público,Tecnología,Wanchaq,Cusco,Sur,4166.18,1694.02,188747.08,494,Regular,Digital,161,17/09/2011,17,Activo
4275,DNI,79658914,Pablo,Rodríguez,Flores,1980-12-14,44,M,Casado,Postgrado,Empleado Privado,Transporte,Piura,Piura,Norte,3986.49,1934.79,82577.46,463,Regular,Referido,73,2019/01/02,14,Activo
4276,DNI,70847079,Paola,Gutiérrez,Laime,1977/03/12,47,F,Casado,Universitario,Independiente,Comercio,Sullana,Piura,Norte,2713.37,1221.7,94469.34,415,Regular,Agencia,150,2012/08/22,15,Inactivo
4277,DNI,10744303,Adriana,Flores,Quispe,1977/07/01,47,F,Viudo,Secundaria,Independiente,Comercio,Víctor Larco Herrera,La Libertad,Norte,1120.54,634.75,62049.19,544,Regular,Digital,60,2020/01/04,11,Activo
4278,CE,960539624,Luis,Apaza,Gutiérrez,1991/11/14,33,M,Viudo,Universitario,Estudiante,Transporte,Cayma,Arequipa,Sur,850.0,432.26,46497.16,546,Regular,Agencia,37,2021/12/11,6,Activo
4279,DNI,72437140,Elena, Chávez,Apaza,1977/06/01,47,F,Casado,UNIVERSITARIO,Empleado Privado,Educación,  Trujillo,La Libertad,Norte,1723.19,884.06,35387.13,438,Regular,Telemarketing,41,26/07/2021,10,Activo
4280,DNI,15250300,Iván,Rivera,García,17-11-1990,34,M,Divorciado,Universitario,Empleado Privado,Agricultura,San Juan de Lurigancho,Lima,Lima y Callao,3259.37,1499.59,165390.58,497,Regular,Telemarketing,18,17-12-2019,1,Activo
4281,DNI,67268111,Paola,Morales,Sánchez,30/01/1993,31,F,Conviviente,Técnico,Empleado Privado,Agricultura,Trujillo,La Libertad,Norte,1456.62,805.34,56951.56,484,Regular,Agencia,177,2010/06/08,10,Activo
4282,DNI,1908485,Fabiola,López,Álvarez,1985/08/29,39,F,Soltero,Postgrado,Independiente,Servicios,Cajamarca,Cajamarca,Norte,10317.02,5355.72,271693.49,501,Regular,Agencia,22,2023/03/10,24,Activo
4283,DNI,73379180,César,Pérez,Quispe,17/02/1961,63,M,Conviviente,,Independiente,Comercio,Víctor Larco Herrera,La Libertad,Norte,1191.37,568.87,35031.53,425,Regular,,57,30-12-2019,11,Activo
4284,DNI,31224304,PaTrIcIa,Castro,Rojas,1996-07-05,28,F ,Casado,Universitario,Empleado Privado,Tecnología,Chiclayo,Lambayeque,Norte,4614.39,2713.99,224212.12,567,Regular,Agencia,74,2018/11/06,13,Inactivo
4285,DNI,42565892,Marco,Pérez,Díaz,1992-11-03,32,M,Conviviente,Técnico,Empresario,Tecnología,Cusco,Cusco,Sur,4021.33,2462.43,44109.05,431,Regular,Telemarketing,19,2023-06-09,16,Activo
4286,DNI,48476417,Daniela,López,Castro,2004/12/04,20,F,Conviviente,Secundaria,Independiente,Agricultura,Cayma,Arequipa,Sur,3213.3,1821.23,51612.77,468,Regular,Agencia,19,2022/12/05,6,Activo
4287,DNI,34524368,Ángela,Huanca,Cusi,1982-09-20,42,F,Soltero,Técnico,Pensionista,Comercio,Wanchaq,Cusco,Sur,850.0,433.03,11131.53,574,Regular,Digital,80,2018/05/26,17,Activo
4288,DNI,75751469,Fabiola,Mamani,García,1989-12-21,35,F,Casado,Técnico,Independiente,Salud,Víctor Larco Herrera,La Libertad,Norte,3208.43,1926.03,116327.91,398,Regular,Digital,50,2020-11-17,11,Activo
4289,DNI,64841326,Miguel,Chávez,Herrera,27/05/1985,39,M,Casado,universitario ,Empleado Público,Salud,Cayma,Arequipa,Sur,2317.05,1584.45,24968.68,521,Regular,Telemarketing,91,2017-07-09,6,Activo
4290,DNI,70163943,Claudia,Gómez,Cusi,1981-07-07,43,F,Viudo,,Empleado Público,Transporte,Miraflores,Lima,Lima y Callao,-2591.12,1211.28,44965.16,447,Regular,Agencia,167,2011-04-04,3,Inactivo
4291,DNI,73818556,Paola,Ramos,Romero,1980/09/28,44,F,CASADO,Universitario,Empleado Privado,Transporte,Chiclayo,Lambayeque,Norte,3060.72,1680.04,70288.32,504,Regular,Digital,36,30/12/2020,13,Activo
4292,DNI,73072207,Roberto,Rojas,pérez,1982/08/25,42,M,Soltero,Técnico,Empresario,Construcción,Pisco,Ica,Sur,2671.94,1843.22,26968.83,435,Regular,Agencia,129,2014/05/01,20,Activo
4293,DNI,41210315,Claudia,Chávez,Medina,15/12/2004,20,F,Casado,Universitario,Empleado Público,Servicios,Chimbote,Ancash,Centro,2438.6,1575.54,85262.88,520,Regular,Agencia,85,2018-01-04,21,Activo
4294,DNI,44391209,Fabiola,Martínez,Apaza,1972/10/02,52,F,Casado,Postgrado,Empleado Privado,Construcción,Sullana,Piura,Norte,3572.1,1543.12,58462.99,387,Regular,Agencia,177,2010-06-03,15,Activo
4295,DNI,96407601,Rosa,Huanca,López,18/09/1995,29,F,Soltero,Secundaria,Empleado Público,Agricultura,El Tambo,Junín,Centro,2036.48,1109.39,67391.64,495,Regular,Referido,160,2011-10-23,19,Activo
4296,DNI,4391798,David,Gómez,Apaza,1985-06-10,39,M,Conviviente,Secundaria,Independiente,Manufactura,Lima,Lima,Lima y Callao,2950.53,1371.82,176243.56,485,Regular,Agencia,177,2010-05-28,5,Activo
4297,DNI,56359729,Juan,Reyes,Condori,1981-05-15,43,M,Soltero,Secundaria,Empleado Público,Construcción,Cayma,Arequipa,Sur,1646.5,1106.41,91892.74,561,regular,Telemarketing,147,2012-11-05,6,Activo
4298,DNI,14949746,Alejandro,Gómez,MaMaNi,1988/02/12,36,M,Conviviente,Universitario,Estudiante,Manufactura,Wanchaq,Cusco,Sur,850.0,590.25,32615.66,433,Regular,Referido,140,2013/06/20,17,Activo
4299,DNI,4890729,Carlos,Pérez,Huanca,1987-03-02,37,M,Divorciado,Universitario,Empresario,Servicios,Arequipa,Arequipa,Sur,10019.37,4588.61,576410.24,513,Premium,Referido,127,2014-07-10,7,Inactivo
4300,DNI,34431216,Pablo,Choque,Reyes,1985-08-02,39,M,Conviviente,Universitario,Empleado Privado,Finanzas,La Esperanza,La Libertad,Norte,,633.77,12352.47,524,Regular,Agencia,174,2010-09-11,9,Activo
4301,DNI,76259962,Mónica,Laime,Rodríguez,1990/06/21,34,F,Conviviente,Técnico,Independiente,Construcción,Huancayo,Junín,Centro,2042.54,1132.17,115600.87,556,Regular,Agencia,118,2015/03/28,18,Activo
4302,DNI,36333193,Lucía,Jiménez,González,1976-03-10,48,F,Soltero,Universitario,Empleado Privado,Construcción,Víctor Larco Herrera,La Libertad,Norte,1319.24,717.26,57778.44,397,Regular,Referido,98,20-11-2016,11,Activo
4303,DNI,15506752,Pablo,Rodríguez,Díaz,1983/05/08,41,M,Soltero,Secundaria,Empresario,Tecnología,Huancayo,Junín,Centro,2749.68,1732.04,41206.86,542,Regular,Digital,42,20-04-2020,18,Activo
4304,DNI,65227204,Marco,Ramos,Rojas,1982-08-01,42,M,Soltero,Universitario,Empleado Privado,Servicios,Tarapoto,SaN MaRtÍn  ,Oriente,3093.88,1775.96,180431.11,450,Regular,Campaña Institucional,101,2016/08/27,23,Activo
4305,DNI,5080458,David,Castillo,Álvarez,17/06/1962,62,M,Casado,Técnico,Empleado Privado,Tecnología,Lima,Lima,Lima y Callao,13586.93,8807.21,365193.28,521,Premium,Agencia,13,2023-12-07,5,Activo
4306,DNI,66616010,Óscar,Apaza,Díaz,1978/02/02,46,M,Casado,Técnico,Empleado Privado,Transporte,La Esperanza,La Libertad,Norte,3081.12,1466.92,50814.55,480,Regular,Campaña Institucional,152,23-06-2012,9,Activo
4307,DNI,72178940,Daniela,Ortiz,Pérez,1992/07/08,32,F,Divorciado,universitario,Empresario,Educación,Miraflores,Lima,Lima y Callao,2764.81,1594.78,73591.94,431,Regular,Referido,146,2012/12/07,3,Inactivo
4308,DNI,32658827,Valeria,Gutiérrez,Cruz,19-04-1978,46,fem,Casado,Universitario,Empleado Público,Transporte,Víctor Larco Herrera,La Libertad,Norte,1766.0,778.32,60741.36,370,Regular,Agencia,52,2020/08/27,11,Activo
4309,CE,280727358,David,López,López,1977-10-19,47,M,Casado,Técnico,Empresario,Tecnología,Sullana,Piura,Norte,5817.99,3365.7,233780.21,596,Regular,Telemarketing,107,2016-03-07,15,Activo
4310,DNI,37128379,Alejandro,Apaza,Castro,1978/03/28,46,M,Soltero,Secundaria,Empleado Privado,Salud,San Juan de Lurigancho,Lima,Lima y Callao,1401.09,546.79,70046.02,369,Regular,Campaña Institucional,146,2012/12/09,1,Activo
4311,DNI,37259849,Ricardo,Quispe,Cruz,1991/07/18,33,M,Soltero,Universitario,Independiente,Finanzas,Trujillo,La Libertad,Norte,1402.9,981.74,66981.24,524,Regular,Agencia,65,2019-08-09,10,Activo
4312,DNI,6783703,Rocío,Castillo,Martínez,14/10/1983,41,F,Casado,Universitario,Pensionista,Educación,Pisco,Ica,Sur,1636.57,1105.3,75372.53,411,Regular,Referido,68,2019/05/31,20,Activo
4313,DNI,75057026,César,Sánchez,Gómez,1971-11-01,53,M,Conviviente,Secundaria,Empleado Privado,Finanzas,Cayma,Arequipa,Sur,4425.0,2001.74,67330.84,397,Regular,Agencia,10,26-01-2023,6,Activo
4314,DNI,1892650,Alejandra,Choque,Pérez,25-10-1967,57,F,Soltero,Postgrado,Pensionista,Finanzas,San Juan de Lurigancho,Lima,Lima y Callao,1211.36,799.03,14721.37,529,Regular,Telemarketing,79,2018/06/11,1,Activo
4315,DNI,95927468,Sandra,Ramos,Reyes,1993/08/19,31,F,Soltero,Secundaria,Pensionista,Construcción,Arequipa,Arequipa,Sur,1599.71,659.29,68007.84,404,Regular,Digital,81,2018-04-17,7,Activo
4316,DNI,47112351,Diana,Reyes,Romero,1973-11-27,51,F,Casado,Técnico,Empleado Público,Transporte,La Esperanza,La Libertad,Norte,3129.69,1978.04,157499.62,469,Regular,Digital,6,2020-04-01,9,Activo
4317,DNI,56049917,Sofía,Díaz,Quispe,1959/07/03,65,F,Casado,Técnico,,Otro,Arequipa,Arequipa,Sur,3220.14,1419.7,36920.58,552,Regular,Digital,20,2020/04/30,7,Activo
4318,DNI,1680474,  David,Cusi,Ramírez  ,2001/09/10,23,M,Soltero,Universitario,Empleado Privado,Agricultura,Sullana,Piura,Norte,7029.98,3419.73,251688.59,401,Regular,Telemarketing,12,26-06-2020,15,Activo
4319,DNI,86377253,Daniela,Chávez,Rojas,1970/09/19,54,F,Conviviente,Universitario,Empleado Privado,Construcción,Víctor Larco Herrera,La Libertad,Norte,1889.59,1296.07,92048.16,470,REGULAR,Referido,63,28-10-2019,11,Inactivo
4320,DNI,69438374,Marco,Castro,Castro,1973-04-19,51,M,Soltero,Secundaria,Empleado Privado,Transporte,El Tambo,Junín,Centro,5085.88,2161.61,147164.3,436,Regular,Agencia,5,2021/05/28,19,Activo
4321,DNI,88335166,Gabriela,Martínez,López,1969-09-23,55,F,Soltero,Técnico,Estudiante,Tecnología,La Esperanza,La Libertad,Norte,1065.19,527.4,60882.03,453,Regular,Digital,73,23/12/2018,9,Inactivo
4322,CE,713209232,César,Condori, cusi ,21-06-1963,61,M,Conviviente,Universitario,Independiente,Salud,Sullana,Piura,Norte,962.15,533.25,52864.48,477,Regular,Telemarketing,28,2021-12-04,15,Inactivo
4323,DNI,56818819,Diego,Rojas,Huanca,29/10/1977,47,M,Casado,Universitario,Empleado Privado,Salud,El Tambo,Junín,Centro,1929.25,865.5,32234.04,508,Regular,Agencia,163,2011-07-15,19,Activo
4324,DNI,30924500,Víctor,Álvarez,Sánchez,1980-02-27,44,M,Soltero,Técnico,Empleado Privado,Salud, MIRAFLORES,Lima,Lima y Callao,2633.29,1351.56,44876.12,537,Regular,Telemarketing,7,20/06/2021,3,Activo
4325,DNI,261669,Óscar,Cruz,Castro,23-01-1985,39,Masculino,Casado,Universitario,Empleado Privado,Manufactura,Cayma,Arequipa,Sur,3125.25,1992.71,148881.82,547,Regular,Agencia,43,2021/06/06,6,Activo
4326,DNI,72898658,Adriana,Ortiz,Rojas,1974/01/01,51,F,Viudo,Secundaria,Empleado Privado,Finanzas,Chiclayo,Lambayeque,Norte,4507.31,1843.95,122695.73,442,Regular,Digital,31,2020-06-10,12,Activo
4327,DNI,38575171,rodrigo ,Ramos,Pérez,14/06/1976,50,M,Conviviente,Técnico,Empleado Público,Construcción,Chiclayo  ,Lambayeque,Norte,1552.37,990.69,70397.85,444,Regular,Agencia,94,31-03-2017,13,Activo
4328,DNI,44418176,Fabiola,Torres,López,1991/03/25,35,F,Conviviente,Técnico,Independiente,Comercio,El Tambo,Junín  ,Centro,1228.9,714.24,65660.72,527,Regular,Digital,6,2022-06-08,19,Activo
4329,DNI,37920638,Rodrigo,Martínez,López,1973/06/27,51,M,Soltero,universitario ,Empleado Privado,Finanzas,Chimbote,Ancash,Centro,1175.13,605.8,40453.33,453,Regular,Digital,151,2012/08/01,21,Inactivo
4330,DNI,39639163,Juan,López,Medina,21/08/2000,24,M,Conviviente,Universitario,Empleado Privado,Tecnología,Iquitos,Loreto,Oriente,1951.92,1140.79,72436.83,484,Regular,Telemarketing,80,2018/06/02,22,Activo
4331,DNI,66914255,Carlos,Vargas,Ramírez,1985-05-11,39,M,Soltero,Técnico,Empleado Público,Transporte,Yanahuara,Arequipa,Sur,1628.79,722.74,95428.48,573,Regular,Agencia,85,30-12-2017,8,Activo
4332,DNI,75824083,Enrique,Apaza,Castillo,2004-01-26,20,M,Soltero,Técnico,Empleado Privado,Transporte,Cusco,Cusco,Sur,4405.47,2874.34,163081.0,428,Regular,Digital,103,2016-07-06,16,Activo
4333,DNI,50716278,Juan,Castillo,Herrera,1983/02/06,41,M,Divorciado,Técnico,Independiente,Salud,El Tambo,Junín,Centro,-1599.95,833.76,55393.52,569,regular ,Agencia,27,2022/09/15,19,Activo
4334,DNI,96726961,Alejandro,Jiménez,Apaza,1997/02/09,27,M,Casado,Secundaria,Pensionista,Construcción,Pisco,Ica,Sur,933.14,598.78,14948.55,491,Regular,Agencia,85,2017-12-09,20,Activo
4335,DNI,86835119,Juan,Apaza,Morales,14-09-2002,22,M,Soltero,técnico,Empleado Privado,Otro,Iquitos,Loreto,Oriente,1525.74,732.24,39855.89,447,Regular,Agencia,92,20-05-2017,22,Inactivo
4336,DNI,93556429,ALEJANDRA,Herrera,Rojas,1993/09/09,31,F,Soltero,Postgrado,Empleado Público,Otro,Chiclayo,Lambayeque,Norte,1395.82,685.61,39415.37,470,Regular,Digital,62,2019/11/07,12,Activo
4337,DNI,93976848,Mónica,Choque,González,1975-09-13,49,F,Soltero,Secundaria,Empresario,Comercio,San Juan de Lurigancho,Lima,Lima y Callao,4917.37,2295.8,119054.94,582,Regular,Agencia,65,2019-08-25,1,Inactivo
4338,DNI,14566252,Sandra,Flores,Gómez,1994/03/02,30,F,Viudo,Secundaria,Pensionista,Transporte,Pisco,Ica,Sur,850.0,560.04,32465.82,572,Regular,Agencia,54,2020/07/01,20,Activo
4339,DNI,47751525,Silvia,Castillo,Cruz,1990-02-12,34,F,Conviviente,Técnico,Empleado Privado,Tecnología,Trujillo,La Libertad,Norte,1389.24,800.96,24738.5,377,Regular,Digital,173,2010-10-08,10,Inactivo
4340,DNI,77839018,Ricardo,Martínez,Gómez,30-11-1970,54,M,Soltero,Universitario,Empleado Público,Agricultura,San Juan de Lurigancho,Lima,Lima y Callao,2008.17,888.24,71676.85,511,Regular,Referido,78,2018/07/08,1,Activo
4341,DNI,61887223,Elena,López,Sánchez,1984/12/15,40,F,Casado,Técnico,,Manufactura,Cayma,Arequipa,Sur,4654.98,2210.96,49786.85,479,Regular,Referido,85,2017/12/28,6,Activo
4342,DNI,81182493,Óscar ,Choque,Morales,1954/10/23,70,M,Divorciado,Universitario,Empleado Público,Otro,Piura,Piura,Norte,2698.27,-1515.63,35528.21,593,Regular,Agencia,21,2021-01-24,14,Activo
4343,DNI,3267887,Ángela,Chávez,Chávez,1973-08-09,51,F,Conviviente,Universitario,Empleado Privado,Educación,Huancayo,Junín,Centro,2987.59,1535.45,60798.58,470,Regular,Agencia,58,2020-03-16,18,Activo
4344,DNI,6376614,Eduardo,Chávez,Ramos,1979-08-17,45,M,Soltero,Postgrado,Empleado Privado,Tecnología,Cajamarca,Cajamarca,Norte,-3759.38,1486.76,212765.63,463,Regular,Digital,107,2016/03/02,24,Activo
4345,DNI,16994391,Alejandra,CRUZ,García,1981/12/10,43,F,Casado,Universitario,Empleado Privado,Transporte,Santiago de Surco,Lima,Lima y Callao,5324.84,3562.44,232000.94,608,Regular,Telemarketing,86,16/11/2017,2,Activo
4346,DNI,87540657,Paola,Ramos,CusI,14/02/1972,52,F,Soltero,Secundaria,Empleado Privado,Construcción,Chiclayo,Lambayeque,Norte,7776.75,5424.92,418660.59,478,Premium,Agencia,38,2020/10/06,13,Activo
4347,DNI,55133412,Diego,Torres,Morales,1975/01/07,50,M,Soltero,Universitario,Independiente,Servicios,Huancayo,Junín,Centro,6312.53,4253.51,297044.55,458,Regular,Agencia,168,2011-02-20,18,Activo
4348,CE,896000320,Diego,Huanca,Mamani,1988-02-04,36,mas,Casado,Universitario,Independiente,Servicios,Trujillo,La Libertad,Norte,7513.84,4769.11,407503.0,435,Regular,Referido,112,2015-10-05,10,Activo
4349,DNI,16607299,Paola,Quispe,Torres,1999/01/21,25,F,Viudo,Universitario,Empleado Privado,Transporte,Trujillo,La Libertad,Norte,5327.35,2284.2,284804.76,533,Regular,Agencia,73,2018/12/29,10,Activo
4350,DNI,93484333,David,Rojas,Apaza,1977/09/19,47,M,Soltero,Secundaria,Empleado Privado,Agricultura,Sullana,Piura,Norte,2889.42,1585.88,120447.43,472,Regular,Telemarketing,123,2014-10-28,15,Activo
4351,DNI,14733220,Ana,García,Rodríguez,23-11-1979,45,F,casado ,Universitario,Pensionista,Manufactura, Huancayo ,Junín,Centro,2016.03,784.7,114187.38,504,Regular,Digital,122,2014-11-29,18,Inactivo
4352,DNI,55014530,Adriana,Cruz,Gutiérrez,25-11-1956,68,F,Casado,Técnico,Empleado Privado,Otro,Cajamarca,Cajamarca,Norte,2176.15,1378.83,105565.12,513,Regular,Digital,67,2019/06/08,24,Bloqueado
4353,DNI,4462203,Roberto,Ramírez,García,1987/12/14,37,M,Casado,Universitario,Independiente,Finanzas,Iquitos,Loreto,Oriente,1049.72,546.98,34572.17,469,Regular,Agencia,111,2015-11-09,22,Activo
4354,DNI,80213264,Alejandro,Martínez,Gómez,1977-03-07,47,M,Casado,secundaria ,Independiente,Servicios,Tarapoto,San Martín,Oriente,3493.39,2390.14,46869.63,616,Regular,Agencia,48,2021/01/01,23,Activo
4355,DNI,78613085,Jorge,Romero,Laime,15-02-1977,47,M,Casado,Universitario,Independiente,Transporte,Iquitos,Loreto,Oriente,5414.11,3286.83,313817.1,504,Regular,Agencia,92,2017-06-01,22,Activo
4356,DNI,78090852,Alejandra,Castro,Laime,1962-10-21,62,F,Casado,Universitario,Pensionista,Agricultura,Cajamarca,Cajamarca,Norte,3149.33,1897.07,120741.98,545,Regular,Digital,12,23-12-2023,24,Activo
4357,DNI,99925549,Fabiola,Castro,Ramos,30-05-1994,30,F ,Casado,Universitario,Independiente,Construcción,Arequipa,Arequipa,Sur,1443.77,633.76,33240.7,483,Regular,Digital,71,2019/02/28,7,Activo
4358,DNI,57363759,José,Huanca,Ramírez,1977/11/07,47,M,Casado,Técnico,Empresario,Agricultura,Huancayo,Junín,Centro,9051.83,5592.03,215438.39,553,Premium,Referido,118,2015/04/05,18,Activo
4359,DNI,96540356,Mónica,Huanca,Medina,21-01-1982,42,F,Divorciado,Universitario,Independiente,Salud,Sullana,Piura,Norte,1493.91,982.92,43543.43,508,Regular,Referido,59,13-02-2020,15,Activo
4360,DNI,55001792,Carmen,Ramírez,Díaz,1961-01-08,64,F,Soltero,Universitario,Empleado Privado,Educación,Miraflores,Lima,Lima y Callao,5533.65,2255.53,239834.9,550,Premium,,38,24-10-2021,3,Bloqueado
4361,DNI,40685806, DIEGO,Ortiz,Flores,1970/03/12,54,M,Viudo,Universitario,Empleado Privado,Tecnología,huancayo,Junín,Centro,2581.09,1649.76,126146.99,478,Regular,Referido,141,2013-05-07,18,Activo
4362,DNI,11462772,Ángela,Herrera,Mamani,1991-03-10,33,F,Viudo,Secundaria,Empleado Público,Otro,Yanahuara,Arequipa,Sur,1870.12,1170.72,80546.7,470,Regular,Agencia,39,2021/09/22,8,Activo
4363,DNI,16413209,Rocío,Díaz,Vargas,1968-07-09,56,F,Casado,Universitario,Empleado Privado,Manufactura,Piura,Piura,Norte,2484.01,1378.19,21767.89,464,Regular,Telemarketing,102,13-08-2016,14,Activo
4364,DNI,99898905,Enrique,Quispe,Laime,31-10-1959,65,M,Casado,Secundaria,Empresario,Construcción,Piura,Piura,Norte,5137.32,2186.65,128934.46,548,Premium,Agencia,4,2024/08/07,14,Inactivo
4365,DNI,61919878,Sofía,Torres,Gómez,27-10-1977,47,F,Casado,Postgrado,Empresario,Tecnología,Víctor Larco Herrera,La Libertad,Norte,3009.87,1886.31,114748.81,584,Regular,Agencia,51,28/09/2020,11,Activo
4366,DNI,44251011,Héctor,Álvarez,Gómez,1975/10/01,49,M,Soltero,Universitario ,Empleado Privado,Comercio,Santiago de Surco,lima,Lima y Callao,,2718.34,55630.54,469,Regular,Referido,52,2019/12/02,2,Inactivo
4367,DNI,88322983,César,López,Laime,1981/04/26,43,M,Divorciado,Técnico,Independiente,Servicios,Cusco,Cusco,Sur,2415.31,1439.89,101885.45,503,Regular,Agencia,33,2022/03/25,16,Activo
4368,DNI,67566376,Fernando,González,Huanca,2000-12-04,24,M,Soltero,Universitario,Empleado Público,Salud,Wanchaq,Cusco,Sur,1904.97,-1153.72,54550.8,401,Regular,Agencia,56,2020/05/12,17,Activo
4369,DNI,91085688,Valeria,Ortiz,Quispe,1978-11-01,46,F,Casado,Secundaria,Independiente,Transporte,Pisco, Ica ,Sur,850.0,398.75,9726.93,388,Regular,Agencia,18,2022-10-10,20,Activo
4370,DNI,88996842,Silvia,Morales,Vargas,1973/02/01,51,F,Viudo,Técnico,Independiente,Tecnología,Sullana,Piura,Norte,1698.77,734.62,91063.9,445,Regular,Referido,102,2016/08/02,15,Activo
4371,DNI,18705708,Pablo,Ramírez,Díaz,1967/08/13,57,M,Conviviente,Secundaria,Empleado Privado,Servicios,Lima,Lima,Lima y Callao,3736.6,1891.88,202944.34,560,Regular,Agencia,118,2015-04-06,5,Activo
4372,DNI,64200090,Patricia,Álvarez,Álvarez,1995/08/05,31,F,Conviviente,Universitario,Empleado Privado,Otro,Los Olivos,Lima,Lima y Callao,10711.09,4595.99,365949.64,468,Regular,Referido,135,2013/11/25,4,Activo
4373,DNI,1035304,Lucía  ,CUSI  ,García,1956/03/10,70,F,Casado,Técnico,Estudiante,Finanzas,Iquitos,  LoReTo,Oriente,850.0,423.21,48171.18,420,Regular,Digital,30,2021-04-11,22,Inactivo
4374,DNI,23502913,Elena,Mamani,Torres,19/06/1977,47,F,Casado,Tecnico,Empleado Privado,Otro,San Juan de Lurigancho,Lima,Lima y Callao,3460.09,2001.76,157553.2,439,Regular,Agencia,160,26-10-2011,1,Activo
4375,DNI,96215948,Roberto,Laime,González,1994/08/09,30,M,Soltero,Universitario,Independiente,Otro,Miraflores,Lima,Lima y Callao,2083.68,1101.06,115683.15,488,Regular,Telemarketing,11,2021-05-08,3,Activo
4376,DNI,60486912,Valeria,Medina,Morales,18-03-2004,20,F,Casado,Técnico,Independiente,Tecnología,Wanchaq,Cusco,Sur,4061.68,2622.38,204031.97,430,Regular,Agencia,168,2011-03-02,17,Activo
4377,CE,948292984,Ricardo,Jiménez,Torres,19/02/1998,26,M,casado,Secundaria,Empleado Público,Comercio,Chiclayo,Lambayeque,Norte,2701.88,1194.28,138239.77,483,Regular,Agencia,126,2014-08-26,12,Inactivo
4378,Pasaporte,716256266,Héctor,Morales,Díaz,1968-02-18,56,M,Divorciado,Técnico,Empleado Público,Tecnología,Sullana,Piura,Norte,2780.74,1343.15,28895.39,529,Regular,Telemarketing,47,2021-02-07,15,Activo
4379,DNI,10192370,Marco,Herrera,Condori,30-12-1984,40,M,Soltero,Técnico,Empleado Privado,Educación,Santiago de Surco,Lima  ,Lima y Callao,3570.91,2089.08,182681.49,464,Regular,Digital,163,2011/08/08,2,Activo
4380,DNI,52439435,Rosa,Herrera,  Huanca,14/10/1993,31,F,Casado,Universitario,Empleado Público,Otro,Cajamarca,Cajamarca,Norte,,1063.27,104983.94,483,Regular,Agencia,25,2022/06/20,24,Activo
4381,DNI,14918824,Enrique,  Jiménez,Cusi,1982/07/01,42,M,Soltero,Técnico,Empleado Privado,Salud,Yanahuara,Arequipa,Sur,4910.73,3169.0,103219.72,486,Regular,Agencia,88,22-09-2017,8,Inactivo
4382,CE,743210569,Ana,Medina,Álvarez,23-10-1982,42,F,Casado,Universitario,Empleado Privado,Servicios,Los olivos ,Lima,Lima y Callao,2110.46,1136.72,92610.31,510,Regular,Referido,3,2023-11-12,4,Activo
4383,DNI,84175022,Daniela,Gutiérrez,Chávez,13-11-1978,46,F,Casado,Universitario,Empleado Privado,Otro,Víctor Larco Herrera,La Libertad,Norte,4604.22,2012.99,219201.46,466,Regular,Agencia,19,2021/04/03,11,Activo
4384,DNI,7212187,Ricardo,Herrera,Díaz,1988/03/27,36,M,Casado,Universitario,Empleado Privado,Transporte,Yanahuara,Arequipa,Sur,4040.15,1755.47,154310.18,495,Regular,Agencia,42,31-01-2020,8,Activo
4385,DNI,43316820,Carlos,Ramos,Vargas,17/07/1993,31,M,Casado,Universitario,Empleado Público,Construcción,Pisco,Ica,Sur,3262.01,1967.56,59508.75,399,Regular,Referido,146,2012/12/07,20,Activo
4386,DNI,97450214,Juan,Rojas,Sánchez,1973-10-06,51,M,Casado,Secundaria,Empleado Privado,Transporte,Cayma,Arequipa,Sur,1616.21,676.31,76612.64,603,Regular,Digital,118,20-04-2015,6,Activo
4387,DNI,9254083,Rodrigo,Castro,Álvarez,2001/08/15,23,M,Soltero,Técnico,Empleado Privado,Construcción,Chiclayo,Lambayeque,Norte,4338.13,1794.61,76481.34,458,Regular,Digital,19,2023/04/22,13,Activo
4388,DNI,25853963, Rocío ,Mamani,Martínez,1987-03-06,37,F,Conviviente,Secundaria,Empleado Privado,Finanzas,Chimbote,Ancash,Centro,3006.62,1557.3,83165.12,516,Regular,Digital,48,2021/01/07,21,Inactivo
4389,DNI,52868384,Adriana,Castillo,Castillo,1993/05/08,31,F,Soltero,Postgrado,Empresario,Salud,Sullana,Piura,Norte,3222.79,1874.99,174605.25,528,Regular,Referido,68,18-05-2019,15,Activo
4390,DNI,44468717,Luis  ,Ramos,Cruz,2003-08-25,21,M,soltero,Secundaria,Empleado Privado,Otro,Piura,Piura,Norte,1788.45,805.28,48908.74,622,Regular,Campaña Institucional,135,2013/11/11,14,Inactivo
4391,DNI,9117786,Iván,García, Romero,1994-11-23,30,M,Divorciado,Universitario ,Empleado Público,Finanzas,Chiclayo,Lambayeque,Norte,3036.01,2061.79,90928.78,458,Regular,Telemarketing,53,19/08/2020,12,Activo
4392,DNI,75857040,Manuel,Medina,Vargas,20-04-1976,48,M,Casado ,Universitario,Independiente,Construcción,Pisco,Ica,Sur,3854.47,2221.93,175567.19,561,Regular,Agencia,37,2021-12-15,20,Activo
4393,Pasaporte,129540179,Elena,Martínez,Ramírez,1985/07/04,39,F,Casado,Técnico,Independiente,Finanzas,Cayma,Arequipa,Sur,9170.23,4999.11,444129.86,464,Regular,Digital,90,2017-08-08,6,Activo
4394,CE,596330037,CLAUDIA,Ortiz,Díaz,1980-05-11,44,F,Conviviente,Secundaria,Empleado Privado,Construcción,Chiclayo,Lambayeque,Norte,3268.76,1542.48,37785.43,430,Regular,Campaña Institucional,44,2021-05-05,12,Activo
4395,DNI,28704793,Gabriela,Mamani,Quispe,1986/04/04,38,F,Soltero,Universitario,Empleado Privado,Construcción,Santiago de Surco,Lima,Lima y Callao,2994.32,1512.84,52933.59,459,Regular,Referido,20,2021/03/20,2,Activo
4396,DNI,6937121,Diana,Reyes  ,Rojas,15-09-1953,71,F,Casado,Universitario,Empresario,Manufactura,Wanchaq, Cusco ,Sur,4229.83,2146.43,235063.06,603,Regular,Digital,72,2019/01/18,17,Activo
4397,DNI,49637702,Miguel,RODRÍGUEZ  ,Álvarez,1972-10-06,52,M,Casado,Secundaria,Independiente,Otro,Los Olivos,Lima,Lima y Callao,2484.46,1695.62,118805.25,455,Regular,Agencia,133,2014/01/04,4,Activo
4398,DNI,65680428,Héctor,Castillo, CHOQUE ,24-12-1992,32,M,Casado,Técnico,Independiente,Tecnología,Cayma,Arequipa,Sur,1499.86,959.96,86486.91,372,Regular,Referido,100,2016-09-21,6,Inactivo
4399,DNI,14180471,Diego,González,Quispe,1995/06/23,29,M,Casado,Técnico,Empleado Privado,Manufactura,Wanchaq,Cusco,Sur,1223.62,788.55,40001.61,539,Regular,,63,18-10-2019,17,Activo
4400,DNI,67062154,Roberto,quispe  ,Ortiz  ,1975-05-05,49,M,Soltero,Universitario,Empleado Privado,Agricultura,Pisco,Ica,Sur,4443.28,2135.43,48685.16,534,Regular,Telemarketing,135,19/11/2013,20,Inactivo
4401,DNI,84518185,César,Rojas,  Sánchez,1980/04/07,44,M,viudo,Universitario,Empleado Privado,Otro,Piura,Piura,Norte,6002.11,3494.29,123506.38,464,Regular,Agencia,33,2022/04/05,14,Activo
4402,DNI,41997653,Sandra,Pérez,Sánchez,1981/08/26,43,F,Conviviente,Universitario,Empleado Privado,Agricultura,Sullana,Piura,Norte,4169.56,1640.93,182989.22,420,Regular,Digital,136,2013-10-25,15,Activo
4403,DNI,82187406,Carmen,Castillo,Jiménez,1949/12/27,75,F,Divorciado,Técnico,Independiente,Construcción,Wanchaq,Cusco,Sur,2973.89,1691.77,90811.48,523,Regular,Referido,7,2020/07/05,17,Activo
4404,DNI,13198948,David,Herrera,Rojas,1967/11/11,57,M,Divorciado,Universitario,Empleado Privado,Salud,El Tambo,Junín,Centro,5012.03,3005.0,292812.32,517,Regular,Telemarketing,73,2018-12-07,19,Activo
4405,DNI,1399476,Adriana,Martínez,Mamani,1981/12/09,43,F,Casado,Universitario,Independiente,Transporte,Cayma,Arequipa,Sur,850.0,388.43,7603.96,455,Regular,Digital,22,2022/12/17,6,Activo
4406,DNI,13873435,Ana,Vargas,rivera,28/12/1976,48,F,Divorciado,Universitario,Empleado Público,Servicios,Tarapoto,San Martín,Oriente,2634.63,1102.57,22875.0,584,Regular,Referido,108,30/01/2016,23,Inactivo
4407,DNI,23881393,Jorge,Cruz,RAMOS,1984/05/31,40,M,Casado,Universitario,Empleado Público,Finanzas,Lima,Lima,Lima y Callao,1193.1,472.39,38699.33,560,Regular,Digital,171,27-11-2010,5,Activo
4408,DNI,93069482,Roberto,Flores,Sánchez,1965/12/21,60,M,Divorciado,Universitario,Empleado Público,Otro,Cajamarca,Cajamarca,Norte,3411.58,2107.14,179521.87,526,Regular,Agencia,72,2019/01/24,24,Activo
4409,Pasaporte,633072731,Ricardo,Chávez,Rojas,17/10/1970,54,M,Soltero,Universitario,Empleado Público,Educación,Chiclayo,Lambayeque,Norte,9073.05,4828.25,192784.56,545,Regular,Digital,78,2018-07-08,12,Inactivo
4410,DNI,5339203,Miguel,Chávez,Rojas,1998-03-03,26,M,Soltero,Postgrado,Empresario,Comercio,Cayma,Arequipa,Sur,3545.75,1790.79,75897.3,520,Regular,Digital,174,2010-09-04,6,Bloqueado
4411,DNI,18462982,Rocío,Reyes,Rojas,2002/11/09,22,F,Soltero,Secundaria,Empresario,Salud,Lima,Lima,Lima y Callao,5387.45,2884.71,124196.44,504,Regular,Agencia,142,17-04-2013,5,Activo
4412,DNI,33732025,Manuel  ,Pérez,Álvarez,1964/08/22,60,M,Soltero,Técnico,Estudiante,Finanzas,Huancayo ,Junín,Centro,1258.18,685.82,60100.38,560,Regular,Telemarketing,174,2010-08-28,18,Activo
4413,DNI,74168811,Sofía,García,Gómez,14/01/2004,20,F,Soltero,Técnico,Empleado Público,Educación,Víctor Larco Herrera,La Libertad,Norte,2541.7,1399.42,129093.85,513,Regular,Digital,175,24/07/2010,11,Activo
4414,DNI,956148,Rocío,Castillo,Herrera,1970/10/04,56,F,Viudo,Secundaria,Empleado Público,Otro,Iquitos,Loreto,Oriente,1080.17,489.58,14176.22,466,Regular,Agencia,167,2011-03-30,22,Activo
4415,DNI,93675359,Marco,Morales,Apaza,1997/05/08,27,M,Soltero,Técnico,Pensionista,Transporte,Yanahuara,Arequipa,Sur,850.0,386.5,17946.61,462,Regular,Digital,145,30/01/2013,8,Activo
4416,DNI,15583019,Roberto,Torres,Díaz,1992-09-22,32,M,Conviviente,Universitario,Independiente,Educación,Chiclayo,Lambayeque,Norte,13540.24,7547.99,692458.9,485,Premium,Agencia,2,2021-06-03,13,Activo
4417,DNI,6929512,Roberto,González,Flores,1967-04-17,57,M,Conviviente,Técnico,Empleado Privado,Otro,Miraflores,Lima,Lima y Callao,1447.47,939.63,78882.1,479,Regular,Digital,1,21/04/2021,3,Activo
4418,DNI,25311290, adriana ,González,Apaza,1981-03-08,43,F,Casado,Técnico,,Construcción,San Juan de Lurigancho,Lima,Lima y Callao,850.0,537.3,9542.34,462,Regular,Telemarketing,150,2012/09/03,1,Activo
4419,DNI,34658555,Ricardo,Sánchez,Condori,1985-07-11,39,M,Divorciado,Universitario,Empleado Privado,Construcción,San Juan de Lurigancho,Lima,Lima y Callao,,1622.76,66630.79,585,Regular,Referido,93,2017-05-05,1,Activo
4420,DNI,4512664,Marco,Sánchez,Sánchez,26/12/1978,46,M,Casado,Técnico,Empleado Privado,Tecnología,Huancayo,Junín,Centro,3729.75,2400.92,78813.88,526,Regular,Referido,110,25/11/2015,18,Activo
4421,DNI,87914881,Claudia,Mamani,Medina,1975-11-15,49,F,Casado,Universitario,Empleado Privado,Manufactura,El Tambo,Junín,Centro,2877.61,1807.25,77412.27,481,Regular,Agencia,72,2019-01-23,19,Inactivo
4422,DNI,798519,Diego,Sánchez,Ramírez,15/03/1980,44,M,Soltero,Universitario,Empleado Privado,Otro,Chiclayo,Lambayeque,Norte,5156.06,2657.46,113157.15,558,Regular,Agencia,162,2011/08/27,13,Activo
4423,DNI,75230352,Fabiola,Castro,Rivera,1985/02/21,39,F,Conviviente,Universitario,Empleado Público,Construcción,Arequipa,Arequipa,Sur,2803.53,1172.09,85949.91,493,Regular,Telemarketing,66,2019-07-25,7,Activo
4424,DNI,16824197,Pablo,Álvarez,Morales,1982-02-07,42,M,Casado,Técnico,Empleado Privado,Construcción,Cajamarca,Cajamarca,Norte,2247.84,1211.26,106332.08,477,Regular,Digital,108,2016/02/13,24,Activo
4425,DNI,64181623,Ana,Cruz,Ortiz,1966/11/03,58,F,Soltero,Universitario,Independiente,Salud,Yanahuara,Arequipa,Sur,2789.43,1384.51,26578.28,520,Regular,Agencia,49,2020-12-09,8,Activo
4426,DNI,42999063,Adriana,Medina,Cusi,2000/03/07,24,F,Divorciado,Universitario,Empleado Privado,Educación,Sullana,Piura,Norte,2107.51,1325.23,17994.19,446,Regular,Digital,41,2021-07-31,15,Activo
4427,DNI,17430171,Ángela,Cruz,Gómez,16/02/1992,32,F,Viudo,Universitario,Empleado Privado,Finanzas,  Wanchaq,Cusco,Sur,2661.22,1116.51,78705.39,449,Regular,Telemarketing,174,2010/09/10,17,Activo
4428,DNI,16492730,Andrés,González, Mamani ,1982/08/10,42,M,Casado,tecnico,Empleado Privado,Manufactura,Pisco,Ica,Sur,3026.73,1957.3,30551.28,436,Regular,Campaña Institucional,121,14/01/2015,20,Activo
4429,DNI,58900167,Cecilia,López,Flores,1987-11-18,37,F,casado,Postgrado,Independiente,Salud,Chiclayo,Lambayeque,Norte,2368.56,1450.2,91565.69,545,Regular,Agencia,168,2011-03-01,12,Activo
4430,CE,16889727,Jorge,Cruz,Cusi,1979-11-24,45,M,Soltero,Técnico,Independiente,Servicios,Cusco,Cusco,Sur,1500.58,1034.33,70973.56,512,Regular,Agencia,139,2013-07-24,16,Activo
4431,DNI,11217859,Iván,Romero,Díaz,1962-08-18,62,M,Casado,Universitario,Empresario,Servicios,El Tambo,Junín,Centro,11448.23,6325.16,325279.09,583,Premium,Agencia,174,31/08/2010,19,Activo
4432,DNI,9265064,Andrés,Reyes,Rivera,29-08-1974,50,M,Divorciado,Universitario,,Construcción,El Tambo,Junín,Centro,1253.01,592.17,32845.76,556,Regular,Telemarketing,31,2020/03/22,19,Activo
4433,DNI,41116866,Rosa,Cruz, Herrera ,1976-05-06,48,F ,Conviviente,Postgrado,Empleado Público,Finanzas,Tarapoto,San Martín,Oriente,3382.59,1727.12,194640.61,459,Regular,Campaña Institucional,144,2013-02-26,23,Activo
4434,DNI,5092277,María,Laime,Ramos,2001-03-06,23,F,Soltero,Técnico,Empresario,Educación,Cajamarca,Cajamarca,Norte,5395.57,3421.44,240545.38,489,Regular,Agencia,14,2021-11-14,24,Inactivo
4435,CE,644433584,Rodrigo,Cruz,Martínez,1990/01/05,35,M,Soltero,,Empresario,Comercio,El Tambo,Junín,Centro,8915.19,4794.3,173263.98,407,Premium,Referido,73,2018/12/11,19,Activo
4436,DNI,98110474,Enrique,Vargas,García,22-08-1989,35,M,Viudo,Universitario,,Manufactura,Miraflores,Lima,Lima y Callao,2116.51,1353.35,117625.33,386,Regular,Referido,169,2011-02-09,3,Activo
4437,DNI,18126415,Enrique,Álvarez,Mamani,16/12/1965,59,M,Soltero,Técnico,Empleado Privado,Transporte,Chiclayo,Lambayeque,Norte,1629.51,881.56,21444.55,479,Regular,Digital,161,2011/10/03,12,Inactivo
4438,DNI,83422982,Daniela,Quispe,Castro,28/03/1972,52,F,Conviviente,Universitario,Independiente,Finanzas,SANTIAGO DE SURCO,Lima,Lima y Callao,3943.19,1586.21,172758.51,444,Regular,Digital,27,2022-10-06,2,Activo
4439,DNI,27679279,Rodrigo,  RivEra,Castillo,1974-09-05,50,M,Soltero,Universitario,Empleado Público,Agricultura,Los Olivos,lima,Lima y Callao,2513.02,1377.32,38457.71,648,Regular,Agencia,50,2020/11/09,4,Activo
4440,DNI,5073144,César,Chávez,Castro,26/10/1978,46,M,Divorciado,Secundaria,Empleado Privado,Agricultura,Chimbote,Ancash,Centro,2734.54,1502.25,119119.83,447,Regular,Digital,53,2020-08-11,21,Activo
4441,CE,80736511,Lucía,Ortiz,Rojas,20-02-1991,33,F,Conviviente,Técnico,Independiente,Construcción,Chiclayo,Lambayeque,Norte,1219.06,537.76,18889.92,547,Regular,Digital,6,2024/05/14,13,Activo
4442,DNI,97901437,Ángela,Herrera,Martínez,1982-11-11,42,F,Soltero,Universitario,Empresario,Transporte,Miraflores,  LimA,Lima y Callao,8051.68,5522.86,142420.96,602,Regular,Digital,129,2014-05-11,3,Activo
4443,DNI,29880928,Rosa,Ramírez,Flores,31-05-2004,20,FEMENINO,Casado,Universitario,Empleado Privado,Construcción,Santiago de Surco,Lima,Lima y Callao,4498.97,2044.27,192478.23,462,Regular,Agencia,7,2020-05-03,2,Inactivo
4444,DNI,62613221,Iván,Jiménez,Rojas,1977/03/04,47,M,Casado,Universitario,Empleado Privado,Tecnología,Chiclayo,Lambayeque,Norte,1953.67,1016.25,87024.19,452,Regular,Agencia,157,19/01/2012,12,Activo
4445,DNI,38443665,Roberto,Sánchez,Mamani,1977-09-12,47,M,Conviviente,Universitario,Independiente,Agricultura,Trujillo,La Libertad,Norte,12847.26,4897.68,405938.34,571,Regular,Agencia,112,2015-10-16,10,Activo
4446,DNI,87233951,Alejandro,RoDrÍgUeZ,Cruz,1967/09/11,57,M,Casado,Universitario,Empresario,Tecnología,Cajamarca,Cajamarca,Norte,5692.58,3319.64,310728.67,503,Regular,Agencia,157,2012/01/28,24,Activo
4447,DNI,64258262,Sandra,González,Gómez,1992/01/22,32,F,Soltero,Universitario,Empleado Privado,Tecnología,Wanchaq,Cusco,Sur,2062.29,1325.34,73995.55,359,Regular,Agencia,29,2022-07-26,17,Activo
4448,DNI,35672152,Diana,Romero,Mamani,1991/01/10,33,FEMENINO,Soltero,Universitario,Empleado Privado,Manufactura,Santiago de Surco,Lima,Lima y Callao,2005.59,1003.81,28922.34,463,Regular,Referido,31,2022/05/30,2,Activo
4449,DNI,72770412,Diego,Vargas,Rojas,1981-12-01,43,M,Conviviente,Postgrado,Empleado Público,Construcción,Sullana,Piura,Norte,2457.78,1452.11,92891.44,508,Regular,Referido,175,2010-07-29,15,Inactivo
4450,DNI,37008251,César,Apaza,González,1989-03-11,35,M,Conviviente,Secundaria,Independiente,Servicios,Cusco,Cusco,Sur,850.0,583.22,22548.57,442,Regular,Referido,43,2021/05/26,16,Activo
4451,DNI,33623425,Cecilia,Díaz,Cruz,1994/06/04,30,F,Conviviente,Universitario,Empleado Público,Tecnología,Wanchaq,Cusco,Sur,2311.39,1410.79,44076.17,539,Regular,Digital,71,2019/02/16,17,Activo
4452,DNI,7936528,Eduardo,Romero,Castillo,1971-09-25,53,M,Casado,Universitario,Empleado Privado,Tecnología,Sullana,Piura,Norte,4505.29,2694.44,232309.64,501,Regular,Telemarketing,53,2020-08-07,15,Activo
4453,DNI,67910428,Ángela,Vargas,Martínez,1989/07/09,35,F,Divorciado,Postgrado,Independiente,Salud,Chiclayo,Lambayeque,Norte,1309.01,565.17,78156.78,392,Regular,Digital,53,17/08/2020,13,Activo
4454,DNI,35598871,Jorge,Torres,Rojas,30/10/1971,53,M,Soltero,Universitario,Independiente,Servicios,Huancayo,Junín,Centro,2235.53,976.8,21291.16,435,Regular,Digital,137,2013/09/09,18,Activo
4455,DNI,28435788,Cecilia,Ortiz,Medina,19-06-1992,32,F,Soltero,Universitario,Empleado Público,Servicios,Pisco,Ica,Sur,1378.73,648.83,37440.45,493,Regular,Agencia,65,2019/08/20,20,Activo
4456,DNI,45335665,Víctor  ,Huanca,García,1970-02-16,54,M,Viudo,Universitario,Empleado Público,Construcción,Yanahuara,Arequipa,Sur,2002.8,1314.23,96969.33,401,Regular,Digital,79,25-06-2018,8,Activo
4457,DNI,60810857,Daniela,Álvarez,Rivera,1985-06-21,39,Femenino,Viudo,Universitario,Independiente,Tecnología,Chiclayo,Lambayeque,Norte,2042.98,1128.03,77058.97,470,Regular,Agencia,38,2020/04/17,13,Activo
4458,DNI,43290765,Isabel,Condori,Díaz,1990-08-22,34,F,Casado,Técnico,Empleado Privado,Agricultura,sullana,Piura,Norte,2983.01,1704.75,154512.46,480,Regular,Referido,172,2010/11/02,15,Activo
4459,DNI,14464945,César,Gutiérrez,Laime,30-03-1983,41,M,Viudo,Universitario,Independiente,Agricultura,Santiago de Surco,Lima ,Lima y Callao,3089.4,1426.97,111042.41,464,Regular,Digital,103,2016/07/02,2,Activo
4460,DNI,12881079,Diana,Torres,Martínez,1988-06-01,36,F,Soltero,Universitario,Empleado Privado,Tecnología,Yanahuara,Arequipa,Sur,5420.97,2656.47,107606.65,515,Premium,Campaña Institucional,104,2016/06/04,8,Activo
4461,DNI,95230530,Jorge,Ramos,Sánchez,1973-05-04,51,M,Casado,Postgrado,Independiente,Manufactura,Cayma,Arequipa,Sur,-5876.52,2939.08,276326.15,537,Premium,Agencia,90,2017/07/29,6,Activo
4462,DNI,58925071,Roberto,VarGas,Ramos,1971-06-23,53,M,Soltero,Técnico,Empleado Público,Transporte,Wanchaq,Cusco,Sur,1215.36,526.09,12293.46,533,Regular,Digital,100,2016/09/19,17,Activo
4463,Pasaporte,77574093,Fernando,Herrera,Quispe,1974-03-20,52,M,Casado,Postgrado,Empleado Público,Comercio,Pisco,Ica,Sur,4034.24,-2283.54,49280.63,557,Regular,Agencia,23,2020-08-08,20,Activo
4464,DNI,38636057,Óscar,Romero,MaRtÍnEz,1990-11-02,34,M,Soltero,Universitario,Empleado Privado,Salud,Chiclayo,Lambayeque,Norte,3223.96,2001.79,49624.23,486,Regular,Digital,79,2018-07-05,13,Activo
4465,DNI,38672938,Juan,Martínez,Castillo,1977/12/11,47,MASCULINO,Casado,Postgrado,Empleado Privado,Manufactura,Cajamarca,Cajamarca,Norte,1776.23,1176.19,30076.13,513,Regular,Referido,117,2015-05-10,24,Activo
4466,CE,550563530,Cecilia,Castillo,Herrera,1985-04-10,39,F,Casado,Técnico,Independiente,Salud,Wanchaq,Cusco,Sur,2777.24,1756.93,41104.07,444,Regular,Agencia,69,2019-04-15,17,Activo
4467,DNI,17139386,Rodrigo,Romero,Díaz,1990-02-04,34,M,Soltero,Secundaria,Empleado Privado,Tecnología,Chiclayo,Lambayeque,Norte,4812.1,2741.65,234221.19,422,Regular,Campaña Institucional,74,2018-11-09,13,Activo
4468,DNI,18233294,David,Laime,Flores,25/02/1994,30,M,Casado,Universitario,Empleado Público,Agricultura,Lima,Lima,Lima y Callao,1879.09,1189.54,26526.75,446,Regular,Campaña Institucional,134,2013-12-27,5,Activo
4469,DNI,4119050,Paola,Choque,Castillo,14/11/1993,31,F,Casado,Técnico,,Construcción,Tarapoto,San Martín,Oriente,2017.28,1258.43,27235.75,407,Regular,Agencia,117,30/04/2015,23,Activo
4470,DNI,78680888,Fabiola,Castro,Álvarez,1995/04/04,29,F,Conviviente,Secundaria,Pensionista,Manufactura,Piura,Piura,Norte,2148.33,1277.37,82171.43,493,Regular,Telemarketing,64,2019-09-05,14,Inactivo
4471,DNI,63747626,Daniela,Flores,Rivera,1991/09/11,33,F,Casado,Universitario,Empleado Público,Comercio,Cajamarca,Cajamarca,Norte,2324.26,1001.74,54157.64,525,Regular,Referido,42,2020-05-09,24,Activo
4472,DNI,27008780,Rocío,Huanca,Díaz,24-05-1971,53,F,Conviviente,Técnico,Empleado Privado,Agricultura,Los Olivos,Lima,Lima y Callao,2895.62,1454.3,96911.37,558,regular,Agencia,63,18/10/2019,4,Inactivo
4473,DNI,2914672,Paola,Sánchez,Álvarez,2004-10-02,20,F,Casado,Secundaria,Empleado Público,Tecnología,Cusco,Cusco,Sur,1152.45,539.04,66558.41,481,Regular,Digital,87,30-10-2017,16,Activo
4474,DNI,52098114,Diego,Ramírez,Gómez,28/09/1979,45,m,Casado,Secundaria,Empleado Público,Otro,Santiago de Surco,Lima,Lima y Callao,1498.54,973.08,58409.7,524,regular ,Agencia,140,2013/06/07,2,Activo
4475,DNI,81828310,Rocío,Romero,Pérez,1990/12/10,34,F,Casado,Secundaria,Empresario,Manufactura,Cajamarca,Cajamarca,Norte,4563.26,1901.43,186682.88,556,Regular,Digital,167,31-03-2011,24,Activo
4476,DNI,33019287,María,Morales,Vargas,1972/05/12,52,F,Casado,secundaria ,Empleado Privado,Servicios,Iquitos,Loreto,Oriente,1861.21,816.37,20954.38,443,Regular,Agencia,128,2014-06-13,22,Activo
4477,DNI,93645885,Luis,Medina,Díaz,29/12/1987,37,M,Casado,Secundaria,Independiente,Agricultura,Wanchaq,Cusco,Sur,-2202.07,1219.63,102315.14,443,Regular,Referido,109,2016-01-12,17,Activo
4478,DNI,98263035,Rocío,Álvarez,Sánchez,23-01-1970,54,FEMENINO,Casado,Universitario,Independiente,Agricultura,El TamBo ,Junín,Centro,3244.36,1856.25,160042.05,529,Regular,Referido,40,31-08-2021,19,Inactivo
4479,DNI,5886156,Patricia,Cruz,Castro,19/11/1998,26,F,Casado,Universitario,Empresario,Manufactura,El Tambo,Junín,Centro,10154.28,5139.35,189413.99,344,Premium,Digital,116,2015/06/01,19,Activo
4480,DNI,69930771,Andrés,Huanca,Mamani,1972/07/24,52,M,Soltero,Secundaria,Empresario,Construcción,Tarapoto,San Martín,Oriente,10808.63,7109.79,547440.92,515,Premium,Digital,165,2011-05-22,23,Activo
4481,CE,770155900,Óscar,Ramírez,Gutiérrez,1967-08-18,57,M,Casado,Secundaria,Empleado Público,Salud,Arequipa,Arequipa,Sur,2291.31,1341.13,121465.18,533,Regular,Digital,124,20-10-2014,7,Activo
4482,DNI,80964927,Enrique,Choque,Sánchez,1978/06/03,46,M,Conviviente,Técnico,Empleado Público,Construcción,Tarapoto,San Martín,Oriente,7777.35,4610.63,386618.89,598,regular,Referido,180,19-02-2010,23,Activo
4483,CE,794673316,Pablo,López,Laime  ,1962-08-03,64,M,Casado,Secundaria,Independiente,Finanzas,Cayma,Arequipa,Sur,1305.53,751.86,28682.09,505,Regular,Campaña Institucional,55,2020-06-25,6,Activo
4484,DNI,83789526,Sofía,Rojas,Álvarez,1992/11/11,32,F,Soltero,Secundaria,Empresario,Otro,Piura,Piura,Norte,8681.71,3941.82,402720.25,513,Premium,Referido,39,2020-09-18,14,Activo
4485,DNI,72395174,Eduardo,Herrera,Gómez,1996/01/14,28,M,Soltero,Secundaria,Empleado Público,Tecnología,Chiclayo,Lambayeque,Norte,1948.51,898.9,54275.73,439,Regular,Agencia,100,2016-09-20,13,Inactivo
4486,DNI,89265495,Manuel,Castro,Quispe,14/02/1981,43,M,Conviviente,Secundaria,Empresario,Finanzas,Los Olivos,Lima,Lima y Callao,3451.59,1542.56,79085.33,512,Regular,Digital,108,2016-01-31,4,Activo
4487,DNI,33619134,SaNdRa,Gómez ,Rodríguez,1964/01/27,62,F,Casado,Secundaria,Empleado Privado,Finanzas,Los Olivos,Lima,Lima y Callao,2962.89,-1190.44,163344.69,480,REGULAR,Campaña Institucional,1,2020/05/09,4,Activo
4488,DNI,52877638,Fernando,Díaz,Cusi,14-04-1980,44,M,Soltero,Técnico,Empleado Privado,Comercio,Miraflores,Lima,Lima y Callao,4097.44,2009.65,44180.65,433,Regular,Digital,142,2013/04/09,3,Activo
4489,DNI,6046793,Cecilia,García,Sánchez,1979-09-18,45,F,Soltero,Postgrado,Empleado Privado,Educación,Miraflores,Lima,Lima y Callao,5629.25,2888.01,201989.65,530,Premium,Digital,161,2011-10-03,3,Activo
4490,DNI,7282551,José,Sánchez,Rodríguez,1982-07-24,42,M,Soltero,Universitario,Empleado Privado,Comercio,Cajamarca,Cajamarca,Norte,3922.0,2571.01,106416.09,515,Regular,Referido,51,2020-10-15,24,Activo
4491,CE,533971902,Adriana,Morales,Díaz,1973-02-28,51,F,Conviviente,Universitario,Independiente,Construcción,Yanahuara,Arequipa,Sur,850.0,429.98,11818.78,412,Regular,Referido,26,2021/03/27,8,Activo
4492,Pasaporte,863864999,Eduardo, Cusi,Ortiz,1970/02/19,54,M,Divorciado,Técnico,Empleado Público,Construcción,Arequipa,Arequipa ,Sur,-1260.66,503.96,37834.68,545,Regular,Agencia,1,14-04-2020,7,Activo
4493,DNI,94420692,Diana,Choque,Sánchez,29/04/1987,37,f,Casado,Técnico,Empleado Público,Transporte,Pisco,  Ica,Sur,1362.94,816.7,69458.34,517,Regular,Agencia,27,16-09-2022,20,Activo
4494,DNI,90442209,David,Medina,Mamani,1980-01-27,44,M,Casado,Técnico,Empleado Privado,Tecnología,Piura,Piura,Norte,8305.7,3842.35,463644.9,468,Regular,Agencia,176,2010/07/03,14,Activo
4495,DNI,51645465,María,Díaz,Reyes,1965/12/13,59,F,Conviviente,Técnico,Empleado Público,Finanzas,Cajamarca,Cajamarca,Norte,2742.44,1137.44,95573.87,497,Regular,Referido,11,2023-03-15,24,Activo
4496,DNI,17353777,Pablo,Rodríguez,Reyes,1973-05-21,51,M,DIVORCIADO,Universitario,Independiente,Construcción,San Juan de Lurigancho,Lima,Lima y Callao,3701.39,1650.68,162121.41,505,Regular,Agencia,46,2021-03-11,1,Activo
4497,DNI,7543870,Enrique,Condori,Vargas,1979/08/02,45,M,Casado,Universitario,Estudiante,Otro,San Juan de Lurigancho,Lima,Lima y Callao,850.0,406.39,34061.85,443,REGULAR,Agencia,76,2018-10-02,1,Activo
4498,DNI,38371327,Luis,Laime,Cusi,1974-01-04,51,M,Casado,Postgrado,Empleado Privado,Otro,Iquitos,Loreto,Oriente,2720.24,1230.67,53462.16,497,Regular,Agencia,162,2011-08-17,22,Inactivo
4499,DNI,58230860,Fernando,Martínez,Ramos,1979/03/08,45,M,Casado,Postgrado,,Construcción,Pisco,Ica,Sur,850.0,341.74,7758.1,410,Regular,Digital,29,2021-05-16,20,Activo
4500,DNI,72865590,Paola,Gómez,González,1967-08-20,57,F,Soltero,Técnico,Empresario,Educación,Chimbote,Ancash,Centro,6869.37,3007.39,230765.04,528,Regular,Referido,37,2020/11/14,21,Activo
4501,DNI,28645518,Manuel,Álvarez,Condori,30-07-1977,47,M,Casado,Secundaria,,Otro,Tarapoto,San Martín,Oriente,2407.36,1346.46,125944.09,557,Regular,Agencia,134,2013/12/10,23,Activo
4502,DNI,55541398,Iván,Flores,Pérez,1984/01/22,42,M,Soltero,Secundaria,Independiente,Educación,Miraflores,Lima,Lima y Callao,4029.64,2338.74,163549.33,574,Regular,Agencia,16,25-08-2023,3,Activo
4503,DNI,7343327,César,Ramos,Ramírez  ,1972-09-07,52,mas,Casado,Universitario,Empleado Público,Construcción,Lima,Lima,Lima y Callao,2128.81,1425.55,92122.09,460,Regular,Agencia,33,20/03/2022,5,Activo
4504,DNI,17922803,Juan  ,Apaza,Quispe,1962/07/05,62,M,Casado,Secundaria,Independiente,Agricultura,Trujillo,La Libertad,Norte,2273.69,1190.05,136145.29,488,Regular,Agencia,173,2010-09-23,10,Activo
4505,DNI,77564346,César,Vargas,quispe,27-08-2003,21,M,Casado,Secundaria,Empleado Privado,Construcción,Piura,Piura,Norte,2836.86,1832.34,139159.53,465,Regular,Agencia,129,2014-05-16,14,Activo
4506,DNI,4274998,Rodrigo,Castro,Cusi,27-08-2001,23,M,Casado,Técnico,Empleado Público,Manufactura,Chiclayo ,Lambayeque,Norte,2165.45,1374.59,102885.28,451,Regular,Referido,6,2020-10-07,13,Activo
4507,CE,324203667,María,Ortiz,Martínez,1950/09/02,74,F,Soltero,Universitario,Independiente,Comercio,Iquitos,Loreto,Oriente,1944.97,965.48,20342.3,489,Regular,Agencia,124,18-10-2014,22,Inactivo
4508,DNI,13416427, Andrés ,Mamani,Castro,1993/10/09,31,M,Soltero,Universitario,Independiente,Otro,Cusco,Cusco,Sur,5229.08,3158.01,292840.32,456,Regular,Digital,115,30-06-2015,16,Activo
4509,DNI,17482768,Roberto,Cusi,Ortiz,1991/08/12,33,M,Divorciado,Universitario,Empleado Privado,Comercio,Iquitos,Loreto,Oriente,,1598.09,136479.38,401,Regular,Agencia,157,2012/01/27,22,Activo
4510,DNI,85166342,Patricia,García,Flores,13/10/1975,49,F,Casado,Técnico,Empleado Privado,Finanzas,Pisco,Ica,Sur,7308.99,2785.52,259232.59,539,Regular,Referido,85,2017-12-25,20,Activo
4511,DNI,24320931,Carlos,Castillo,Gómez,1975-04-18,49,M,Casado,Universitario,Empleado Público,Manufactura,La Esperanza,La Libertad,Norte,3146.94,1972.31,38473.45,613,Regular,Digital,99,27/10/2016,9,Activo
4512,CE,319102654,Jorge,Flores,Huanca,29-04-1964,62,M,Soltero,Técnico,Empleado Público,Salud,Yanahuara,Arequipa,Sur,2782.65,1168.84,109701.95,579,Regular,Telemarketing,171,14-12-2010,8,Inactivo
4513,DNI,42640088,Pablo,Ortiz,Mamani,1993-10-25,31,M,Divorciado,Universitario,Independiente,Finanzas,Yanahuara,Arequipa,Sur,3680.79,1798.79,76801.82,418,Regular,Agencia,143,14-03-2013,8,Activo
4514,DNI,31062130,Paola,Herrera,Gómez,27/07/1987,37,f,Conviviente,,Empleado Público,Otro,Arequipa,Arequipa,Sur,850.0,529.89,46839.44,519,Regular,Referido,136,2013/10/09,7,Activo
4515,DNI,63527764,Óscar,García,Álvarez,1990-09-13,34,M,SOLTERO,Técnico,Independiente,Finanzas,Los Olivos,Lima,Lima y Callao,4768.42,2974.35,211910.99,501,Regular,Campaña Institucional,170,2010-12-22,4,Activo
4516,DNI,35736105,Carmen,Cruz,Ramírez,1969/03/12,55,F,Divorciado,Universitario,Independiente,Tecnología,Cusco,Cusco,Sur,1199.79,797.3,66787.22,562,Regular,Referido,87,17-10-2017,16,Inactivo
4517,DNI,58512990,Pablo,Apaza,Ramos,14-08-1957,67,M,Casado,Secundaria,Empleado Privado,Servicios,Iquitos,Loreto,Oriente,4964.22,2026.42,183448.1,563,Regular,Agencia,142,26-04-2013,22,Activo
4518,DNI,83499566,Víctor,Rivera,Choque,1970-04-18,56,M,Conviviente,Técnico,Empleado Público,Salud,Víctor Larco Herrera ,La Libertad,Norte,1736.56,1044.46,19185.59,551,Regular,Agencia,97,2017-01-07,11,Activo
4519,DNI,78343483,Silvia,Vargas,Condori,2001-12-20,23,F,Casado,Técnico,Independiente,Agricultura,Chiclayo,Lambayeque,Norte,1490.17,657.69,43972.95,360,Regular,Referido,164,2011-06-14,12,Activo
4520,DNI,43137420, Ricardo ,Romero,Sánchez,15-10-1991,33,M,Soltero,Universitario,Empleado Privado,Otro,Trujillo,La Libertad,Norte,3658.81,2198.01,173150.35,504,Regular,Referido,178,2010-05-08,10,Activo
4521,DNI,13213191,Rodrigo,Martínez,Condori,26-01-1982,42,M,Viudo,Universitario,Independiente,Salud,Yanahuara,Arequipa,Sur,,1531.98,128468.82,384,Regular,Agencia,138,24/08/2013,8,Activo
4522,CE,896859421,Víctor,Rojas,Flores,15/04/1987,37,M,Casado,Postgrado,Empleado Público,Construcción,Los Olivos,Lima,Lima y Callao,1545.86,1066.68,53002.71,462,Regular,Digital,179,23-03-2010,4,Activo
4523,DNI,10784669,Miguel,Reyes,Vargas,1975/03/08,49,M,Casado,Técnico,Empleado Privado,Servicios,Cajamarca,Cajamarca,Norte,1950.63,1283.58,73018.83,464,Regular,Telemarketing,42,2021/05/10,24,Activo
4524,CE,413973177,Lucía,Reyes,Rivera,27-04-2004,20,Femenino,Soltero,Técnico,Empleado Privado,Educación,Cusco,Cusco,Sur,2049.0,1144.32,30252.49,394,Regular,Agencia,145,2013/01/18,16,Activo
4525,DNI,35400621,Héctor,Condori,Vargas,1982/04/07,42,M,Casado,Universitario,Empleado Privado,Agricultura,Cayma,Arequipa,Sur,1770.35,1048.22,24615.54,492,Regular,Referido,159,14/11/2011,6,Activo
4526,DNI,16385731,Carlos,Medina,Rodríguez,1984/05/04,40,M,Casado,Técnico,Empresario,Tecnología,Chimbote,Ancash,Centro,15404.97,9661.31,168644.74,558,VIP,Referido,91,28-06-2017,21,Activo
4527,DNI,38526353,Miguel,Gutiérrez,Jiménez,17/12/2004,20,M,Soltero,Técnico,Empleado Público,Transporte,Arequipa,Arequipa,Sur,1060.2,672.96,63062.31,475,Regular,Digital,115,30-06-2015,7,Activo
4528,DNI,46800369,Adriana,Torres,Romero,23/09/1994,30,F ,Conviviente,Técnico,Pensionista,Agricultura,Tarapoto,  San Martín,Oriente,850.0,331.78,6976.53,540,Regular,Referido,160,2011-10-18,23,Activo
4529,DNI,4347465,José,Huanca,Rojas,1974/02/27,50,M,Casado,Postgrado,Independiente,Manufactura,Miraflores,Lima,Lima y Callao,3561.77,1739.04,132478.43,468,Regular,Agencia,150,2012/08/29,3,Activo
4530,DNI,24898545,Luis,Gómez,Choque,1977-02-08,47,Masculino,Casado,Técnico,Pensionista,Finanzas,La Esperanza,La Libertad,Norte,850.0,433.73,10053.41,503,Regular,Digital,151,20-07-2012,9,Activo
4531,DNI,19775556,Manuel,Morales,Choque,26/04/1994,30,M,Divorciado,Universitario,Empleado Privado,Finanzas,San Juan de Lurigancho,Lima,Lima y Callao,5526.57,3460.9,146730.2,389,Premium,Agencia,139,19/07/2013,1,Activo
4532,DNI,51971718,Carlos,García,Herrera,26-03-1968,56,M,Conviviente,Secundaria,Empleado Privado,Servicios,Santiago de Surco,Lima,Lima y Callao,3212.33,1519.46,76738.63,483,Regular,Agencia,93,29-04-2017,2,Activo
4533,DNI,85402772,Miguel,Herrera,ramírez,1980-05-07,44,M,Soltero,Técnico,Empleado Público,Finanzas,Santiago de Surco,Lima,Lima y Callao,2872.29,1590.89,168394.76,586,Regular,,44,2021/05/17,2,Activo
4534,DNI,86538636,Jorge,Sánchez,Choque,1979-12-06,45,M,Soltero,Universitario,Pensionista,Finanzas,Trujillo,La Libertad,Norte,850.0,534.35,32978.82,492,Regular,Agencia,8,2020-02-27,10,Inactivo
4535,DNI,24221315,Silvia,Castro,Mamani,20-11-1961,63,F,Casado,Universitario,Pensionista,Finanzas,  ChIcLaYo, Lambayeque ,Norte,2082.23,803.71,84207.05,564,Regular,,71,2019-02-16,13,Activo
4536,DNI,8997533,Alejandra,Jiménez,García,1973-09-03,51,F,Conviviente,Técnico,Independiente,Tecnología,Trujillo,La Libertad,Norte,4064.56,1690.82,119739.72,568,Regular,Telemarketing,38,2020/01/12,10,Activo
4537,DNI,54704080,Ricardo,Rivera,Rivera,1988-08-10,36,M,Casado,Universitario,Independiente,Construcción,Sullana,Piura,Norte,862.13,341.71,9967.01,479,Regular,Referido,149,29/09/2012,15,Activo
4538,DNI,44507849,Mónica,Castro,Gutiérrez,1992-06-16,32,F,Viudo,Secundaria,Empleado Privado,Finanzas,Pisco,Ica,Sur,1553.39,991.44,83478.88,431,Regular,Digital,150,16/08/2012,20,Activo
4539,DNI,68623812,José, PéReZ ,Ramírez,1953/11/30,71,M,Casado,Técnico,Empleado Privado,Agricultura,Wanchaq,Cusco,Sur,3718.79,1485.72,181600.63,537,Regular,Agencia,55,2020-06-02,17,Inactivo
4540,DNI,79045464,Lucía,Gutiérrez,Torres,20-08-1997,27,F,Viudo,Técnico,,Manufactura,Piura,Piura,Norte,,1174.79,22520.92,438,Regular,Digital,155,21-03-2012,14,Activo
4541,DNI,14612446,Carmen,Rojas,Huanca,1965/08/24,59,F,Casado,Secundaria,Empleado Público,Educación,Chiclayo,Lambayeque,Norte,2722.6,1773.32,44831.66,566,Regular,Digital,139,21-07-2013,13,Activo
4542,DNI,43397480,Rosa,Díaz,Castillo,24/10/1974,50,F,Casado,Universitario,Independiente,Salud,Chiclayo,Lambayeque,Norte,1634.98,822.84,39273.08,574,Regular,Digital,157,2012-02-05,12,Activo
4543,DNI,29687729,Víctor,González,Condori,23/08/1990,34,M,Soltero,Universitario,Independiente,Tecnología,Miraflores,Lima,Lima y Callao,5862.49,2649.73,296185.88,507,Regular,Campaña Institucional,126,2014-08-08,3,Activo
4544,DNI,32234926,Mónica,Medina,Flores,14/05/2004,20,F,Viudo,Postgrado,Empleado Público,Manufactura,Cajamarca,Cajamarca,Norte,1303.7,835.65,36907.03,374,Regular,Agencia,6,26/04/2023,24,Activo
4545,DNI,40887647,Iván,Condori,Cruz,1969/11/03,55,M,Soltero,tecnico,Empleado Privado,Transporte,Víctor Larco Herrera,La Libertad,Norte,3090.39,2129.93,126981.05,386,Regular,Digital,98,2016/11/18,11,Activo
4546,DNI,71381118,Sandra,López,López,1978/06/03,46,F,Soltero,Postgrado,Independiente,Otro,Víctor Larco Herrera,La Libertad,Norte,1649.66,945.66,84926.34,410,Regular,Agencia,144,2013-02-09,11,Activo
4547,DNI,67250739,AndRés,Martínez,Condori,1962/11/21,62,M,Soltero,Universitario,Pensionista,Manufactura,Los Olivos,Lima,Lima y Callao,1259.51,627.86,26543.03,496,REGULAR,,54,24/07/2020,4,Inactivo
4548,DNI,33692249,Daniela, CaStRo,Flores,1987/09/26,37,F,Divorciado,Técnico,,Construcción,Tarapoto,San Martín,Oriente,2225.88,1443.66,75571.4,428,Regular,Digital,124,2014/10/04,23,Activo
4549,DNI,36228093,Carlos,Torres,Apaza,1967/04/12,57,M,Casado,Postgrado,Empleado Privado,Agricultura,La Esperanza,La Libertad,Norte,2502.83,1669.09,52279.81,511,Regular,Agencia,94,2017-04-07,9,Activo
4550,DNI,89265623,Ángela,Huanca,Rivera,2004-07-02,20,Femenino,Soltero,Técnico,Empleado Privado,Finanzas,La Esperanza, LA LIBERTAD ,Norte,1227.97,695.37,58828.0,485,Regular,Agencia,61,21/12/2019,9,Activo
4551,DNI,21495129,Manuel,López,Ortiz,1978/12/01,46,M,Conviviente,Universitario,Empleado Privado,Otro,Huancayo,  Junín,Centro,7051.73,2884.88,64613.12,576,Regular,Agencia,73,2018/12/10,18,Activo
4552,DNI,26550934,ÓsCaR,Torres,Condori,18-06-1985,39,M,Casado,Universitario,Empleado Privado,Salud,Chimbote  ,Ancash,Centro,-3526.2,1806.87,30025.09,468,Regular,Campaña Institucional,173,2010-09-27,21,Activo
4553,DNI,12161060,Diego,López,Huanca,14-02-1958,66,M,Casado,Técnico,Empleado Privado,Tecnología,Trujillo,La Libertad,Norte,5979.25,2561.58,235627.08,531,Regular,Digital,168,2011/03/06,10,Activo
4554,DNI,5970881,Gabriela,García,Medina,1980-03-24,44,F,Soltero,Universitario,Empresario,Educación,Huancayo,Junín,Centro,13855.48,8789.35,222983.8,565,VIP,Agencia,21,2021-02-25,18,Activo
4555,DNI,883993,Jorge,Romero,Castro,1964/12/12,60,M,Conviviente,Universitario,Empleado Privado,Otro,Iquitos,Loreto,Oriente,1080.84,635.25,57020.64,537,Regular,Telemarketing,133,2014/01/13,22,Activo
4556,DNI,3225648,Lucía,Laime,Flores,1989-09-30,35,F,Conviviente,Técnico,Empleado Privado,Tecnología,Yanahuara, arequipa,Sur,6491.11,4079.73,119127.76,570,Regular,Agencia,134,2013/12/03,8,Activo
4557,CE,775752515,José,Chávez,Martínez,25/06/1982,42,M,Casado,Universitario,Independiente,Servicios,San Juan de Lurigancho,Lima,Lima y Callao,6832.39,2871.92,144625.54,594,Premium,Digital,91,2017/07/01,1,Activo
4558,DNI,24627181,Rocío,Sánchez,García,1982-05-08,42,F,Viudo,Secundaria,Empleado Privado,Otro,Pisco,Ica,Sur,9803.11,5068.5,174214.89,500,Premium,Telemarketing,20,14-02-2020,20,Activo
4559,DNI,70288977,Luis,Quispe,Rodríguez,1985-05-09,39,Masculino,Casado,Técnico,Independiente,Otro,Tarapoto,San Martín,Oriente,4178.09,2589.9,172271.9,467,Regular,Digital,59,2019/12/07,23,Activo
4560,DNI,35324384,Andrés,Castro,Huanca ,31/07/1981,43,M,Casado,Secundaria,Independiente,Educación,Trujillo,La Libertad,Norte,6302.11,3682.48,171841.59,498,Premium,Telemarketing,87,2017/11/08,10,Activo
4561,DNI,23679082,Ángela,Morales,Laime,2003-07-12,21,F,Soltero,Secundaria,Empleado Privado,Construcción,Cayma,Arequipa,Sur,2878.07,1875.33,52639.02,418,Regular,Digital,163,2011-08-03,6,Activo
4562,CE,66381778,Marco,Medina,Flores,29/05/1972,52,M,Soltero,Universitario,Empleado Público,Manufactura,Iquitos,Loreto,Oriente,,1299.93,162904.68,604,Regular,Referido,78,2018-07-30,22,Inactivo
4563,DNI,32562928,David,González,Condori,1972/02/21,52,M,Casado,Secundaria,Independiente,Otro,Iquitos,Loreto,Oriente,5381.29,2195.77,194571.83,471,REGULAR,Digital,157,2012-01-27,22,Activo
4564,DNI,32099807,Carlos  ,Cruz,Chávez,1973/03/14,51,M,Soltero,Técnico,Empleado Privado,Tecnología,El Tambo,Junín,Centro,8141.03,5163.81,299595.28,474,Regular,Digital,32,2021/06/28,19,Bloqueado
4565,DNI,76094742,Silvia,Álvarez,Castro,1962/01/05,63,F,Soltero,Secundaria,Empleado Público,Transporte,Tarapoto,San Martín,Oriente,1963.3,1253.03,32229.66,487,Regular,Agencia,8,2022-03-14,23,Inactivo
4566,DNI,52142785,Claudia,Laime,Medina,1971-01-06,55,F,Soltero,secundaria,Pensionista,Finanzas,Víctor Larco Herrera,La Libertad,Norte,1426.99,825.05,46669.62,540,Regular,Agencia,40,25-08-2021,11,Activo
4567,DNI,32438004,Ana,Huanca,Rivera,22/04/1994,30,F,Casado,Secundaria,Pensionista,Transporte,Lima,Lima,Lima y Callao,1133.42,459.75,22633.47,429,Regular,Digital,129,2014/05/01,5,Activo
4568,DNI,13246765,Iván,Álvarez,Torres,2000-05-23,24,M,Casado,Universitario,Pensionista,Salud,Santiago de Surco,Lima,Lima y Callao,850.0,580.24,38069.78,416,Regular,Digital,72,2019-01-25,2,Activo
4569,DNI,14112478,Valeria,Ortiz,Jiménez,25/02/1976,48,F,Casado,Universitario,Empleado Privado,Finanzas,Lima,Lima,Lima y Callao,5297.8,2893.93,167702.64,421,Regular,Agencia,85,31-12-2017,5,Activo
4570,DNI,40635087,Rodrigo,Reyes,Mamani,17-04-1978,46,M,Casado,Universitario,Empleado Privado,Tecnología,Los Olivos,Lima,Lima y Callao,1629.44,768.88,71135.52,526,Regular,Digital,24,31/12/2022,4,Activo
4571,DNI,33930936,Víctor,Jiménez,Cruz,1990-02-22,34,M,Casado,Secundaria,Empleado Privado,Tecnología,Chimbote,Ancash,Centro,1581.78,771.53,52799.74,518,Regular,Telemarketing,81,2018/04/08,21,Activo
4572,DNI,69162730,Lucía,Ramos,Rodríguez,1990/10/03,34,F,CASADO,Universitario,Empleado Público,Construcción,Chimbote,Ancash,Centro,1746.87,1057.4,90454.26,372,Regular,Digital,171,25/11/2010,21,Activo
4573,DNI,19411236,Elena,Rojas,Huanca,1971/12/13,53,F,Soltero,Universitario,Pensionista,Manufactura,Yanahuara,Arequipa,Sur,1576.39,777.13,48983.58,502,Regular,Campaña Institucional,34,28/09/2021,8,Activo
4574,CE,390296514,Juan,  Álvarez,Flores,2001-08-25,23,M,Casado,Postgrado,Empresario,Manufactura,Tarapoto,San Martín,Oriente,10144.59,6203.98,442887.98,458,Premium,Digital,89,2017/09/02,23,Activo
4575,DNI,48264524,José,Laime,Jiménez,17-04-1988,36,M,Conviviente,Universitario,Empleado Público,Transporte,Cajamarca,Cajamarca,Norte,5078.57,2994.76,100733.14,465,Regular,Campaña Institucional,57,2020/04/06,24,Activo
4576,CE,270982380,Paola,Reyes,Mamani,28/03/1974,50,F,Casado,Técnico,Empleado Privado,Transporte,Pisco,Ica,Sur,4001.3,2111.77,237623.06,524,Regular,Digital,87,2017-11-06,20,Activo
4577,DNI,26515058,Paola,Herrera,Quispe,19-06-1979,45,F,Casado,Técnico,Empresario,Comercio,Piura,Piura,Norte,7352.49,4692.88,101706.31,537,Regular,Digital,172,2010-10-19,14,Activo
4578,DNI,42772214,César,Sánchez,Sánchez,21-08-1983,41,Masculino,Soltero,Universitario,Empleado Público,Otro,Piura,Piura,Norte,3832.98,2578.74,112744.22,436,Regular,Agencia,133,2014-01-02,14,Activo
4579,DNI,28999814,Andrés,pérez,Medina,1970-10-16,54,M,Casado ,Universitario,Empleado Público,Finanzas,Lima,Lima,Lima y Callao,3198.5,1688.81,42768.37,565,Regular,Agencia,149,2012/09/11,5,Activo
4580,CE,69626855,María,Chávez,Torres,28-05-1969,55,F,Soltero,Universitario,Empleado Público,Agricultura,Miraflores,LimA,Lima y Callao,2233.62,1380.71,30296.68,424,Regular,Agencia,115,21/07/2015,3,Activo
4581,DNI,54878646,Diana,Castro,Huanca,1983-10-18,41,F,Casado,Universitario,Empresario,Servicios,Lima,Lima,Lima y Callao,3140.59,2003.1,153205.71,467,Regular,Digital,24,2021-07-12,5,Activo
4582,DNI,54707598,Pablo,Rojas, ChoQue,1994/08/15,32,M,Soltero,Postgrado,Independiente,Transporte,Cajamarca,cajamarca,Norte,1479.88,777.47,80311.41,430,Regular,Digital,95,2017-03-01,24,Activo
4583,DNI,43086693,Héctor,Rivera,Castillo,19/03/2004,20,M,Soltero,Técnico,Pensionista,Construcción,Chimbote,Ancash,Centro,1155.46,561.26,17991.01,574,Regular,Digital,23,2022-05-02,21,Activo
4584,DNI,15814745,Daniela,Sánchez,Choque,27-01-1975,49,F,Viudo,Técnico,Empleado Público,Agricultura,Huancayo,Junín,Centro,2048.76,898.11,119367.58,514,Regular,Agencia,108,21/01/2016,18,Activo
4585,DNI,16313113,Fernando,Sánchez,Martínez,22-11-1988,36,M,Casado,Universitario,Independiente,Educación,Cajamarca,Cajamarca,Norte,2370.83,1643.47,20464.64,476,Regular,Digital,29,2022-02-24,24,Bloqueado
4586,DNI,63326620,Enrique,Cruz,Cruz,1993/02/04,31,M,Casado,Técnico,Empleado Privado,Construcción,Yanahuara,Arequipa,Sur,6056.7,2413.44,96329.85,396,Regular,Agencia,147,2012/11/22,8,Activo
4587,DNI,91686612,Mónica,Castillo,Pérez,24-07-1974,50,F,Casado,Universitario,Empresario,Otro,Santiago de Surco,Lima,Lima y Callao,5725.07,3749.33,228990.96,630,Premium,Referido,108,2016-01-28,2,Activo
4588,Pasaporte,251497463,José,Flores,Condori,1978/03/07,46,M,Divorciado ,Universitario,Independiente,Transporte,La Esperanza,La LibErtAd,Norte,1867.6,1274.01,66079.83,479,Regular,Agencia,9,2021/06/15,9,Activo
4589,DNI,7117633,Andrés,Ramírez,Herrera,1982/10/08,42,M,Casado,Universitario,Empresario,Servicios,San Juan de Lurigancho,Lima,Lima y Callao,2889.43,1700.89,74353.06,466,Regular,Digital,131,2014-03-13,1,Activo
4590,DNI,30019836,Andrés,Chávez,Mamani,23-10-2004,20,M,Soltero,Postgrado,Empleado Público,Educación,Víctor Larco Herrera,La Libertad,Norte,1215.58,807.08,21136.75,477,Regular,Referido,133,17/01/2014,11,Inactivo
4591,DNI,94938232,Víctor,Ramos,Herrera,1979-07-17,45,M,CASADO,Técnico,Independiente,Servicios,Miraflores,Lima,Lima y Callao,850.0,434.06,32158.35,481,Regular,Agencia,119,2015-03-02,3,Activo
4592,DNI,81109090,Eduardo,Mamani,Torres,1976-05-09,48,M,Divorciado,Técnico,Empleado Privado,Manufactura,Miraflores,Lima,Lima y Callao,2744.86,1308.56,84723.31,462,Regular,Digital,149,2012/09/11,3,Inactivo
4593,DNI,33676117,Elena,Romero,Cusi,27/05/1987,37,F,Casado,Técnico,Empleado Privado,Educación,Sullana,Piura,Norte,2091.2,1257.49,86797.88,444,regular ,Referido,74,2018/11/18,15,Activo
4594,DNI,83758754,Enrique,Sánchez,Jiménez,1980/05/15,44,M,Soltero,Postgrado,Empleado Privado,Servicios,Lima,Lima,Lima y Callao,9167.04,5847.57,320657.41,463,Premium,Telemarketing,12,2021/08/07,5,Activo
4595,DNI,85136362,Diego,Morales,Ramos,14/01/1986,38,M,Soltero,Técnico,Empleado Público,Educación,Tarapoto,San Martín,Oriente,2004.27,1377.61,47546.44,463,Regular,Campaña Institucional,136,2013-10-20,23,Activo
4596,Pasaporte,794403336,Diego,Mamani,Díaz,1969/08/06,55,M,Conviviente,SECUNDARIA,Estudiante,Educación,Chiclayo,Lambayeque,Norte,850.0,417.32,25434.59,474,Regular,Agencia,146,28-12-2012,13,Activo
4597,DNI,29701033,Mónica,González,López,1973/09/21,51,FEMENINO,Conviviente,Universitario,Empleado Privado,Finanzas,Miraflores,Lima,Lima y Callao,2626.48,1156.48,143747.85,456,Regular,Agencia,154,2012-05-08,3,Activo
4598,DNI,81959851,Pablo,González,García,1977/12/03,47,M,Casado,Técnico,Empleado Público,Salud,Lima,Lima,Lima y Callao,3147.0,1311.98,139066.2,528,Regular,Referido,40,2019/12/15,5,Activo
4599,DNI,32377683,Marco,Laime,Castillo,1992-11-13,32,M,Conviviente,Universitario,Empleado Privado,Tecnología,Pisco,Ica,Sur,3307.04,2050.27,122834.46,452,Regular,Digital,137,2013-09-03,20,Activo
4600,DNI,72696774,Óscar,Gutiérrez,Medina,14-11-1974,50,M,Casado,Técnico,Independiente,Tecnología,Chimbote,Ancash,Centro,6985.63,2701.02,319455.85,365,Premium,Campaña Institucional,138,2013-08-03,21,Activo
4601,Pasaporte,952336997,María, Morales,Reyes,1981/07/18,43,F,Conviviente,Secundaria,Empleado Público,Agricultura,Arequipa,Arequipa,Sur,1061.82,722.55,22407.29,640,Regular,Agencia,114,2015-07-28,7,Inactivo
4602,DNI,46220561,Valeria,Huanca,Pérez,1988-05-02,36,F,Casado,Universitario,Pensionista,Otro,  ChIcLaYo,Lambayeque,Norte,1348.19,576.12,39704.27,474,Regular,Telemarketing,158,2012/01/06,13,Activo
4603,CE,110264317,Paola,Herrera,Flores,1992/09/17,32,F,Casado,Técnico,Independiente,Otro,Iquitos,Loreto,Oriente,1130.34,450.34,22709.58,557,Regular,Digital,159,2011/12/04,22,Activo
4604,DNI,252074,Patricia, GÓMEZ ,Rivera,1971/03/11,53,F,Viudo,Universitario,Independiente,Educación,Iquitos,Loreto,Oriente,9848.16,6792.29,526786.29,522,Regular,Agencia,137,2013/09/09,22,Activo
4605,DNI,97388052,Isabel,Rojas,Apaza,1979-09-03,45,F,Casado,Técnico,Empleado Privado,Comercio,Arequipa,Arequipa,Sur,2548.77,1735.54,73072.9,476,Regular,,114,30/07/2015,7,Activo
4606,DNI,23238877,Pablo,Cusi,Medina,1995/07/31,29,M,Casado,Universitario,Empleado Privado,Manufactura,Iquitos,Loreto,Oriente,2677.97,1551.65,159482.16,425,Regular,Digital,178,2010-05-10,22,Activo
4607,Pasaporte,159316493,Alejandro,Ramírez,González,1977/09/25,47,M,Divorciado,Universitario,Empleado Privado,Tecnología,Sullana,Piura,Norte,3218.51,1597.67,80736.6,512,Regular,Agencia,2,2021-07-14,15,Activo
4608,DNI,19693810,Ángela,Rodríguez,Apaza,1962/02/27,62,F,Conviviente,Secundaria,Independiente,Construcción,Cusco,Cusco,Sur,2615.38,1209.52,30294.2,556,Regular,Agencia,48,2020/05/10,16,Activo
4609,DNI,72179825,Manuel,Cruz,Mamani,1958/03/15,66,M,Conviviente,Postgrado,Empleado Privado,Transporte,Sullana,Piura,Norte,6469.48,4139.91,240148.73,586,Regular,Telemarketing,133,2014/01/20,15,Activo
4610,DNI,35746536,Diana,Cusi,Pérez,1986-08-03,38,F,Conviviente,Universitario,Empresario,Construcción,Santiago de Surco,Lima,Lima y Callao,6383.69,3656.22,261481.15,437,Premium,Referido,31,2022/05/25,2,Activo
4611,DNI,88930599,Claudia,Laime,Martínez,1977/07/05,47,F,Casado,TECNICO,Empleado Privado,Transporte,  Trujillo,La Libertad,Norte,3391.06,2009.41,116387.0,498,Regular,Referido,117,2015-05-23,10,Activo
4612,DNI,315078,Roberto,Condori,Rojas,1970-02-06,54,M,Conviviente,Secundaria,Independiente,Transporte,Santiago de Surco,Lima,Lima y Callao,1092.32,703.74,53883.08,593,Regular,Agencia,44,2021-05-10,2,Activo
4613,DNI,14277810,Gabriela,Torres,Reyes,1972-12-04,52,F,Casado,Postgrado,Independiente,Tecnología,SanTiaGo De SurCo  ,Lima,Lima y Callao,2387.66,1117.42,102073.68,494,Regular,Telemarketing,52,2020-09-19,2,Activo
4614,DNI,32454541,Pablo,Cusi,Reyes,22/11/1977,47,M,Casado,Postgrado,Empleado Privado,Servicios,Iquitos,Loreto,Oriente,6323.91,3511.7,363309.68,508,Premium,Agencia,68,2019/05/12,22,Activo
4615,DNI,89359985,Manuel,Ramos,Gómez,1981-10-08,43,M,Soltero,Universitario,Empleado Público,Salud,Yanahuara,Arequipa,Sur,2141.54,1088.27,78179.42,606,REGULAR,Digital,37,2021/12/01,8,Activo
4616,DNI,73595084,Jorge,Rojas,Vargas,1987-05-15,37,mas,Casado,Universitario,Independiente,Manufactura,Cajamarca,Cajamarca,Norte,2197.81,1186.58,126140.75,560,Regular,Telemarketing,27,26/09/2021,24,Activo
4617,DNI,34629791,Víctor,Rojas,Martínez,14/11/1981,43,M,Casado,Universitario,Estudiante,Agricultura,Chiclayo,Lambayeque,Norte,1023.07,489.05,8456.13,436,Regular,Agencia,97,30-12-2016,13,Activo
4618,DNI,91617861,Diego,Romero,Choque,1985-04-04,39,M,Soltero,Universitario,Empresario,Finanzas,Tarapoto, San Martín,Oriente,13659.07,9199.9,615298.31,488,Premium,Agencia,1,2020/03/04,23,Activo
4619,DNI,40801748,Roberto,Díaz,Apaza,1984-12-07,40,M,Viudo,Universitario,Empresario,Manufactura,Santiago de Surco,Lima,Lima y Callao,6589.49,2787.04,395244.75,458,Regular,Digital,68,2019/05/28,2,Activo
4620,DNI,4637475,Miguel,Cruz,Ramírez,1987-05-20,37,M,Soltero,Universitario,Independiente,Transporte,Santiago de Surco,Lima,Lima y Callao,2427.75,1409.44,85192.45,482,Regular,Digital,127,21/07/2014,2,Inactivo
4621,DNI,41949563,Eduardo,López,Pérez,1967/07/09,57,M,Divorciado,Postgrado,Empleado Privado,Comercio,Tarapoto,San Martín,Oriente,6855.78,3406.76,401848.87,472,Regular,Digital,49,2020-11-28,23,Activo
4622,DNI,85147621,Rodrigo,Choque,Rojas,1981/02/05,43,M,Soltero,Universitario,Empleado Privado,Educación,Miraflores,Lima,Lima y Callao,4020.49,2374.92,80507.27,575,Regular,Digital,119,27-02-2015,3,Bloqueado
4623,DNI,60304821,Cecilia,Sánchez,Álvarez,17/06/1974,50,F,Divorciado,Secundaria,Empleado Privado,Educación,Arequipa,Arequipa,Sur,3493.94,2280.41,137144.59,538,Regular,Referido,16,2023-08-17,7,Activo
4624,DNI,6032099,Elena,Pérez,Cusi,1974/03/26,50,F,Soltero,Técnico,Empleado Privado,Construcción,Cusco,Cusco,Sur,1899.74,1007.21,82709.8,509,Regular,Agencia,91,2017/06/15,16,Activo
4625,DNI,82286441,Eduardo,Medina,Martínez,1965-01-30,59,M,Soltero,Secundaria,Independiente,Manufactura,Víctor Larco Herrera,La Libertad,Norte,2276.7,1537.48,46127.22,520,Regular,Digital,91,2017/06/13,11,Activo
4626,CE,606438093,Pablo,Castro,Laime,1985/07/23,39,M,Viudo,,Independiente,Agricultura,Huancayo,Junín ,Centro,850.0,329.39,19397.76,481,Regular,Agencia,79,2018-06-16,18,Activo
4627,DNI,95625894,Carlos,García,Cruz,1979/12/31,45,M,Soltero,Técnico,Empleado Público,Transporte,Trujillo,La Libertad,Norte,1758.06,-673.58,19673.72,447,Regular,Referido,13,2020/05/05,10,Activo
4628,DNI,44485900,Juan,Herrera,Jiménez,1993/03/01,31,M,Casado,Técnico,Independiente,Otro,Wanchaq,Cusco,Sur,3649.73,2110.19,44791.12,582,Regular,Agencia,92,2017/06/04,17,Activo
4629,DNI,7405225,Carmen,álvarez,Castro,1967/01/10,58,F,Casado,Secundaria,Independiente,Finanzas,Los Olivos,Lima,Lima y Callao,1020.3,553.24,13503.11,556,Regular,Agencia,77,2018-08-27,4,Bloqueado
4630,DNI,55827532,María,Rodríguez,Reyes,1990-02-07,34,F,Divorciado,Universitario,Independiente,Manufactura,El Tambo,  JUNÍN,Centro,1457.36,708.74,72303.67,448,Regular,Referido,155,30-03-2012,19,Activo
4631,DNI,84163596,Lucía,Quispe,Vargas,1974-11-14,50,F,Casado,Universitario,Pensionista,Educación,Iquitos,Loreto,Oriente,1631.13,1004.55,97634.19,492,Regular,Agencia,61,2019/12/15,22,Activo
4632,DNI,74837768,Carmen,Martínez,Flores,1983-11-01,41,F,Viudo,Secundaria,Independiente,Construcción,Sullana,Piura,Norte,3203.08,1481.02,168956.81,519,Regular,Telemarketing,158,2012-01-02,15,Activo
4633,DNI,82235167,Luis,Romero,Cruz,1968-08-04,56,M,Conviviente,Universitario,Empleado Público,Construcción,Santiago de Surco,Lima,Lima y Callao,,769.81,71547.31,527,Regular,Agencia,133,2014/01/02,2,Inactivo
4634,DNI,71833528,Ricardo,Ramos,Huanca,29-07-1995,29,M,Soltero ,Universitario,Empresario,Educación,Cajamarca,Cajamarca,Norte,5015.28,2868.46,244696.67,481,Regular,Digital,155,24/03/2012,24,Activo
4635,DNI,24220392,Víctor,Romero,García,28-06-1983,41,M,Conviviente,Secundaria,Empleado Público,Otro,Sullana,Piura,Norte,1520.79,995.57,74287.09,422,Regular,Agencia,154,2012-04-12,15,Activo
4636,DNI,9650040,Carmen,Torres,Mamani,2004/06/15,20,F,Soltero,Técnico,Empresario,Transporte,Cayma,Arequipa,Sur,4418.07,2044.15,107737.95,455,Regular,Digital,127,15-07-2014,6,Activo
4637,DNI,14241303,Manuel,Romero,Apaza,1991-11-04,33,M ,Casado,Técnico,Empleado Privado,Manufactura,Miraflores,Lima,Lima y Callao,,2403.47,73823.24,432,Premium,Referido,40,2021/08/27,3,Activo
4638,DNI,11972631,Juan,Romero ,Castillo,18/08/1965,59,M,Casado,Secundaria,Empleado Privado,Salud,Víctor Larco Herrera,La Libertad,Norte,7241.29,4423.85,98686.05,415,Regular,Telemarketing,89,20-08-2017,11,Activo
4639,DNI,2613867,Ángela,Jiménez,Torres,1981/02/26,43,F,Conviviente,Postgrado,Empresario,Construcción,Wanchaq,Cusco,Sur,4546.98,2572.48,153457.87,353,Regular,Telemarketing,105,2016/05/11,17,Activo
4640,DNI,74034763,Sandra,Torres,Choque,24-05-2000,24,F,Soltero,Técnico,Empresario,Transporte,Chiclayo,Lambayeque,Norte,7886.02,4917.44,75961.46,602,Regular,Referido,15,2023/02/05,12,Inactivo
4641,DNI,5270008,Diana,Reyes,Reyes,22-09-1972,52,F,Casado,Técnico,Empleado Privado,Agricultura,San Juan de Lurigancho,LiMa,Lima y Callao,3602.31,1870.39,105532.86,504,Regular,Agencia,59,2020/01/05,1,Activo
4642,DNI,68911059,Silvia,Gutiérrez,Apaza,20-04-1962,62,F,Viudo,Secundaria,Empleado Privado,Salud,El Tambo,Junín,Centro,9601.61,5394.35,515161.25,496,Premium,Digital,28,23/08/2022,19,Activo
4643,DNI,75584859,Pablo,Gómez,Condori,2004-04-15,20,m,Conviviente,Universitario,Empleado Privado,Servicios,Huancayo,Junín,Centro,850.0,447.05,18969.17,524,Regular,Agencia,55,2020-06-25,18,Activo
4644,DNI,72235891,Rodrigo,Gómez,Herrera,1983-11-09,41,M,Soltero,Secundaria,Independiente,Construcción,Tarapoto,San Martín,Oriente,2631.09,1274.56,87889.1,388,Regular,Referido,154,2012/04/11,23,Activo
4645,DNI,3390046,Carmen,González,Ramírez,1992/12/27,32,F,Divorciado,Técnico,Empleado Privado,Salud,Tarapoto,San Martín,Oriente,2270.98,1020.28,29016.07,483,Regular,Digital,119,2015-03-04,23,Activo
4646,DNI,63975998,Marco,Rojas,Ramos,1988-01-05,37,M,Soltero,secundaria,Empleado Privado,Otro,Sullana,Piura,Norte,1631.43,963.26,85660.88,435,Regular,Agencia,45,18/02/2020,15,Bloqueado
4647,DNI,45912021,Alejandra,Martínez,Apaza,1968-01-30,56,F,Soltero,Postgrado,Empleado Privado,Agricultura,Chimbote,Ancash,Centro,3560.6,1365.77,86990.51,544,Regular,Digital,124,2014/10/11,21,Bloqueado
4648,DNI,8441686,Rodrigo,Cusi,Huanca,28-07-1993,31,M,Soltero,Universitario,Independiente,Agricultura,El Tambo,Junín,Centro,850.0,443.5,39193.8,439,Regular,Campaña Institucional,43,16/06/2021,19,Activo
4649,DNI,46737567,Roberto,Laime,González,28/07/1993,31,M,Casado,Universitario,Empleado Público,Salud,Wanchaq,Cusco,Sur,2224.04,1207.94,33314.55,671,Regular,Campaña Institucional,156,2012/02/09,17,Activo
4650,DNI,32722317,Jorge,Gutiérrez,Medina,1974-10-10,50,M,Casado,Universitario,Empleado Privado,Servicios,Huancayo,Junín,Centro,11864.53,5776.19,385782.67,550,Premium,Agencia,54,22/07/2020,18,Activo
4651,DNI,9639764,EnrIquE,Romero,Castro,1990-03-21,34,M,Soltero,Universitario,Independiente,Otro,Miraflores,Lima,Lima y Callao,2794.78,1917.18,65757.43,574,Regular,Digital,123,2014/11/24,3,Activo
4652,DNI,18723896,Pablo,Quispe,González,1961-09-17,63,M,Casado,Universitario,Independiente,Otro,Santiago de Surco,Lima,Lima y Callao,1806.94,710.45,92793.0,527,Regular,Digital,37,2021/12/04,2,Activo
4653,DNI,16680964,Lucía,Rodríguez,Álvarez,2000/08/01,24,F,Viudo,Universitario,Empleado Privado,Comercio,Huancayo,Junín,Centro,3715.32,2347.81,183029.62,548,Regular,Telemarketing,14,26-01-2020,18,Inactivo
4654,Pasaporte,83470804,Adriana,Reyes,Flores,26-10-1982,42,F,Divorciado,Universitario,Empleado Privado,Educación,Cayma,Arequipa,Sur,2040.19,1148.57,64265.01,506,Regular,Telemarketing,116,25-05-2015,6,Activo
4655,DNI,11023103,Gabriela,Morales,Chávez,1977/10/11,47,F,Casado,Universitario,Empleado Privado,Comercio,Cajamarca,Cajamarca,Norte,3078.63,1881.63,31629.6,506,Regular,Digital,99,28/10/2016,24,Activo
4656,DNI,22082579,Luis,Díaz,Castro,18/08/1985,39,M,Soltero,Secundaria,Independiente,Construcción,Cajamarca,Cajamarca,Norte,4576.4,2073.1,216029.98,528,Regular,Digital,98,2016/11/16,24,Activo
4657,DNI,78485612,Carmen,Ramírez,Rojas,1994-05-01,30,F,Casado,Universitario,Independiente,Finanzas,Yanahuara,Arequipa,Sur,1044.99,685.98,43074.3,453,Regular,Digital,104,2016/06/12,8,Activo
4658,DNI,38992146,Juan,Castro,Castro,1974/10/08,50,M,Conviviente,Secundaria,Empleado Privado,Servicios,Los Olivos,Lima,Lima y Callao,3253.08,1606.17,55298.93,466,Regular,Digital,30,30-12-2021,4,Activo
4659,DNI,43231201,Sandra,Chávez,Rivera,1979-02-10,45,F,Soltero,Universitario,Empresario,Manufactura,Santiago de Surco,Lima,Lima y Callao,4810.11,2177.61,120219.33,565,Regular,Agencia,110,16/12/2015,2,Activo
4660,DNI,62825154,David,Romero,Gutiérrez,1980/01/04,45,M,Soltero,Técnico,Empleado Privado,Educación,Los Olivos,Lima,Lima y Callao,-2488.22,1196.46,83507.88,505,Regular,Agencia,76,2018-09-12,4,Activo
4661,DNI,84799062,Rodrigo,Jiménez,Sánchez,1967/06/23,57,M,Casado,universitario,Empleado Privado,Agricultura,Cusco,Cusco,Sur,-2385.83,1373.85,101936.27,532,Regular,Agencia,107,2016/03/04,16,Activo
4662,DNI,7028836,María,González,Condori,1983-08-20,41,F,Soltero,Universitario,Pensionista,Educación,Cayma,Arequipa,Sur,1233.58,736.3,44153.49,447,Regular,Telemarketing,66,2019-07-27,6,Activo
4663,DNI,45162510,Andrés,Ortiz,Vargas,1982-01-02,43,M,Soltero,Secundaria,Independiente,Salud,CajAmaRca,Cajamarca,Norte,5102.63,2159.02,95173.7,443,PREMIUM,Campaña Institucional,138,2013-08-29,24,Activo
4664,DNI,21520009,Marco,garcía,Rivera,15/10/1998,26,M,Conviviente,Universitario,Empleado Privado,Educación,Wanchaq,Cusco,Sur,1312.32,541.74,14685.31,397,Regular,Agencia,28,2022-09-10,17,Activo
4665,DNI,77672710,Eduardo,Medina,Apaza,1975-10-04,49,M,Casado,TECNICO,Empleado Privado,Tecnología,Cajamarca,Cajamarca,Norte,1485.09,973.91,51557.23,480,Regular,Agencia,154,23-04-2012,24,Activo
4666,DNI,93774542,Mónica,González,Medina,1975-04-19,49,F,Divorciado ,Universitario,Empleado Público,Otro,Cayma,Arequipa,Sur,2624.97,1780.36,137027.64,497,Regular,Telemarketing,12,2023/12/22,6,Activo
4667,DNI,8224109,Silvia, VARGAS ,Condori,1980/05/25,44,F,Conviviente,Secundaria,Empleado Público,Servicios,Cajamarca,Cajamarca,Norte,2235.87,1135.68,79924.17,498,Regular,,152,2012-07-04,24,Activo
4668,DNI,27409408,Adriana,Martínez,López,1985/07/22,39,F,Casado,Secundaria,Independiente,Salud,Iquitos,Loreto,Oriente,10897.6,5719.38,595221.59,544,Premium,Referido,143,2013-03-08,22,Activo
4669,DNI,96467826,Fabiola,Rodríguez,Choque,1953-04-06,71,F,casado ,Técnico,Independiente,Salud,Piura,Piura,Norte,2008.65,1119.42,52730.12,509,Regular,Referido,104,15-06-2016,14,Inactivo
4670,CE,433741572,Miguel,Romero,Ortiz,1998/07/23,26,M,Casado,Secundaria,Empleado Público,Educación,Chiclayo,Lambayeque,Norte,1341.37,752.28,58809.01,586,Regular,Agencia,129,2014-05-10,12,Activo
4671,CE,938827963,Alejandro,Romero,Medina,1989/10/04,35,M,Soltero,Secundaria,Empresario,Construcción,Lima,LiMa,Lima y Callao,17181.16,11383.07,807099.32,458,VIP,Agencia,71,2019-02-16,5,Activo
4672,DNI,94683397,Marco,Gómez,Ortiz,23-02-1995,29,M,Divorciado,Secundaria,Empleado Público,Servicios,Chimbote,Ancash,Centro,1659.58,962.44,48139.23,483,Regular,Agencia,151,2012-07-10,21,Activo
4673,DNI,10855540,Iván,Choque,Pérez,1971/06/08,53,M,Conviviente,Universitario,Empleado Público,Salud,Trujillo,La Libertad,Norte,2737.61,1586.18,34606.39,502,Regular,Agencia,117,24-04-2015,10,Inactivo
4674,DNI,16276226,Rocío,Castro,Quispe,1984/03/03,40,F,Casado ,Postgrado,Empleado Privado,Finanzas,Yanahuara,Arequipa,Sur,2391.53,1062.65,141199.28,434,Regular,Digital,168,17/02/2011,8,Inactivo
4675,DNI,41043392,Pablo,Álvarez,Pérez,1993/04/25,31,M,Casado,Universitario,Independiente,Construcción,Iquitos,Loreto,Oriente,4389.61,2976.12,88806.25,374,Regular,Agencia,24,2020/01/25,22,Activo
4676,DNI,60052493,Paola,García,  LaImE,1964/01/04,61,F,CASADO,Técnico,Empleado Privado,Comercio,Chiclayo,Lambayeque,Norte,2744.82,1650.54,100803.82,473,Regular,Digital,167,2011-04-07,13,Activo
4677,DNI,55732790,David  ,Apaza,Castro,19-10-1974,50,M,Casado,Técnico,Independiente,Salud,Yanahuara,Arequipa,Sur,6995.21,2886.31,343077.45,570,Regular,Agencia,43,2021/06/17,8,Activo
4678,DNI,80710159,Isabel,Ramírez,Gómez,1976-09-28,48,F,Casado,Universitario,Empleado Privado,Finanzas,Pisco,Ica,Sur,5127.49,-2016.26,285851.0,407,Regular,Digital,94,2017-04-11,20,Inactivo
4679,DNI,95946064,Ana,Reyes,Quispe,1989/10/20,35,F,Conviviente,Universitario,Empleado Privado,Manufactura,San Juan de Lurigancho ,Lima,Lima y Callao,1710.28,1002.35,77783.24,543,Regular,Telemarketing,133,2014/01/02,1,Inactivo
4680,DNI,69719849,Silvia,Castillo,Castillo,1987-10-20,37,F,Soltero,Técnico,Empleado Privado,Agricultura,Cayma,Arequipa,Sur,4182.13,2087.48,209782.12,513,Regular,Campaña Institucional,113,2015/09/06,6,Activo
4681,DNI,4461556,Fernando,Rojas,Cusi,1993-04-26,31,M,Soltero,Universitario,Empresario,Construcción,El Tambo,Junín,Centro,3697.09,-2564.1,149126.36,565,Regular,Digital,177,2010/06/06,19,Activo
4682,DNI,46127505,Alejandro,SÁNCHEZ, jiménez ,1992-10-19,32,M,Soltero,Universitario,Empleado Público,Educación,Wanchaq,Cusco,Sur,2050.12,1152.01,61748.54,449,Regular,Telemarketing,71,2019/02/16,17,Activo
4683,DNI,28077212,Mónica,Torres,Rivera,1986/10/05,38,F,Soltero,Universitario,Empleado Privado,Salud,Piura,Piura,Norte,2699.0,1092.11,155004.46,439,Regular,Digital,93,2017-05-11,14,Activo
4684,DNI,24617469,Marco,Flores,Castro,1994/05/27,30,M,Conviviente,Universitario,Independiente,Salud,Los Olivos,Lima,Lima y Callao,2590.4,1455.57,112735.26,423,Regular,Agencia,56,2020/05/06,4,Activo
4685,DNI,85141292,Enrique,Castillo,Castro,15/03/1992,32,M,Casado,Postgrado,Empleado Público,Educación,Trujillo,La Libertad,Norte,1339.55,545.52,61157.54,486,Regular,Agencia,102,2016/08/11,10,Activo
4686,DNI,86423591,Víctor,Jiménez,Cusi,25/05/1971,53,M,Soltero,Técnico,Independiente,Salud,Chiclayo,Lambayeque,Norte,7252.5,2865.77,426394.84,474,Premium,Digital,164,2011-07-12,12,Inactivo
4687,DNI,96934453,Marco,Ramírez,Quispe,16/03/1957,67,M,Casado,Secundaria,Empresario,Comercio,Víctor Larco Herrera,La Libertad,Norte,3733.53,1682.91,122757.2,597,Regular,Agencia,122,2014-12-16,11,Activo
4688,DNI,34229642,MIGUEL  ,Castillo,Jiménez,13-11-1991,33,M,Casado,Secundaria,,Educación,Víctor Larco Herrera,La Libertad,Norte,1387.84,632.29,16475.35,451,Regular,Agencia,89,30/08/2017,11,Activo
4689,DNI,95428758,Andrés,García,Romero,31/08/1983,41,M,Soltero,Universitario,Empleado Privado,Manufactura,Cayma,Arequipa,Sur,3777.7,1872.51,120770.85,525,Regular,Referido,58,2020-03-11,6,Activo
4690,CE,210653903,Diana,Chávez,Flores,13/02/1994,30,F,Casado,Técnico,Empleado Privado,Finanzas,San Juan de Lurigancho,Lima,Lima y Callao,1578.69,1103.29,70465.21,417,Regular,Agencia,64,2019-09-26,1,Activo
4691,DNI,93516750,Ricardo,Cusi,Chávez,16/08/1984,40,M,Soltero,Postgrado,Empleado Público,Transporte,Tarapoto,San Martín,Oriente,1910.57,1130.15,101843.14,451,Regular,Telemarketing,81,27-04-2018,23,Inactivo
4692,DNI,38892500,Pablo,Gutiérrez,Choque,22/05/1979,45,M,Casado,Universitario,Empleado Privado,Agricultura,Trujillo,La Libertad,Norte,9029.44,4208.07,174742.14,477,Regular,Digital,155,2012/04/03,10,Activo
4693,DNI,50416269,Héctor,Gutiérrez,Castillo,1988/02/11,36,M,Soltero,Secundaria,Empresario,Transporte,  Santiago de Surco,Lima,Lima y Callao,7659.98,4157.49,291621.98,478,Premium,,110,2015-12-05,2,Activo
4694,CE,312042628,Claudia,González,Jiménez,1975/01/09,50,F,Casado,Universitario,Pensionista,Manufactura,Tarapoto,San Martín,Oriente,850.0,450.58,34638.87,597,Regular,Digital,178,26-04-2010,23,Bloqueado
4695,DNI,2405162,Enrique,Gutiérrez,Álvarez,1978-03-07,46,M,Casado,Universitario,Empresario,Construcción,Cayma,Arequipa,Sur,4073.78,1725.59,50285.17,484,Regular,Digital,17,2023/07/24,6,Activo
4696,DNI,28790231,Fernando,Ramírez,Choque,1989/11/08,35,M,soltero,Universitario,Independiente,Transporte,La Esperanza,La Libertad,Norte,5772.87,3882.46,295341.0,414,Regular,Agencia,101,2016/09/01,9,Activo
4697,DNI,29831235,Enrique,Medina,Herrera,1991/05/12,33,M,Divorciado,Universitario,Independiente,Transporte,Chiclayo,Lambayeque,Norte,1466.61,570.85,29934.13,471,Regular,Agencia,41,2021/08/02,13,Activo
4698,DNI,85997358,Adriana,González,González,13-03-1986,38,F,Casado,Postgrado,Empleado Público,Otro,Cusco,Cusco,Sur,1126.9,599.64,28869.95,477,Regular,Agencia,82,2018/03/21,16,Activo
4699,DNI,53572257,Miguel,Castro,Mamani,1984/11/04,40,M,Divorciado,Postgrado,Independiente,Manufactura,Yanahuara,Arequipa,Sur,1479.64,981.6,64795.9,1200,Regular,Agencia,159,2011-12-02,8,Activo
4700,DNI,79757601,Diana,Condori,Rodríguez,17/07/1971,53,F,Soltero,Secundaria,Empleado Privado,Tecnología,La Esperanza,La Libertad,Norte,2967.09,1287.33,123831.94,518,Regular,Agencia,25,2020-10-04,9,Inactivo
4701,DNI,14370912,Manuel,Chávez,Medina,2004/02/15,20,M,Casado,Universitario,Empleado Privado,Transporte,Lima,Lima,Lima y Callao,1922.95,920.25,111196.99,-5,Regular,Agencia,17,2023-07-15,5,Activo
4702,CE,157815260,Héctor,Pérez,  HuAnCa,1988/06/12,36,m,Viudo,Técnico,Empleado Privado,Finanzas,Miraflores,Lima,Lima y Callao,1880.58,953.71,45238.25,603,Regular,Agencia,68,16-05-2019,3,Activo
4703,DNI,14778146,Rosa,Martínez,Romero,1961-03-03,63,F,Divorciado,Universitario,Independiente,Comercio,Pisco,Ica,Sur,3749.68,1768.04,103372.18,580,Regular,Agencia,94,21-03-2017,20,Activo
4704,DNI,77482125,Daniela,Rivera,Pérez,2004-05-03,20,F,Casado,Secundaria,Independiente,Construcción,Arequipa,Arequipa,Sur,1119.77,762.42,45875.1,426,Regular,Agencia,40,2020/01/11,7,Activo
4705,DNI,98067924,Héctor,Sánchez,Quispe,1985-08-05,39,M,Divorciado,Secundaria,Independiente,Educación,Sullana,Piura,Norte,1617.34,826.54,56487.46,341,Regular,Digital,135,2013-11-19,15,Activo
4706,DNI,59790638,Jorge,Morales,Laime,1978/12/04,46,M,Divorciado,Universitario,Empresario,Servicios,Santiago de Surco,Lima,Lima y Callao,8188.89,3557.5,487727.62,613,Regular,Digital,160,2011-10-26,2,Activo
4707,DNI,82368831,Carmen,Torres ,Laime,20/04/1992,32,F,Soltero,Universitario,Independiente,Otro,Cayma,Arequipa,Sur,1172.15,518.77,67285.22,322,Regular,Referido,78,13-07-2018,6,Activo
4708,DNI,48689683,Claudia,Flores,García,1986-08-26,38,F,Conviviente,Universitario,Empleado Privado,Construcción,Arequipa,Arequipa,Sur,4334.11,2986.32,150884.37,452,Regular,Digital,77,2018-08-26,7,Activo
4709,DNI,34223893,Paola,Torres,Díaz,1957-09-06,67,F,Casado,Técnico,Empresario,Comercio,Wanchaq,Cusco,Sur,5848.7,3260.07,286224.84,549,Premium,Agencia,76,2018-09-26,17,Activo
4710,DNI,73146825,Enrique,Rivera,MEDINA,1999-12-10,25,M,Casado,Universitario,Empleado Privado,Educación,Miraflores,Lima,Lima y Callao,2864.73,1425.01,47610.89,354,Regular,Agencia,105,2016-05-01,3,Activo
4711,DNI,8158939,Fernando,Quispe,Chávez,1974-07-16,50,M,Soltero,Secundaria,Empleado Privado,Finanzas,Los Olivos,Lima,Lima y Callao,4339.62,1733.7,175598.37,578,Regular,Agencia,72,2019/01/17,4,Activo
4712,DNI,92791600,Carmen,Romero, Rivera ,1995-08-06,29,F,Casado,Técnico,Empleado Privado,Comercio,Cajamarca,Cajamarca,Norte,2782.46,1178.05,40833.88,500,Regular,Referido,63,2019/10/18,24,Activo
4713,DNI,29010596,Mónica,Cruz,López,1977/10/12,47,F,Casado,Universitario,Empleado Privado,Salud,Víctor Larco Herrera,La Libertad,Norte,1917.96,1199.92,104955.52,362,Regular,Digital,169,2011-02-12,11,Activo
4714,DNI,77032951,Andrés,Gómez,Laime,28/11/1978,46,M,Casado,Secundaria,Empleado Público,Salud, Cayma,Arequipa,Sur,2045.38,1233.54,38761.56,481,Regular,Referido,37,2021-11-22,6,Activo
4715,DNI,63237391,Alejandra,Jiménez,Laime,1973/07/09,51,F,Soltero,Universitario,Empleado Público,Educación,Yanahuara,Arequipa,Sur,2213.83,842.15,78264.43,448,Regular,Agencia,44,18/05/2021,8,Activo
4716,DNI,44444523,Paola,Rivera,Medina,30-09-2004,20,F,Casado,Universitario,Empresario,Agricultura,Piura, Piura,Norte,2427.92,1012.14,26874.77,606,Regular,Campaña Institucional,129,25/05/2014,14,Activo
4717,DNI,44092301,Iván,Huanca,Torres,1974/11/02,50,M,Divorciado,Universitario,Empleado Privado,Otro,CHICLAYO ,Lambayeque,Norte,3319.72,1376.46,169363.86,491,Regular,Referido,109,2016/01/07,12,Inactivo
4718,DNI,77045865,Óscar,Reyes,Martínez,18-12-1985,39,M,Casado,Universitario,Empleado Público,Agricultura,Iquitos,Loreto,Oriente,3289.13,1553.81,76888.63,478,Regular,Digital,117,24-04-2015,22,Inactivo
4719,DNI,84748349,Pablo,Rodríguez,Reyes,1977-01-09,48,M,Soltero,Universitario,Empleado Privado,Salud,Arequipa,Arequipa,Sur,2501.7,1694.52,31353.1,603,Regular,Agencia,53,16-08-2020,7,Activo
4720,DNI,84157183,Gabriela,Laime,Gómez,1974/06/05,50,F,Soltero,Técnico,Independiente,Servicios,Santiago de Surco,Lima ,Lima y Callao,5914.83,2457.7,346644.36,474,Premium,Agencia,135,2013-11-11,2,Activo
4721,DNI,66768409,Rocío,Cusi,Gómez,29-04-1970,54,F,Soltero,Secundaria,,Otro,Piura,Piura,Norte,5187.22,3273.67,79595.82,537,Regular,Referido,171,2010-11-17,14,Activo
4722,DNI,50209054,Miguel,Condori,Reyes,1963-09-04,61,M,Soltero,Técnico,Pensionista,Comercio,Arequipa,Arequipa,Sur,850.0,405.41,33987.2,522,Regular,Digital,42,2021-07-09,7,Inactivo
4723,DNI,6203273,Miguel,Ramírez,Romero,1977-04-28,47,M,Soltero,Técnico,Empleado Privado,Agricultura,Cayma,Arequipa,Sur,3834.02,2617.52,199586.7,473,Regular,Referido,132,2014/02/24,6,Activo
4724,DNI,40720515,Fabiola,Martínez,Díaz,1957/03/24,67,F,Casado,Técnico,Empleado Privado,Servicios,Cayma,Arequipa,Sur,1773.07,739.82,74936.58,999,Regular,Telemarketing,148,20-10-2012,6,Activo
4725,DNI,83086899,Fabiola,Ortiz,Chávez,1968-06-19,56,F,Soltero,Técnico,Empresario,Manufactura,Santiago de Surco,Lima,Lima y Callao,19847.36,12317.86,719200.56,476,VIP,Digital,27,19-09-2021,2,Activo
4726,DNI,98740802,adriana  ,Álvarez,Pérez,1993/06/02,31,F,Viudo,Universitario,Empleado Privado,Comercio,Chiclayo,LamBayEquE,Norte,5505.2,2497.51,140836.2,374,Premium,Digital,40,2021/03/11,13,Activo
4727,DNI,78027241,Daniela,Chávez,Vargas,2002/06/04,22,F,Divorciado,Universitario,Empresario,Salud,Pisco,Ica,Sur,3630.77,1720.53,141176.89,490,Regular,Agencia,25,2020/09/01,20,Activo
4728,DNI,87110577,Andrés,Castro,Mamani,1963/09/14,61,mas,soltero ,Universitario,Empleado Privado,Tecnología,ChIcLaYo,Lambayeque,Norte,2970.05,1204.97,47792.64,482,Regular,Digital,123,2014-11-09,13,Bloqueado
4729,DNI,25436597,Roberto,Gutiérrez,Cruz,20-12-1979,45,Masculino,Casado,Secundaria,Empleado Privado,Transporte,Miraflores,Lima,Lima y Callao,3684.02,2202.8,195466.26,519,Regular,Agencia,133,2014/01/16,3,Activo
4730,DNI,57979270,Pablo,Choque,Ramos,23/10/1985,39,M,Soltero,Técnico,Empleado Privado,Construcción,Chimbote,Ancash,Centro,1047.28,682.22,17975.68,430,Regular,Digital,23,2023-02-03,21,Activo
4731,DNI,82618679,Sandra,Rivera,Flores,1966-01-03,59,F,Casado,Universitario,Empleado Privado,Salud,La Esperanza,La Libertad,Norte,3530.4,2383.37,68753.31,497,Regular,Agencia,72,21-01-2019,9,Activo
4732,DNI,17146741,Sofía,Choque,Medina,13/01/1970,55,F,Casado,Secundaria,Empleado Privado,Comercio,Tarapoto,SaN MaRtÍn ,Oriente,1778.21,945.75,74833.95,493,Regular,Agencia,94,2017-03-30,23,Activo
4733,DNI,58118636,Rosa,Gutiérrez,Rojas,1981-10-22,43,F,Conviviente,Universitario,Empleado Privado,Comercio,Los Olivos,Lima,Lima y Callao,2301.57,1249.82,92460.1,494,Regular,Digital,123,2014-11-06,4,Activo
4734,DNI,39187325,Sandra,Castro,Torres,1985/05/20,39,F,Soltero,Técnico,Independiente,Agricultura,Cusco,Cusco,Sur,855.73,380.24,39859.87,490,Regular,Digital,26,2021/03/19,16,Activo
4735,DNI,49970704,Alejandra,Castro,Ortiz,13/02/1998,26,F,Divorciado,Postgrado,Independiente,Agricultura,El Tambo,Junín,Centro,2301.25,1037.59,128527.44,539,Regular,Digital,19,24/12/2022,19,Activo
4736,DNI,96125559,Andrés,Chávez,mamani,13/01/1986,38,M,Conviviente,Secundaria,Estudiante,Agricultura,Arequipa,Arequipa,Sur,850.0,476.42,32475.55,471,Regular,,96,2017-02-05,7,Activo
4737,DNI,98391350,Patricia,Cusi,Mamani,1992/04/04,32,F,Casado,Postgrado,Independiente,Construcción,Piura,Piura,Norte,3267.77,2174.9,183678.83,466,Regular,Telemarketing,34,2022/03/07,14,Activo
4738,DNI,39920611,Héctor,  castillo,Pérez,20/06/1962,62,M,Conviviente,Técnico,Independiente,Otro,Trujillo,La Libertad,Norte,6061.18,3582.61,315546.41,513,Premium,Referido,99,2016/11/04,10,Activo
4739,DNI,2550843,Roberto,Vargas,Quispe,16-04-1974,50,M,Soltero,Técnico,Empresario,Finanzas,San Juan de Lurigancho,Lima,Lima y Callao,4804.88,2573.71,121403.81,526,Regular,Digital,117,20-05-2015,1,Activo
4740,DNI,61708460,Ángela,Herrera,Vargas,1987-06-04,37,F,Casado,Postgrado,Empleado Público,Transporte,Santiago de Surco,Lima,Lima y Callao,2758.54,1642.68,30885.76,579,Regular,Agencia,151,2012/08/04,2,Activo
4741,DNI,75411832,Rodrigo,RAMOS,Cusi,24/09/1973,51,M,Soltero,Secundaria,Independiente,Construcción,Pisco,Ica,Sur,4749.53,3187.7,87815.19,556,Regular,Referido,87,2017-10-11,20,Activo
4742,DNI,51190244,Ricardo,ChÁvEz ,Apaza,1976-02-22,48,M,Viudo,universitario ,Independiente,Servicios,Miraflores,Lima,Lima y Callao,1098.21,435.48,23081.29,587,Regular,Agencia,156,2012-03-08,3,Activo
4743,DNI,83248356, César,Ramírez,Castro,1961-04-23,63,M,Viudo,Secundaria,Independiente,Educación,Cayma,Arequipa,Sur,2294.82,1222.27,120073.13,494,Regular,Referido,1,2024/11/07,6,Activo
4744,DNI,32687637,Ricardo,Condori,Quispe,1975-01-25,49,M,Casado,Secundaria,Empleado Privado,Comercio,Yanahuara,Arequipa,Sur,3950.38,1654.21,225611.06,490,Regular,Referido,130,14/04/2014,8,Activo
4745,DNI,32752882,Paola,Laime,Ramírez,17/04/1998,26,F,Divorciado,Universitario,Empleado Público,Comercio,Trujillo,La Libertad,Norte,2095.52,1368.19,115752.83,513,Regular,Digital,115,2015-07-08,10,Activo
4746,DNI,91915883,ÓscAr,García,Castillo,29-04-1974,50,M,Viudo,Técnico,Empleado Privado,Construcción,Chimbote,Ancash,Centro,3597.43,2009.25,116546.96,487,Regular,Agencia,119,28-02-2015,21,Activo
4747,CE,380208967,Enrique,Huanca,Castillo,1971-10-30,53,M,Divorciado,Universitario,Empleado Privado,Servicios,El Tambo, Junín,Centro,3188.98,1753.59,157100.15,480,Regular,Referido,27,2022-09-15,19,Activo
4748,DNI,53227086,JuaN,Torres,Ramírez,26-06-1985,39,M,viudo,Universitario,Independiente,Salud,Yanahuara,Arequipa,Sur,850.0,442.06,42405.4,470,Regular,Agencia,149,2012/09/12,8,Activo
4749,DNI,64819159,José,mamani,Castro,1974/03/20,50,M,Conviviente,Técnico,Empleado Público,Tecnología,Los Olivos,Lima,Lima y Callao,2563.79,1076.76,60610.96,603,Regular,Agencia,147,2012/11/08,4,Activo
4750,DNI,81975992,Iván,Quispe,Reyes,22-05-1986,38,Masculino,Casado,Universitario,Empleado Público,Agricultura,San Juan de Lurigancho,Lima,Lima y Callao,2486.53,981.24,22428.54,545,Regular,Digital,124,2014-10-03,1,Inactivo
4751,DNI,97206881,Isabel,Castro,Reyes,30/03/1954,70,F,Casado,Técnico,Empleado Privado,Finanzas,Sullana,Piura,Norte,3711.69,1625.55,88676.85,459,Regular,Telemarketing,170,2010/12/20,15,Activo
4752,DNI,12618079,Rosa,Gómez,Rojas,1972-08-17,52,F,Soltero,Secundaria,Empleado Público,Salud,Piura,Piura,Norte,4787.69,2198.57,283640.45,509,Regular,Campaña Institucional,134,13/12/2013,14,Activo
4753,DNI,26903591,Rodrigo,Martínez,González,27/05/1972,52,M ,Soltero,Secundaria,Independiente,Agricultura, Chiclayo ,Lambayeque,Norte,5929.07,2861.56,355170.02,565,Regular,Campaña Institucional,169,27-01-2011,13,Activo
4754,DNI,30440488,Ricardo,Condori,Condori,1981-10-27,43,M,Conviviente,Técnico,Independiente,Agricultura,Los Olivos,Lima,Lima y Callao,1441.02,621.29,36245.07,482,Regular,Agencia,103,18-06-2016,4,Activo
4755,DNI,78655205,Ángela,Vargas,González,1977-10-16,47,F,Soltero,Universitario,Empleado Privado,Salud,Lima,Lima,Lima y Callao,4655.38,2500.76,150879.18,518,Regular,Referido,128,2014/06/05,5,Inactivo
4756,DNI,44083369,Víctor,Martínez,Castro,1987-08-09,37,M,Conviviente,Secundaria,Empleado Público,Otro,Pisco,Ica,Sur,2535.19,1298.97,28228.22,547,REGULAR,Agencia,1,2021-08-07,20,Activo
4757,DNI,89547716,sofía,Ramos,Sánchez,1978/06/10,46,F,Conviviente,Universitario,Empleado Privado,Agricultura,Huancayo,Junín,Centro,1931.88,740.9,41701.86,482,Regular,Digital,164,2011/07/04,18,Activo
4758,DNI,57098272,Claudia,Vargas,Cusi,1971-05-03,53,F,Casado,Universitario,Empleado Privado,Construcción,Lima,Lima,Lima y Callao,1545.38,757.7,57057.42,387,Regular,Digital,80,2018-05-25,5,Activo
4759,DNI,39098803,Rocío,Sánchez,Díaz,1964-07-15,60,F,Soltero,Universitario,Empleado Público,Agricultura,Los Olivos,Lima,Lima y Callao,2942.13,1836.91,106554.84,569,Regular,Campaña Institucional,6,15/06/2021,4,Activo
4760,DNI,14258579,Sofía,Ortiz,ORTIZ,1995/03/02,29,F,Conviviente,Técnico,Empresario,Salud,Iquitos,Loreto,Oriente,8049.19,5194.26,433238.36,514,Regular,Agencia,172,26/10/2010,22,Activo
4761,DNI,3019522,Jorge,Ortiz,González,2002/02/10,22,M,Casado,Técnico,,Comercio,Trujillo,La Libertad,Norte,11438.67,7244.62,452291.7,504,premium,Referido,86,2017-12-07,10,Activo
4762,DNI,98904508,Miguel,Herrera,Rivera,1987-05-02,37,M,Soltero,Postgrado,Pensionista,Agricultura,Chiclayo,Lambayeque,Norte,866.69,433.91,38868.64,366,Regular,Referido,135,2013/11/03,13,Activo
4763,DNI,78326970,José,Laime,HerRerA,1975/10/03,49,m,Soltero,Técnico,Empresario,Transporte,Cayma,Arequipa,Sur,7067.59,3587.01,345986.03,516,Premium,Digital,136,2013/10/12,6,Activo
4764,DNI,55900953,David,Gómez,Choque,1967/02/04,57,Masculino,Casado,Universitario,Pensionista,Otro,Piura,Piura,Norte,850.0,491.47,47669.37,474,Regular,Digital,92,2017-05-23,14,Activo
4765,DNI,45892970,Diego,López,Cruz,17/08/1993,31,M,Casado,Universitario,Empleado Privado,Construcción,La Esperanza,La Libertad,Norte,2271.24,960.81,133156.24,474,Regular,Digital,18,2021-10-02,9,Activo
4766,DNI,13071695,Rocío,Martínez,Apaza,19/06/1989,37,F,Soltero,Técnico,Independiente,Otro,Cayma,Arequipa,Sur,-1898.44,850.84,107567.02,446,Regular,Agencia,166,2011-05-11,6,Inactivo
4767,DNI,75484119,Iván,Mamani,Cruz,31/07/1962,62,M,Casado,Universitario,Independiente,Salud,Santiago de Surco,Lima,Lima y Callao,14526.28,7422.7,859874.85,546,Premium,Agencia,18,2021-08-07,2,Activo
4768,DNI,71072645,Ricardo,Condori,Romero,13/03/1992,32,M,Casado,Secundaria,Empleado Privado,Construcción,El Tambo,Junín,Centro,5505.12,2472.43,108578.99,399,Regular,Referido,25,2022/11/19,19,Activo
4769,DNI,64878278,Luis,López,Rojas,28/02/1987,37,M,Casado,Técnico,Empleado Privado,Tecnología,Chiclayo,Lambayeque,Norte,1934.91,1021.32,106928.81,415,Regular,Referido,36,2021/05/24,13,Bloqueado
4770,DNI,89283881,Iván,Gómez,Reyes,1986-01-21,38,M,Soltero,Universitario,Empleado Público,Transporte,Piura,Piura,Norte,1448.16,638.83,80575.43,500,Regular,Agencia,34,2021/09/20,14,Activo
4771,DNI,99179164,Mónica  ,Herrera,Castro,1982/03/12,42,F,Conviviente,Técnico,Empleado Público,Agricultura,Cusco,Cusco,Sur,1645.76,692.57,83654.87,485,Regular,Digital,145,2013/01/21,16,Inactivo
4772,DNI,65939621,Andrés,Rojas,Romero,1985/09/12,39,M,Conviviente,Técnico,Independiente,Finanzas,Trujillo, la libertad,Norte,4017.4,2009.75,127924.48,478,Regular,Campaña Institucional,49,2020/12/11,10,Inactivo
4773,DNI,23924576,Eduardo,González,Medina,1973/01/27,51,M,Soltero,Universitario,Empleado Privado,Otro,  ChiClaYo,Lambayeque,Norte,4077.96,1667.58,72105.09,536,Regular,Digital,107,2016/03/02,13,Inactivo
4774,DNI,94053986,Ana,Medina,Romero,1966-03-03,58,F,Divorciado,Técnico,Empresario,Servicios,Chiclayo,Lambayeque,Norte,3285.47,2075.29,173413.82,507,Regular,Telemarketing,128,21-06-2014,12,Inactivo
4775,DNI,24937261,José,Morales,Choque,1961/03/29,63,M,Soltero,Universitario,Estudiante,Otro,Trujillo,La LibErtAd,Norte,850.0,546.92,18704.9,356,Regular,Digital,30,2021-11-13,10,Activo
4776,DNI,90764767,Sandra,Rivera,Álvarez,1985/01/14,39,F,Soltero,Universitario,Empleado Privado,Construcción,Cayma,Arequipa,Sur,2977.88,1958.15,163276.47,340,Regular,Agencia,9,2020/04/26,6,Activo
4777,DNI,23345375,José ,Díaz,Rodríguez,1966/04/14,58,M,Soltero,Universitario,Empleado Privado,Servicios,Miraflores,Lima,Lima y Callao,2235.1,1009.83,96046.68,529,Regular,Telemarketing,51,2020/10/19,3,Activo
4778,DNI,83379370,Eduardo,Sánchez,MoRaLeS,15/09/1985,39,M,Casado,Secundaria,Empleado Privado,Construcción,Tarapoto,San Martín,Oriente,1461.65,851.3,31585.36,422,Regular,Digital,84,22/01/2018,23,Activo
4779,DNI,54269500,Patricia,Chávez,Laime,19-06-1994,30,F,Viudo,Universitario,Empresario,Educación,Arequipa,Arequipa,Sur,10002.41,6755.37,171983.35,496,Premium,Digital,45,31/07/2020,7,Inactivo
4780,CE,375474014,Paola,Cruz,Romero,23/07/1989,35,F,Soltero,Universitario,Empleado Público,Construcción,Huancayo,Junín,Centro,1374.93,561.46,81558.28,561,Regular,Telemarketing,32,2022-05-07,18,Activo
4781,DNI,77630327,Ricardo,Herrera,López,1965-03-08,59,M,Soltero,Universitario,Empleado Privado,Manufactura,Chiclayo,Lambayeque,Norte,5813.89,2592.7,225416.61,547,Regular,Digital,141,2013/05/06,13,Activo
4782,DNI,3461173,Daniela,García,Romero,14/02/1979,45,F,Casado,Técnico,Empleado Privado,Transporte,Trujillo,La Libertad,Norte,1586.03,1013.57,14048.25,477,Regular,Telemarketing,43,19/04/2021,10,Activo
4783,DNI,61076728,Sandra,Sánchez,Jiménez,1991-07-31,33,F,Soltero,Universitario,Empresario,Transporte,San Juan de Lurigancho,Lima,Lima y Callao,1787.48,1029.6,101309.12,551,Regular,Agencia,77,2018-09-02,1,Activo
4784,DNI,79143942,Rocío,Cruz,Romero,1991/12/05,33,F,Casado,Postgrado,Empleado Privado,Salud,CHICLAYO,Lambayeque,Norte,4826.33,2059.73,46888.43,527,Regular,Referido,61,25-12-2019,13,Activo
4785,DNI,26657540,Rodrigo,Gómez,Chávez,19/08/1976,48,MASCULINO,Soltero,Universitario,Empleado Privado,Comercio,La Esperanza,La Libertad,Norte,4045.59,1746.14,241655.53,466,Regular,Digital,84,2018-01-29,9,Activo
4786,DNI,94332031,Jorge,Rodríguez,Vargas,1960-07-19,64,M,Casado,UNIVERSITARIO,Independiente,Educación,Trujillo,La Libertad,Norte,2804.07,1875.59,152993.93,532,REGULAR,Digital,28,13-09-2022,10,Activo
4787,DNI,49171792,Luis,Sánchez,Cruz,18-10-1990,34,M,casado ,Técnico,Empleado Privado,Finanzas,Cayma,Arequipa,Sur,1679.72,645.9,78108.09,500,Regular,Referido,79,2018/06/27,6,Activo
4788,DNI,58410752,David,Díaz,Herrera,1980-04-05,44,M,Casado,Secundaria,Empleado Privado,Otro,Cayma,Arequipa,Sur,1948.57,1329.9,98152.92,410,Regular,Referido,5,2024/07/09,6,Activo
4789,DNI,68885116,Patricia,Rojas,Torres,1998/11/12,26,F,Soltero,Técnico,Empleado Público,Transporte,Cayma,Arequipa,Sur,2992.1,1780.27,45725.52,451,Regular,Agencia,50,2020/11/16,6,Activo
4790,DNI,46256532,Cecilia,vargas,Torres,24/06/1987,37,F,Casado,Técnico,Independiente,Agricultura,Tarapoto,San Martín,Oriente,6192.61,2771.77,58350.74,426,Regular,Campaña Institucional,103,28/06/2016,23,Activo
4791,DNI,719210,Gabriela,Rodríguez,Laime,29-05-1991,33,F ,Conviviente,Técnico,Empleado Privado,Agricultura,Sullana,Piura,Norte,1807.12,822.54,42987.06,562,Regular,Telemarketing,140,2013/06/16,15,Activo
4792,DNI,19006954,Rocío,Flores,Reyes,19/04/1959,65,F,Casado,universitario ,Empleado Público,Manufactura,La Esperanza,La Libertad,Norte,-3346.72,1314.1,152814.59,579,Regular,Digital,40,24/02/2020,9,Inactivo
4793,DNI,57723852,Luis,Castro ,Ramos,17-04-1989,35,M,Divorciado,Secundaria,,Finanzas,Wanchaq,Cusco,Sur,2162.31,1405.13,74627.99,491,regular ,Agencia,118,2015/04/15,17,Inactivo
4794,DNI,73059621,Elena,Ramos,Mamani,1972/07/27,52,F,Conviviente,universitario ,Independiente,Comercio,Sullana,Piura,Norte,2330.05,1433.29,116502.39,487,Regular,Telemarketing,121,2015-01-03,15,Activo
4795,DNI,10586830,José,Huanca,Rivera,1963/06/21,61,M,Casado,TECNICO,Independiente,Comercio,Trujillo,La Libertad,Norte,3892.37,1780.41,213728.59,597,Regular,Agencia,139,27-07-2013,10,Inactivo
4796,DNI,19348647,Juan,Pérez,Herrera,20/01/1979,45,M,Casado,Universitario,Empresario,Educación,Arequipa,Arequipa,Sur,3526.08,1703.59,207421.72,482,Regular,Referido,131,28/02/2014,7,Activo
4797,CE,8687264,Miguel,Romero,Gómez,18/11/1981,43,M,Soltero,Universitario,Independiente,Servicios,Tarapoto,San Martín,Oriente,1515.48,738.1,54188.09,426,Regular,Digital,156,2012/03/04,23,Activo
4798,DNI,19322798,Héctor,Gómez,Romero,1968/12/03,56,M,Soltero,Técnico,Independiente,Educación,Los Olivos,Lima,Lima y Callao,1761.43,709.69,99175.04,515,Regular,Digital,77,24/08/2018,4,Inactivo
4799,DNI,11976649,Lucía,González,Castillo,1979/02/05,45,F,Casado,Secundaria,Empleado Público,Servicios,Los Olivos,Lima,Lima y Callao,1705.65,968.67,80321.23,590,Regular,Digital,12,2020/04/18,4,Activo
4800,DNI,15283264,Juan,Ramos,Vargas,1996/06/26,28,M,Casado,Técnico,Empleado Público,Finanzas,Trujillo,La Libertad,Norte,2094.4,856.72,64878.54,499,Regular,Agencia,59,2020/02/06,10,Activo
4801,DNI,32019019,Carlos,Martínez,González,31-08-1983,41,M,Soltero,Universitario,Pensionista,Agricultura,Cayma,Arequipa,Sur,,581.48,27958.04,531,Regular,Agencia,90,2017-07-28,6,Activo
4802,DNI,68457494,David,Flores,Rojas,1974/06/20,50,M,Conviviente,Secundaria,Empleado Público,Transporte,Cajamarca,Cajamarca,Norte,1708.04,796.73,80171.91,557,Regular,Agencia,101,2016-09-08,24,Activo
4803,DNI,9800265,Diego,Pérez,Huanca,1986/04/01,40,M,Conviviente,Secundaria,Independiente,Comercio,Chimbote,Ancash,Centro,980.35,634.09,19312.66,443,Regular,,101,2016/09/07,21,Activo
4804,CE,553872147,Héctor,Vargas,Choque,1969/02/01,55,M,Casado,Postgrado,Pensionista,Comercio,Pisco,Ica,Sur,1302.69,819.84,72983.94,474,Regular,Agencia,174,2010/09/03,20,Activo
4805,DNI,64746821,Isabel,Ramírez,Apaza,1993-06-13,31,F,Soltero,Secundaria,Pensionista,Otro,Arequipa,Arequipa,Sur,850.0,481.64,7794.01,443,Regular,Digital,105,2016-04-21,7,Activo
4806,DNI,74652320,Diana,Reyes,Martínez,1993/11/11,31,F,Casado ,Secundaria,Empleado Público,Otro,Pisco,Ica,Sur,963.69,379.1,54457.98,551,Regular,Agencia,166,2011-05-07,20,Activo
4807,DNI,51392341,Ricardo,Medina,Herrera,13-05-1971,53,M,Casado,Universitario,Empleado Público,Salud,Iquitos,Loreto,Oriente,1373.65,539.35,72571.25,529,Regular,Agencia,88,2017/09/22,22,Inactivo
4808,DNI,71437483,Andrés,López,Vargas,20-06-1993,31,M,Soltero,Universitario,Independiente,Transporte,Iquitos ,Loreto,Oriente,1780.02,843.28,54289.74,451,Regular,Agencia,81,2018/05/06,22,Activo
4809,DNI,18866892,Carlos,García,Medina,28-02-1988,36,M,Casado,Técnico,Empleado Privado,Tecnología,San Juan de Lurigancho,Lima,Lima y Callao,7401.53,3712.02,246272.0,464,Premium,Digital,88,2017/09/14,1,Activo
4810,DNI,86698826,Roberto,Vargas,Ramírez,25/01/1992,32,MASCULINO,Soltero,Universitario,Empleado Privado,Otro,El Tambo,Junín,Centro,1797.98,793.36,54430.86,529,Regular,Agencia,26,22-10-2022,19,Activo
4811,DNI,22353392,Jorge,Pérez,Mamani,29-01-2002,22,MASCULINO,Casado,Universitario,Independiente,Construcción,Arequipa,AREQUIPA,Sur,1160.2,473.04,36594.05,534,Regular,Digital,100,2016/10/06,7,Activo
4812,DNI,89024239,Andrés,Díaz,Cusi,1980/05/13,44,M,Conviviente,Secundaria,Empleado Público,Finanzas,Pisco,Ica,Sur,2312.99,920.34,47128.82,627,Regular,Agencia,150,2012-09-02,20,Activo
4813,DNI,57167303,  Valeria,Herrera,Apaza,1980/01/18,44,F,Soltero,Técnico,Empleado Privado,Servicios,Yanahuara,Arequipa,Sur,2029.27,867.43,102098.46,474,Regular,Digital,59,2020-02-02,8,Activo
4814,Pasaporte,313038899,Héctor,Pérez,Cusi,1996/10/07,28,M,Casado,Técnico,Empleado Público,Finanzas,El Tambo,Junín,Centro,3117.37,1482.2,110819.0,519,Regular,Digital,27,2020/10/06,19,Activo
4815,CE,98777356,Elena,Torres,Martínez,1969-07-02,55,F,Divorciado,Postgrado,Empresario,Tecnología,Trujillo,La Libertad,Norte,13045.65,5696.85,125147.86,525,Regular,Agencia,103,2016-06-20,10,Activo
4816,DNI,45466096,Rocío,Herrera,Condori,31/01/1994,30,F,Conviviente,Postgrado,Empleado Público,Agricultura,Chimbote,Ancash,Centro,1879.0,747.83,70986.93,440,Regular,Referido,114,2015/08/02,21,Bloqueado
4817,Pasaporte,753738935,Rosa,Herrera,Álvarez,13-06-1981,43,F,Casado,Secundaria,Independiente,Transporte,Santiago de Surco,Lima,Lima y Callao,5190.07,3251.81,280803.79,485,Regular,Referido,152,2012-06-22,2,Activo
4818,DNI,10057964,Rocío,Torres,Rodríguez,1981-05-10,43,F,Casado,Universitario,Empleado Privado,Agricultura,Yanahuara,Arequipa,Sur,2738.35,1476.12,99047.61,534,Regular,Agencia,142,21/04/2013,8,Activo
4819,Pasaporte,722439762,Claudia,Morales,  Mamani,31-05-1991,33,F,viudo,Técnico,Empleado Público,Salud,El Tambo,Junín,Centro,850.0,531.82,38318.33,517,Regular,Digital,23,28/01/2023,19,Inactivo
4820,CE,675334044,Carmen,Torres,Vargas,1972-01-05,53,F,Soltero,Secundaria,Empleado Privado,Servicios,Trujillo,La Libertad,Norte,3857.28,2109.38,46968.82,472,Regular,Agencia,75,2018-10-12,10,Activo
4821,DNI,46178804,Óscar,Rojas,Pérez,1996/08/23,28,M,Conviviente,Postgrado,Empleado Público,Manufactura,Iquitos,Loreto,Oriente,2298.86,890.91,95458.27,494,Regular,Digital,145,28/01/2013,22,Inactivo
4822,DNI,99525986,Rocío,López, Torres ,1984/08/30,40,fem,Soltero,Postgrado,Empleado Privado,Otro,Víctor Larco Herrera,La Libertad,Norte,6977.54,3458.27,177061.66,441,Regular,Agencia,69,2019/04/23,11,Activo
4823,DNI,75032594,Adriana,Ramírez,Ramírez,24/03/1961,63,F,Soltero,Técnico,Empleado Privado,Transporte,Chiclayo,Lambayeque,Norte,3354.36,2249.81,108696.29,415,Regular,Digital,106,2016/04/09,13,Activo
4824,DNI,51153853,Daniela,Vargas,Rojas,1985/07/17,39,fem,Casado,Secundaria,Empleado Privado,Agricultura,Santiago de Surco,Lima,Lima y Callao,4497.36,1888.39,227423.39,467,Regular,Digital,25,2022/11/13,2,Inactivo
4825,DNI,81222290,César,Gutiérrez,Torres,16/03/2000,24,M,Casado,Técnico,Empresario,Comercio,Pisco,Ica,Sur,4488.06,2082.49,248202.15,437,Regular,Agencia,68,30-05-2019,20,Inactivo
4826,CE,864786297,Carmen,Huanca,Castillo,1977-06-14,47,F,Divorciado,Postgrado,Independiente,Tecnología,Sullana,Piura,Norte,,1597.72,78852.67,440,Regular,Agencia,115,2015/07/15,15,Activo
4827,DNI,64913316,Eduardo,Flores,Morales,1991-11-04,33,M,Divorciado,Secundaria,Independiente,Agricultura,Cusco,Cusco,Sur,-3690.51,1958.07,206342.55,429,Regular,Agencia,3,14/07/2020,16,Activo
4828,DNI,54026427,Rocío,Romero,Ortiz,1995/05/04,29,F,Viudo,Secundaria,Pensionista,Tecnología,Pisco, ICA ,Sur,850.0,352.99,21440.38,484,Regular,Digital,149,2012-09-11,20,Inactivo
4829,DNI,25134579,David,Morales,Huanca,1979/10/05,45,M,Viudo,Universitario,Empleado Privado,Tecnología,Santiago de Surco,Lima,Lima y Callao,2069.24,1135.76,21809.25,491,Regular,Digital,177,2010-06-10,2,Activo
4830,DNI,15072919,Rosa,Ortiz,Torres,28-11-1964,60,F,Casado,Universitario,Empleado Privado,Educación,Víctor Larco Herrera,La Libertad,Norte,1988.81,1230.03,93662.91,406,Regular,Telemarketing,4,2022/08/13,11,Activo
4831,DNI,9935852,Marco,Condori,Ramírez,30/10/1977,47,M,Soltero,Técnico,Empleado Privado,Servicios,La Esperanza, La LibErtAd,Norte,2797.46,1929.91,89356.41,457,Regular,Telemarketing,69,2019/04/09,9,Activo
4832,CE,163103010,Óscar,Gómez,Pérez,1975/11/05,49,MASCULINO,Viudo,Técnico,Independiente,Otro,Iquitos,Loreto,Oriente,4418.78,1774.76,190495.04,380,Regular,Digital,86,23/11/2017,22,Activo
4833,DNI,42137911,Paola,García,Cruz,1990-07-25,34,F,Divorciado,Postgrado,Independiente,Educación,Víctor Larco Herrera,La Libertad,Norte,11094.77,7695.87,304012.51,525,Regular,Telemarketing,60,2020/01/05,11,Bloqueado
4834,DNI,17837464,Alejandra,Pérez,Herrera,27/12/1974,50,F,Conviviente,Universitario,Empresario,Otro,Piura,Piura,Norte,12296.44,8334.98,263348.77,540,Premium,Referido,159,2011/11/26,14,Activo
4835,CE,60154827,Ángela,Quispe,Flores,1973/10/07,51,F,Conviviente,Secundaria,Empleado Privado,Comercio,Víctor Larco Herrera,La Libertad,Norte,4356.73,2919.26,173742.0,534,Regular,Agencia,65,2019-08-18,11,Activo
4836,DNI,86467528,Alejandro, HuAnCa,Condori,1986/08/19,38,M,Soltero,Técnico,Empleado Público,Construcción,Tarapoto,San Martín,Oriente,2191.94,1228.87,111643.38,469,Regular,Telemarketing,154,2012-05-07,23,Inactivo
4837,Pasaporte,834138139,Marco,Gómez,Álvarez,1982-03-26,42,M,Soltero,Secundaria,Independiente,Agricultura,El Tambo,Junín,Centro,1029.21,570.48,32947.5,441,Regular,Agencia,180,2010/02/21,19,Activo
4838,DNI,82972361,Andrés,Ortiz,López,1986/11/09,38,M,Soltero,Universitario,Independiente,Transporte,Wanchaq,Cusco,Sur,1168.09,671.05,50456.54,451,Regular,Digital,6,2022/03/18,17,Activo
4839,DNI,43398210,Fabiola  ,Vargas,Sánchez,22-10-1984,40,F,Soltero,Universitario,Estudiante,Servicios,Iquitos,Loreto,Oriente,850.0,403.33,10648.76,533,Regular,Digital,158,19/12/2011,22,Activo
4840,DNI,41687028,Manuel,Herrera,García,1988/01/11,36,M,Soltero,Técnico,Independiente,Salud,La Esperanza,La Libertad,Norte,5667.72,3540.11,258016.83,536,Regular,Agencia,47,2020/06/21,9,Activo
4841,DNI,62632749,Ana,Ramírez,Flores,1977/01/05,48,F,Conviviente,Universitario,Independiente,Educación,La Esperanza,La Libertad,Norte,2714.86,1633.44,109188.6,514,Regular,Agencia,101,2016/09/13,9,Activo
4842,DNI,76938136,Ricardo,Reyes,Torres,1968/11/24,56,M,Soltero,secundaria,Empleado Privado,Servicios,Cajamarca,Cajamarca,Norte,5808.53,2299.69,216339.26,589,Premium,Referido,95,24/02/2017,24,Activo
4843,DNI,75819081,Elena,Castro,Torres,1982/06/08,42,F,Casado,Técnico,Empleado Privado,Transporte,Trujillo,La Libertad,Norte,3759.24,1817.65,105675.7,564,Regular,Referido,127,2014/07/02,10,Activo
4844,DNI,75563400,Sandra  ,González,López,1990/03/31,34,fem,Conviviente,Secundaria,Empleado Privado,Agricultura,Chiclayo,Lambayeque,Norte,2281.89,1411.08,47336.98,476,Regular,Agencia,74,2018/11/05,13,Activo
4845,DNI,87853395,Alejandro,Ramos,Ramos,1972/04/15,52,M,casado,Universitario,,Manufactura,Yanahuara,ArEqUiPa,Sur,4760.62,2964.81,196032.04,494,Regular,Digital,21,24-03-2023,8,Activo
4846,DNI,13027466,Paola,Herrera,Mamani,2001-06-19,23,F,Soltero,Universitario,Empleado Privado,Finanzas, Lima ,Lima,Lima y Callao,2757.74,1568.78,52274.33,409,Regular,Agencia,23,2020-10-16,5,Activo
4847,DNI,21029957,Alejandro,Quispe,Herrera,2000/12/05,24,MASCULINO,Soltero,Universitario,Empleado Privado,Transporte,Piura,Piura,Norte,1307.6,614.01,45475.09,476,Regular,Agencia,107,21/02/2016,14,Inactivo
4848,CE,43023854,Adriana,García,Castillo,1966/09/25,58,F,Soltero,Técnico,Empleado Público,Servicios,Tarapoto,San maRtíN,Oriente,2402.96,1573.23,130198.31,543,Regular,Digital,132,2014-02-16,23,Activo
4849,DNI,37730,Manuel,Laime,Ramírez,1968-02-05,56,M,Casado,Secundaria,Pensionista,Agricultura,San juAn De LurIgaNchO,LIMA  ,Lima y Callao,850.0,355.79,41740.2,534,Regular,Telemarketing,161,17/09/2011,1,Inactivo
4850,DNI,75582204,Ricardo,Cusi,Reyes,20-03-1983,41,M,Soltero,Técnico,Independiente,Agricultura,Chiclayo,Lambayeque,Norte,3439.65,1615.81,157896.67,461,Regular,Digital,153,25/05/2012,12,Activo
4851,CE,479189022,Ricardo,Martínez,Laime,1992-02-03,32,M,Soltero,Postgrado,Empleado Privado,Tecnología,Lima,Lima,Lima y Callao,2824.15,1406.4,117756.74,564,Regular,Agencia,179,2010/04/05,5,Inactivo
4852,DNI,40371037,Carlos,Quispe,Huanca,1972-08-25,52,M,Casado,Universitario,Empleado Privado,Otro,San Juan de Lurigancho,Lima,Lima y Callao,2377.17,1410.31,130455.0,429,Regular,Telemarketing,140,24/06/2013,1,Activo
4853,DNI,11665792,Lucía,CuSi,Flores,2003/12/03,21,F,Casado,Universitario,Empleado Público,Comercio,La Esperanza,La Libertad,Norte,3003.87,1338.63,80507.51,424,Regular,Agencia,94,17-03-2017,9,Inactivo
4854,DNI,69457571,Elena,Castillo,Sánchez,1986-11-04,38,F,Conviviente,Técnico,Independiente,Tecnología,Cusco,Cusco,Sur,5701.95,2915.24,285911.21,399,Premium,Referido,70,2019/04/01,16,Inactivo
4855,Pasaporte,318223995,Rodrigo,Martínez,Medina,23/03/1965,59,M,Soltero,Secundaria,Empleado Privado,Tecnología,Los Olivos,Lima,Lima y Callao,2832.21,1166.67,60524.04,450,Regular,Referido,46,20-02-2020,4,Activo
4856,DNI,82484358,Carmen,Choque,Vargas,1985-07-20,39,F,Casado,Técnico,Empleado Público,Manufactura,Cajamarca,Cajamarca,Norte,1544.51,1068.88,18150.5,525,Regular,Referido,85,2017/12/29,24,Bloqueado
4857,DNI,94793420,Diego,Jiménez,García,1990/09/02,34,M,Casado,Universitario,Pensionista,Salud,  IqUiToS,Loreto,Oriente,850.0,540.5,11590.16,460,Regular,Digital,166,2011-05-10,22,Activo
4858,DNI,15702984,Fernando,Quispe,Morales,1999-12-07,25,M,Soltero,Universitario,Empleado Privado,Finanzas,Arequipa,Arequipa,Sur,2748.41,1336.91,155782.65,397,Regular,Agencia,49,2020-12-07,7,Activo
4859,DNI,43044576,Ricardo,Reyes,Huanca,1988/09/12,36,M,Casado,Universitario,Independiente,Manufactura,San Juan de Lurigancho,Lima,Lima y Callao,2529.51,1077.33,33992.91,467,Regular,Referido,27,2021-12-26,1,Activo
4860,DNI,50254829,Lucía,Medina,Rodríguez,1979/03/09,45,F,Conviviente,Universitario,Empleado Privado,Otro,Santiago de Surco,Lima,Lima y Callao,4093.29,1868.69,57011.75,432,Regular,Agencia,135,2013-11-28,2,Activo
4861,Pasaporte,135992271,Rodrigo,Cruz,Romero,1983-08-05,41,M,Casado,Técnico,Empresario,Educación,Cajamarca,Cajamarca,Norte,850.0,339.15,7162.4,516,Regular,Digital,166,2011-04-23,24,Activo
4862,DNI,71431008,Valeria,Chávez,García,17/09/1986,38,Femenino,Soltero,Postgrado,Empleado Público,Agricultura,Piura,Piura,Norte,1380.69,655.54,49508.61,517,Regular,Agencia,41,31-12-2019,14,Activo
4863,DNI,93188561,Víctor,Pérez,Gómez,24-03-1968,56,M,Casado,Universitario,Empleado Público,Finanzas,La Esperanza,La Libertad,Norte,1929.25,1172.32,37130.94,475,Regular,Campaña Institucional,76,2018/09/24,9,Activo
4864,DNI,62715882,Rodrigo,Gómez,Ramos,1981/08/31,43,M,Divorciado,Universitario,Empleado Privado,Educación,Víctor Larco Herrera,La Libertad,Norte,1471.79,664.53,21984.73,451,Regular,Agencia,73,22/12/2018,11,Activo
4865,DNI,94064512,María,Gómez,Torres,1968-05-21,56,fem,Casado,Secundaria,Empresario,Agricultura,Chiclayo,Lambayeque,Norte,,2626.99,324057.06,433,Premium,Agencia,69,24/04/2019,12,Activo
4866,DNI,22456878,Ricardo,CHÁVEZ,Rodríguez,2004/08/03,20,M,Divorciado,Postgrado,Empleado Privado,Servicios,Trujillo,La Libertad,Norte,2573.98,1031.6,49766.58,502,Regular,Referido,155,20-03-2012,10,Activo
4867,DNI,28538703,Carlos,Chávez,Romero,2002-04-25,22,M,Casado,Secundaria,Independiente,Otro,Wanchaq,Cusco,Sur,2710.76,1574.44,104080.08,531,Regular,Telemarketing,49,2020/11/25,17,Activo
4868,DNI,37892001,Óscar,García,Choque,1960-05-05,64,M,Casado,Universitario,Independiente,Servicios,Sullana,Piura,Norte,3430.61,1319.1,46379.91,544,Regular,Campaña Institucional,104,2016/06/12,15,Activo
4869,DNI,44643994,Sandra,Álvarez,Condori,22-07-2004,20,F,Soltero,Universitario,Empleado Privado,Finanzas,La Esperanza,La Libertad,Norte,6782.11,3187.08,243243.44,431,regular,Referido,153,2012/06/03,9,Activo
4870,DNI,64199664,Sofía,Cusi,González,1995/01/03,30,F,Conviviente,Técnico,Independiente,Agricultura,Piura,Piura,Norte,1773.19,702.13,46197.87,551,Regular,Referido,89,31/08/2017,14,Activo
4871,DNI,34466589,Paola,Torres,López,1956/05/08,68,F,soltero,Técnico,Empleado Público,Tecnología,Miraflores,Lima,Lima y Callao,2655.65,1113.95,83059.24,590,Regular,Digital,131,2014-03-26,3,Activo
4872,DNI,15611933,César,Rojas,Quispe,21-06-1982,42,M,Soltero,Universitario,Empleado Público,Educación,Los Olivos,Lima,Lima y Callao,1393.22,761.38,31493.31,587,Regular,Agencia,171,2010/12/11,4,Activo
4873,DNI,8156439,Ana,Gutiérrez,Ortiz,14-01-1990,34,F,Casado,Secundaria,Empleado Público,Finanzas,Cajamarca,Cajamarca,Norte,3663.52,2287.09,173456.15,569,Regular,Agencia,25,17/11/2022,24,Activo
4874,DNI,75611389,Miguel,López,Medina,1975/05/08,49,M,Soltero,Universitario,Pensionista,Agricultura,Santiago de Surco,Lima,Lima y Callao,,1059.55,78086.5,620,regular ,Referido,52,29/08/2020,2,Activo
4875,DNI,95769625,Diego,Ramos,Pérez,1985/05/29,39,M,Casado,Técnico,Empleado Privado,Educación,Piura,PIURA,Norte,,1200.36,45951.6,379,Regular,Agencia,132,2014-02-25,14,Activo
4876,DNI,6490858,Cecilia,Medina,Sánchez,20-04-1956,68,F,Casado,Técnico,Independiente,Agricultura,Lima,Lima,Lima y Callao,2051.86,1311.17,22644.44,576,Regular,Telemarketing,8,13/08/2021,5,Activo
4877,DNI,61132988,Carlos, ApaZa ,reyes,1991-12-25,33,M,Soltero,Tecnico,,Educación,Huancayo,Junín,Centro,5727.32,3345.3,323918.46,442,Regular,Telemarketing,118,2015-04-10,18,Activo
4878,DNI,80218834,Ana,Rodríguez,Mamani,1997/02/20,27,F,Soltero,Postgrado,Independiente,Comercio,Cusco,Cusco,Sur,1786.31,1206.15,82855.52,434,Regular,Referido,114,30-07-2015,16,Activo
4879,CE,110310026,David,Pérez,Díaz,1975-11-28,49,M,Casado,Universitario,Pensionista,Transporte,Cusco,Cusco,Sur,1080.96,648.98,59952.04,530,Regular,Referido,103,27/06/2016,16,Activo
4880,DNI,90601742,Alejandra,Castro,Reyes  ,30-11-1986,38,F,Casado,Postgrado,Pensionista,Educación,Miraflores, Lima,Lima y Callao,850.0,481.34,48874.11,446,Regular,Agencia,51,2020/10/07,3,Activo
4881,DNI,87801588,Andrés,Pérez,Martínez,1958-08-08,66,M,Soltero,Universitario,Independiente,Servicios,Iquitos,Loreto,Oriente,3226.53,2054.61,83925.48,407,Regular,Agencia,78,2018-07-08,22,Activo
4882,DNI,1555514,Carmen,Ramírez,Castillo,1990-01-03,35,F,Casado,Universitario,Empleado Privado,Agricultura,Chiclayo,Lambayeque,Norte,2831.14,1376.79,71618.21,579,Regular,Digital,141,2013/06/01,12,Inactivo
4883,DNI,51776304,Sofía,Mamani,Quispe,1970/07/06,54,F,Casado,Secundaria,Empleado Privado,Transporte,Lima,Lima,Lima y Callao,1959.88,998.01,66104.57,637,Regular,Agencia,35,2022-01-31,5,Activo
4884,DNI,28551530,Rodrigo,Morales,Morales,16-11-1983,41,M,Divorciado,Secundaria,Empleado Público,Salud,Chiclayo,Lambayeque,Norte,3447.54,1545.86,141322.97,444,Regular,Digital,161,2011/10/02,13,Inactivo
4885,DNI,83642511,Fabiola,díaz,Díaz,2004-10-19,20,F,Casado,Universitario,Empleado Público,Finanzas,Iquitos,Loreto,Oriente,1001.04,661.58,19636.75,300,Regular,Agencia,78,2018/08/05,22,Inactivo
4886,DNI,6090100,Adriana,Quispe,Vargas,1957/05/12,67,F,Viudo,Universitario,Empleado Público,Transporte,Sullana,Piura,Norte,2734.61,1774.7,92060.47,484,Regular,Digital,77,26/08/2018,15,Activo
4887,DNI,48478800,Diana,Sánchez,Vargas,1977/02/05,47,F,Soltero,Secundaria,Empleado Privado,Agricultura,Chimbote,Ancash,Centro,3249.75,1968.31,107013.22,531,Regular,Telemarketing,170,2010/12/25,21,Activo
4888,DNI,1546680,Rodrigo,Rojas,Huanca,20/05/1968,56,M,Casado,Universitario,Empleado Privado,Tecnología,Cayma, arequipa,Sur,2725.3,1041.76,125476.23,461,Regular,Agencia,14,13/07/2023,6,Activo
4889,DNI,4057245, Óscar,Rojas,Pérez,1973/12/02,51,M,Casado,Técnico,Empleado Público,Servicios,Trujillo,La Libertad,Norte,3106.9,1726.72,185883.25,528,Regular,Digital,113,2015/08/22,10,Activo
4890,DNI,99583305,Diego,Vargas,Huanca,1956/10/07,68,M,Casado,Universitario,Independiente,Servicios,Chiclayo,Lambayeque,Norte,2054.54,1386.13,31024.91,464,Regular,Referido,98,2016-12-11,13,Activo
4891,DNI,14793442,Miguel,Mamani,Jiménez,28-02-1977,47,M,Casado,Técnico,Independiente,Educación,Iquitos,Loreto,Oriente,1509.01,929.01,24185.85,520,Regular,Referido,126,2014-07-28,22,Activo
4892,DNI,96141944, Adriana,Ramos,Rivera,1992/09/17,32,F,Casado,Postgrado,,Agricultura,Iquitos  ,Loreto,Oriente,4169.54,1906.85,47632.4,600,Regular,Agencia,115,26/06/2015,22,Bloqueado
4893,DNI,65670273,Alejandra,Rodríguez,Huanca,1987/07/06,37,F,Viudo,Técnico,Empleado Privado,Educación,El Tambo,Junín,Centro,1838.03,763.77,48272.52,543,Regular,Telemarketing,57,2020-04-02,19,Activo
4894,DNI,88390676,Isabel,Pérez,Rivera,25/03/1995,29,F,Divorciado,Secundaria,Empleado Privado,Comercio,El Tambo,Junín,Centro,1815.9,1041.75,87531.49,498,Regular,Telemarketing,141,15/05/2013,19,Inactivo
4895,DNI,5149922,Fabiola,Choque,Romero,1971-01-31,53,F,Casado,Universitario,Independiente,Otro,Santiago de Surco,Lima,Lima y Callao,5936.44,2995.56,299013.27,470,Premium,Agencia,17,16-11-2022,2,Activo
4896,DNI,90856417,Alejandro,Ramos,Torres,16/07/1975,49,M,Casado,Secundaria,Empleado Privado,Educación,Cusco,Cusco,Sur,2375.84,1416.43,52739.03,464,Regular,Agencia,3,2020-09-25,16,Activo
4897,DNI,7561626,Luis,Ramos,Ramírez,1968-11-09,56,M,Casado,Técnico,Empleado Privado,Servicios,Cayma,Arequipa,Sur,2393.51,986.46,118498.53,524,Regular,Agencia,169,26-01-2011,6,Activo
4898,DNI,32385160,Ana,Mamani,Rodríguez,13-12-1981,43,F,Conviviente,Universitario,Empleado Privado,Comercio,Víctor Larco Herrera,La Libertad,Norte,1680.18,1078.12,90610.98,540,Regular,Agencia,164,2011/06/27,11,Activo
4899,DNI,9781194,Carmen,Romero, MedIna ,1976/06/07,48,F,Casado,Universitario,Empleado Público,Tecnología,Arequipa,Arequipa,Sur,996.67,645.4,57363.95,529,Regular,Digital,77,31/08/2018,7,Activo
4900,DNI,83350493,Paola,Cruz  ,Medina,1992-12-06,32,F,Casado,Técnico,Empleado Privado,Educación,Cayma,  Arequipa,Sur,4556.2,2651.26,237448.46,397,Regular,Agencia,104,22/05/2016,6,Activo
4901,DNI,34111962, Valeria, Mamani ,Ramírez,1987-06-01,37,F,Casado,Universitario,Empleado Privado,Construcción,La Esperanza,La Libertad,Norte,3284.22,1297.7,98619.66,485,Regular,Digital,31,22-10-2020,9,Bloqueado
4902,DNI,10338928,Valeria,López,Apaza,1973/05/11,51,F,Divorciado,Técnico,Empleado Público,Tecnología,Chimbote,Ancash,Centro,1227.92,703.75,61282.41,609,Regular,Agencia,25,2021-04-19,21,Activo
4903,DNI,93169746,Luis,Rodríguez,Flores,1976/02/16,48,M,Conviviente,Secundaria,Empleado Privado,Finanzas,El Tambo,Junín,Centro,5876.98,3687.62,258087.14,551,Regular,Digital,149,2012-10-02,19,Activo
4904,DNI,67653363,Héctor,Martínez,Laime,27-11-1983,41,MASCULINO,Divorciado,Universitario,Independiente,Servicios,Trujillo,La Libertad,Norte,941.94,576.96,53204.93,452,Regular,Digital,174,29/08/2010,10,Inactivo
4905,DNI,1626148,Daniela,Romero,Gómez,1963-08-15,61,F,Soltero,Secundaria,Empresario,Servicios,Chiclayo,Lambayeque,Norte,15066.5,7748.46,767389.81,526,VIP,,136,2013/10/04,13,Activo
4906,DNI,5744550,Roberto,Castillo,González,2004-05-02,20,M,Casado,Universitario,Empleado Público,Educación,Cayma,Arequipa,Sur,1615.0,638.97,95444.14,1200,Regular,Agencia,35,13-02-2022,6,Activo
4907,DNI,79055496,Rocío,Choque,Martínez,1985/11/01,39,F,Soltero,Secundaria,Empleado Privado,Transporte,San Juan de Lurigancho,Lima,Lima y Callao,3625.58,2522.39,81081.48,533,Regular,Digital,86,2017-11-24,1,Activo
4908,DNI,65594884,Lucía,huanca  ,Martínez,16/07/1971,53,F ,Casado,Técnico,Empresario,Agricultura,Yanahuara,Arequipa,Sur,,5271.32,299983.2,436,Regular,Agencia,59,2020/01/29,8,Activo
4909,DNI,56115272,Pablo,Rodríguez,Chávez  ,1984/03/10,42,M,casado,Universitario,Empresario,Manufactura,Pisco,Ica,Sur,21989.65,9963.41,1080831.41,560,VIP,,38,2021/11/10,20,Inactivo
4910,DNI,3985872,Pablo, ORTIZ ,Rodríguez,1978/05/19,46,M,Casado,Postgrado,Pensionista,Comercio,Cajamarca,Cajamarca,Norte,1246.55,825.44,65193.89,514,Regular,Agencia,89,2017-08-13,24,Activo
4911,DNI,51420338,Silvia,Chávez,Pérez,2004/08/12,20,F,Conviviente,Técnico,Empleado Privado,Finanzas,Chiclayo,Lambayeque,Norte,2105.7,935.37,40342.21,452,Regular,Agencia,91,21-06-2017,12,Inactivo
4912,DNI,76941586,Carlos,Morales,Álvarez,19/01/1967,57,M,Conviviente,Universitario,Empleado Público,Transporte,Iquitos,Loreto,Oriente,2395.12,1593.88,112260.15,439,Regular,Agencia,73,2018-12-23,22,Activo
4913,DNI,55481244,Carmen,Sánchez,Choque,1977-12-03,47,F,Soltero,Secundaria,Empleado Privado,Otro,Miraflores,Lima,Lima y Callao,1977.83,1130.93,113763.38,427,Regular,Telemarketing,98,24-11-2016,3,Inactivo
4914,DNI,34721508,Rodrigo,Apaza,Huanca,1993/05/22,31,M ,Soltero,secundaria,Independiente,Transporte,Lima,Lima,Lima y Callao,3125.13,1479.08,133107.45,541,Regular,Agencia,150,24/08/2012,5,Activo
4915,DNI,87000790,Diego,Reyes,Vargas,14-10-1977,47,M,Soltero,Universitario,Empleado Privado,Servicios,Arequipa,Arequipa,Sur,4054.89,1587.08,73308.06,524,Regular,Digital,63,2019/10/12,7,Activo
4916,DNI,18519547,Ana,Gutiérrez,Herrera,1981/11/01,43,F,Soltero,Universitario,Empresario,Salud,Huancayo,Junín,Centro,8779.67,5584.68,384498.37,389,Regular,Agencia,119,2015/03/04,18,Inactivo
4917,DNI,28832227,Paola,Jiménez,Rodríguez,1981-02-26,43,F,Divorciado,Técnico,Empresario,Otro,Iquitos,Loreto,Oriente,3087.39,2030.19,154268.77,574,Regular,Referido,166,2011/05/12,22,Inactivo
4918,DNI,82769722,Manuel,Cruz,Cruz,1984/08/05,40,M,Viudo,Universitario,Empleado Público,Comercio,Pisco,Ica,Sur,2104.01,915.88,114108.51,421,Regular,Telemarketing,17,2021/11/09,20,Activo
4919,DNI,25361476,Fabiola,Morales,Rodríguez,1970-04-03,54,F,Viudo,Técnico,Empleado Privado,Tecnología,San Juan de Lurigancho,Lima,Lima y Callao,4252.08,2534.44,243095.55,540,Regular,Agencia,148,26-10-2012,1,Activo
4920,DNI,29278632,María,González,Herrera,1992-08-10,32,F,Soltero,Universitario,Empleado Privado,Tecnología,Lima,Lima,Lima y Callao,1788.06,842.23,14682.29,483,Regular,Telemarketing,78,29/07/2018,5,Activo
4921,Pasaporte,453748344,Claudia,Morales,Reyes,24/03/1991,33,F,Casado,Técnico,Empleado Público,Transporte,Iquitos,Loreto,Oriente,2339.82,1083.75,111970.37,375,Regular,Campaña Institucional,123,2014/11/08,22,Activo
4922,DNI,69894506,Rosa,Ramos,García,1988/09/06,36,F,Casado,Universitario,Empleado Público,Transporte,Sullana,Piura,Norte,4132.63,2550.89,83803.35,526,Regular,Referido,39,2020/09/06,15,Activo
4923,DNI,22596256,Iván,Vargas,Morales,1980/08/27,44,M,Soltero,Técnico,Empleado Privado,Tecnología,Wanchaq,Cusco,Sur,7802.03,5359.05,220331.67,373,Premium,,165,2011/06/12,17,Activo
4924,DNI,44647911,Iván,Gómez,Álvarez,1992/05/02,32,M,Casado,Universitario,,Construcción,Arequipa,Arequipa,Sur,1661.1,743.28,30185.1,538,Regular,Agencia,4,2021-08-10,7,Activo
4925,DNI,70707889,Eduardo ,Martínez,López,1973/01/05,52,M,Casado,Secundaria,Empleado Público,Transporte,Trujillo,La Libertad ,Norte,1605.37,661.94,21791.1,576,Regular,Referido,97,2017/01/03,10,Activo
4926,DNI,38850650,Víctor,Castro,Gómez,20-02-1987,37,M,Casado,Técnico,Empleado Privado,Comercio,Los Olivos,Lima,Lima y Callao,5022.55,2936.73,284688.58,428,Regular,Agencia,4,25-01-2022,4,Activo
4927,DNI,64690094,Ana,Gutiérrez,Cusi,1984/06/18,40,F,Casado,Técnico,Independiente,Finanzas,Yanahuara,Arequipa,Sur,1629.62,1111.15,54049.41,541,Regular,Digital,79,2018/06/22,8,Activo
4928,DNI,61237787,Fabiola,Castro,Rojas,31/10/1989,35,F,Soltero,Técnico,Empleado Público,Servicios,Arequipa,Arequipa,Sur,1964.55,753.71,36116.97,524,Regular,Digital,56,23/05/2020,7,Activo
4929,DNI,38236567,Patricia,Rivera,Ortiz,1976-03-26,48,F,Casado,Técnico,Independiente,Agricultura,Trujillo,La Libertad,Norte,4536.03,2571.79,260301.98,512,Regular,Agencia,47,29-01-2021,10,Inactivo
4930,DNI,77248303,Fernando,Medina,Apaza,1988/07/10,36,mas,Conviviente,Técnico,Independiente,Finanzas,Cayma,Arequipa,Sur,1742.68,805.32,93724.28,478,Regular,Digital,173,2010-09-28,6,Activo
4931,Pasaporte,372291467,Carmen,Flores,Pérez,1980-10-05,44,F,Soltero,Técnico,Empleado Privado,Tecnología,Miraflores,Lima,Lima y Callao,2686.35,1841.2,148442.65,492,Regular,Agencia,67,2019/06/04,3,Activo
4932,DNI,68336528,Claudia,Gutiérrez,Rojas,2001/03/07,23,F,Soltero,Técnico,Empresario,Transporte,Wanchaq,Cusco,Sur,7328.22,4299.04,258912.22,499,Regular,Agencia,48,2021-01-04,17,Activo
4933,DNI,13749596,Diego,Gómez,Rojas,25-09-1970,57,M,Casado,Secundaria,Empleado Público,Agricultura,Cajamarca,Cajamarca,Norte,2302.07,1387.17,118071.17,429,Regular,Agencia,63,2019/10/02,24,Activo
4934,DNI,61503152,Gabriela,Ramos  ,Laime,1987-07-04,37,F,Divorciado,Universitario,Independiente,Salud,Cajamarca,Cajamarca,Norte,1950.66,1248.21,64229.11,520,Regular,Agencia,165,2011/05/31,24,Inactivo
4935,DNI,17890709,Pablo,Quispe,Torres,29-12-2004,20,M,Casado,Postgrado,Empleado Público,Educación,Santiago de Surco,Lima,Lima y Callao,1787.62,999.87,106854.74,501,Regular,Agencia,131,2014-03-10,2,Activo
4936,CE,81026926,Marco,Huanca,Ortiz,1990-06-08,34,M,Divorciado,Universitario,Empleado Privado,Construcción,Wanchaq,Cusco,Sur,2777.43,1776.62,101957.72,442,Regular,Digital,161,2011/09/15,17,Activo
4937,DNI,32047132,Fabiola,Cusi,Flores,1992/01/02,33,F,Soltero,Técnico,Independiente,Manufactura,Trujillo,La Libertad,Norte,1632.68,625.13,57642.49,433,Regular,Referido,61,2019/12/26,10,Activo
4938,DNI,12047176,José,Laime,Flores,1974/05/27,50,M,Conviviente,Técnico,Empleado Privado,Comercio,La Esperanza,La Libertad,Norte,2091.95,1297.35,22184.69,449,Regular,Agencia,35,26-01-2022,9,Activo
4939,DNI,82180194,Gabriela,Castillo,Ramos,1961/12/24,63,F,Soltero,Universitario,Empleado Privado,Salud,El Tambo,Junín,Centro,5337.4,2386.54,86139.63,418,Premium,Referido,117,19-05-2015,19,Activo
4940,DNI,77638013,Rocío,Torres,Herrera,1992-10-21,32,F,Casado,Universitario,Empleado Privado,Agricultura,Cayma,Arequipa,Sur,2971.85,1806.12,147778.75,491,Regular,Referido,2,2020/11/29,6,Activo
4941,Pasaporte,199119087,Diana,Condori,Gutiérrez,2000-11-09,24,F,Casado,Universitario,Empleado Privado,Manufactura,Sullana,Piura,Norte,4390.36,2543.21,255860.4,510,Regular,Digital,99,2016-10-15,15,Activo
4942,DNI,18595978,Óscar, mamani,Cruz,1977-12-23,47,M,Divorciado,secundaria ,Empleado Público,Servicios,San Juan de Lurigancho,Lima,Lima y Callao,3768.22,1521.18,145918.26,542,Regular,Agencia,120,2015/02/06,1,Activo
4943,DNI,45667394,Enrique,Quispe  ,Torres,1977-08-26,47,M,Casado,Universitario,Empleado Público,Finanzas,Víctor Larco Herrera,La Libertad,Norte,4083.62,2696.02,219515.68,579,Regular,Digital,10,2022-03-26,11,Activo
4944,DNI,71258010,Diego,Flores,Mamani,1993-11-22,31,M,Soltero,Universitario,Empleado Privado,Agricultura,Chiclayo,Lambayeque,Norte,3583.43,1839.31,119258.73,437,Regular,Telemarketing,26,2022-10-19,12,Activo
4945,DNI,67210119,Pablo,Condori,Gutiérrez,1976-07-11,48,M,Casado,Secundaria,Independiente,Educación,Chiclayo,Lambayeque,Norte,3403.53,1552.16,45056.93,422,Regular,Agencia,149,24/09/2012,12,Inactivo
4946,DNI,31506894,Paola,Sánchez,Flores,1984-02-03,40,F,Divorciado,Técnico,Empresario,Finanzas,Chiclayo,Lambayeque,Norte,6623.47,3577.18,300613.98,489,Premium,Agencia,67,30-06-2019,13,Activo
4947,DNI,20145364,José,Morales,martínez ,1979-06-17,45,M,Casado,Universitario,Empleado Privado,Servicios,Yanahuara,Arequipa ,Sur,4358.62,3032.11,103766.97,494,Regular,Agencia,39,22-09-2021,8,Activo
4948,DNI,53020926,Pablo,Ramos,Ortiz,1980/02/12,44,M,Conviviente,Técnico,Estudiante,Salud,Los Olivos,Lima,Lima y Callao,1165.89,648.87,46096.75,514,regular,Agencia,35,2020-12-09,4,Activo
4949,DNI,91498732,José,Ortiz,Huanca,1980-11-01,44,M,Conviviente,universitario,Pensionista,Construcción,Pisco,Ica,Sur,850.0,329.63,7257.64,524,Regular,Telemarketing,83,13-02-2018,20,Activo
4950,CE,667042647,Pablo,Vargas,Flores,14/12/1979,45,M,Conviviente,Técnico,Empleado Privado,Tecnología,Pisco,Ica,Sur,5534.91,3164.86,118718.03,501,Regular,Agencia,16,16/03/2023,20,Activo
4951,DNI,55625422,Ana,Rivera,Sánchez,2004-01-21,20,F,Casado,Postgrado,Independiente,Comercio,Trujillo, LA LIBERTAD,Norte,850.0,529.49,24453.02,492,Regular,Campaña Institucional,45,15/04/2021,10,Activo
4952,DNI,25610369, luis,Rojas,Quispe,1989-02-10,35,M,Soltero,Universitario,Empleado Privado,Otro,Víctor Larco Herrera,La Libertad,Norte,3355.59,1588.24,188223.17,485,Regular,Agencia,56,2020/05/01,11,Activo
4953,DNI,98592329,Alejandra,Jiménez,Martínez,1985/02/05,39,F,Conviviente,Técnico,Empleado Público,Comercio,Iquitos,Loreto,Oriente,1984.17,1282.01,104557.18,454,Regular,Referido,11,2023-12-12,22,Activo
4954,DNI,31596832,María,Rojas,Huanca,1983/08/29,41,F,Soltero,Universitario,Empleado Privado,Construcción,Chiclayo,Lambayeque,Norte,2110.41,1436.72,48877.57,465,Regular,Agencia,119,2015/03/09,13,Activo
4955,DNI,10063939,Luis,Herrera,Torres,25-03-1986,38,M,divorciado,Postgrado,Empleado Privado,Construcción,Lima,Lima,Lima y Callao,2466.04,1178.72,130517.15,532,Regular,Agencia,135,13-11-2013,5,Activo
4956,DNI,94511343,Paola,Álvarez,López,27/10/1984,40,F,Casado,,Empleado Privado,Educación,Miraflores,Lima,Lima y Callao,4680.09,3146.27,97141.04,573,Regular,Agencia,89,2017/08/26,3,Activo
4957,DNI,33725926,Sandra,González,Cruz,1972-04-12,52,F,Casado,Técnico,Empleado Privado,Comercio,Lima,Lima,Lima y Callao,4002.79,1778.65,122178.99,523,Regular,Agencia,86,2017-11-12,5,Bloqueado
4958,DNI,32723420,Carmen,García,Cruz,28/12/1972,52,F,Conviviente,Secundaria,Empresario,Finanzas,Santiago de Surco,Lima,Lima y Callao,6510.23,4475.96,218411.85,585,Regular,Agencia,11,2021-08-28,2,Activo
4959,DNI,69998450,Eduardo,Pérez,Gómez,1975/05/11,49,M,Conviviente,Postgrado,Empleado Privado,Manufactura,Chimbote,Ancash,Centro,2505.49,1164.02,71973.8,547,Regular,Digital,71,26-02-2019,21,Activo
4960,DNI,1004220,Cecilia,Choque,Laime,1981/07/17,43,F,Soltero,Técnico,Estudiante,Transporte,Cayma,Arequipa,Sur,850.0,439.16,32033.8,460,Regular,Referido,76,2018-09-19,6,Activo
4961,DNI,64223417,Gabriela,Ortiz,Reyes,1981/07/26,43,F,Soltero,Secundaria,Estudiante,Salud,Chiclayo,Lambayeque,Norte,953.62,536.96,50789.28,535,Regular,Agencia,92,2017/06/04,13,Activo
4962,DNI,39838853,Rosa,Ramos,Díaz,30-09-1978,46,F,Divorciado,Secundaria,Independiente,Manufactura,La Esperanza,La Libertad,Norte,3655.88,1673.57,41393.63,566,Regular,Agencia,172,19/10/2010,9,Activo
4963,DNI,71390768,Fabiola,Gutiérrez,Rodríguez,23/03/1984,40,F,Soltero,Técnico,Independiente,Construcción,Cajamarca,Cajamarca,Norte,1051.98,508.95,39215.04,553,Regular,Referido,105,28/04/2016,24,Activo
4964,DNI,90155256,Rosa,Reyes,Castro,1989/03/02,35,F,Soltero,universitario ,Independiente,Salud,San Juan de Lurigancho,Lima,Lima y Callao,1362.07,767.22,50628.93,376,Regular,Digital,101,2016/08/22,1,Activo
4965,DNI,89536645,Isabel,Condori,Jiménez,29/08/1976,48,F,Conviviente,Técnico,Empleado Privado,Educación,Sullana,Piura,Norte,1323.74,848.49,24310.19,453,Regular,Referido,14,13/03/2020,15,Activo
4966,DNI,58139633,Juan,Díaz,López,1975-07-27,49,M,soltero ,Universitario,Empresario,Educación,San Juan de Lurigancho,Lima,Lima y Callao,9314.36,3871.3,102449.35,496,Premium,Agencia,44,2021-05-11,1,Activo
4967,DNI,54483062,Silvia,Torres,Chávez,22-06-1984,40,F,Casado,Postgrado,Empleado Público,Salud,Miraflores,Lima,Lima y Callao,1465.84,903.25,64524.47,472,Regular,Agencia,148,2012-11-04,3,Bloqueado
4968,DNI,11703848,Diana,Gómez,Cruz,1979-12-24,45,F,Casado,Universitario,Empleado Público,Servicios,Sullana,Piura,Norte,1765.7,880.5,58016.85,497,Regular,Digital,145,28-01-2013,15,Bloqueado
4969,DNI,34135818,Óscar,González,Ortiz,2000-07-28,24,M,Viudo,Universitario,Empleado Privado,Comercio,Iquitos,Loreto,Oriente,4334.51,2820.27,209637.69,492,Regular,Referido,64,2019/09/01,22,Activo
4970,DNI,14987355,Diego,Torres,Quispe,1973/03/11,51,M,Conviviente,Técnico,Independiente,Construcción,Víctor Larco Herrera,La Libertad,Norte,6147.15,3704.38,336850.36,463,Premium,Referido,148,2012-10-15,11,Activo
4971,DNI,68600850,Jorge,Herrera,Díaz,1987/10/16,37,M,Conviviente,Secundaria,Empleado Privado,Manufactura,Lima,Lima,Lima y Callao,1062.58,619.02,60075.24,650,Regular,Referido,13,2021/06/15,5,Activo
4972,DNI,11887269,Ángela,Ramírez,García,20-10-1984,40,F,Conviviente,Secundaria,Independiente,Educación,Chiclayo, Lambayeque,Norte,4752.04,2254.48,170364.69,421,Regular,Referido,65,26/08/2019,12,Activo
4973,DNI,44118956,Óscar,Chávez,López,25-04-1971,53,M ,CASADO,Técnico,Independiente,Comercio,Yanahuara,Arequipa,Sur,9272.84,4083.33,354191.74,514,Regular,Agencia,122,2014-12-04,8,Activo
4974,DNI,48141676,Sandra,Morales,Apaza,13/08/1995,29,F,Soltero,Postgrado,Independiente,Salud,Iquitos,Loreto,Oriente,1907.7,870.81,103360.53,344,Regular,Digital,102,2016-08-08,22,Activo
4975,DNI,24491198,Paola,Romero, Quispe,19-05-1983,41,F,Soltero,Secundaria,Independiente,Manufactura,Trujillo,La Libertad,Norte,4111.57,2204.84,178488.88,487,Regular,Campaña Institucional,45,2021-04-17,10,Activo
4976,DNI,54092705,Claudia,Rojas,Jiménez,25/02/1986,38,F,Soltero,Universitario,Empleado Privado,Salud,Víctor Larco Herrera,La Libertad,Norte,3595.72,2291.68,114757.4,517,Regular,Referido,124,2014-10-19,11,Bloqueado
4977,DNI,242459,Manuel,Sánchez,Morales,2002/10/28,22,M,Casado,Universitario,Pensionista,Agricultura,Chiclayo ,Lambayeque,Norte,921.23,529.56,40107.87,588,Regular,Digital,154,2012/05/07,13,Activo
4978,DNI,33191644,Enrique,Rojas,Díaz,1999-11-14,25,M,Casado,Universitario,Independiente,Salud,Wanchaq,Cusco,Sur,1913.76,1065.04,98564.95,568,Regular,Agencia,90,19/07/2017,17,Activo
4979,Pasaporte,28533380,PATRICIA,Ortiz,Martínez,1969/06/30,55,F,Soltero,Universitario,Empleado Privado,Otro,Cayma,Arequipa,Sur,2420.48,1555.44,100211.26,518,Regular,Digital,30,2021-11-08,6,Activo
4980,DNI,16622458,roberto,Castillo,Ramos,1983-02-17,41,M,Divorciado,Postgrado,Empleado Público,Comercio,El Tambo,Junín,Centro,1552.55,663.77,62854.54,500,Regular,Agencia,124,2014/10/09,19,Activo
4981,DNI,10992959,Alejandra,Cusi,Gutiérrez,31/12/1986,38,F,Conviviente,Universitario ,Independiente,Transporte,Trujillo,La Libertad,Norte,2447.06,1426.48,88039.14,440,Regular,Digital,60,17/01/2020,10,Activo
4982,DNI,5407576,Patricia,Flores,Mamani,14/01/1998,26,F,Divorciado,Técnico,Empleado Privado,Finanzas,Huancayo,Junín,Centro,2451.94,1423.87,113761.24,558,Regular,Digital,108,21-01-2016,18,Activo
4983,DNI,98276770,José,Rivera,Ramírez,13-10-1982,42,M,Casado,Postgrado,Empleado Privado,Comercio,Lima,Lima,Lima y Callao,2413.16,1302.32,37631.91,529,Regular,Referido,84,2018-01-22,5,Inactivo
4984,CE,524141177,Eduardo,Rodríguez,Medina,16/09/1984,40,M,Casado,Universitario,,Transporte,Víctor Larco Herrera,La Libertad,Norte,4387.14,3025.03,183026.99,508,Regular,Digital,35,2020-05-22,11,Activo
4985,DNI,14516726,Cecilia,Torres,Cusi,1974-08-01,50,F,Casado,Técnico,,Finanzas,Miraflores,Lima,Lima y Callao,1654.89,1141.37,83488.54,545,Regular,Agencia,138,2013/08/18,3,Activo
4986,DNI,14960914,Roberto,Cruz,Flores,1979/09/25,45,M,Soltero,Universitario,Empleado Privado,Manufactura,Trujillo,La Libertad,Norte,2831.91,1219.17,51591.89,465,Regular,Digital,137,29-09-2013,10,Activo
4987,DNI,10936184,Elena,Gutiérrez,González,1990-12-01,34,F,Casado,Secundaria,Independiente,Comercio,Huancayo,Junín,Centro,2669.42,1214.15,39337.34,510,Regular,Agencia,57,18-04-2020,18,Bloqueado
4988,DNI,70346282,Daniela,Álvarez,Castillo,1984/09/01,40,F,Conviviente,Técnico,Empleado Público,Educación,Lima,Lima,Lima y Callao,2331.18,1564.88,38040.53,502,Regular,Digital,167,2011-04-03,5,Activo
4989,DNI,77349105,Patricia, Sánchez,Pérez,1981/02/06,43,F,Conviviente,Universitario,Empleado Privado,Agricultura,Los Olivos,Lima,Lima y Callao,2596.22,1318.57,120433.21,490,Regular,Agencia,70,2019/03/04,4,Activo
4990,DNI,59310022,Fabiola,Quispe,Ramírez,1950-06-13,74,F,Casado,Universitario,Empresario,Otro,Piura,Piura,Norte,8591.54,4552.49,159251.55,582,Regular,Telemarketing,141,2013-05-31,14,Activo
4991,DNI,92442491,Manuel,Torres,Cusi,1977/12/01,47,M,Casado,Técnico,Empleado Privado,Educación,Cajamarca,Cajamarca,Norte,2592.19,1412.75,131201.25,566,Regular,Telemarketing,48,2021-01-01,24,Bloqueado
4992,DNI,36211786,Ricardo,Mamani,Vargas,1986/06/14,38,M,Soltero,Universitario,Empleado Privado,Agricultura,Cayma,Arequipa,Sur,4680.89,3046.18,195714.92,467,Regular,Agencia,29,2020/12/21,6,Activo
4993,CE,379230137,Iván,Quispe,Laime,19-01-1994,30,M,Casado,Universitario,Empresario,Tecnología,Sullana,Piura,Norte,6492.58,3769.14,388146.23,437,Premium,Telemarketing,58,29-02-2020,15,Activo
4994,DNI,11323502,Lucía,Jiménez,Cruz,20/08/1976,48,F,Conviviente,Técnico,Empleado Privado,Servicios,Trujillo,La Libertad,Norte,1639.03,830.68,39577.7,477,Regular,Agencia,108,2016-01-24,10,Activo
4995,DNI,69420680,Daniela,López,Gómez,2000-05-18,24,F,Soltero,Universitario,Empresario,Tecnología,Cusco,CUSCO  ,Sur,26967.42,12226.93,788070.06,438,Premium,Digital,8,2020/06/10,16,Activo
4996,DNI,91388532,Fernando,Pérez,Medina,24/07/1982,42,M,Divorciado,Universitario,Empresario,Tecnología,Miraflores,Lima,Lima y Callao,11389.77,6588.4,484617.38,582,Regular,Agencia,45,2021/04/19,3,Activo
4997,DNI,27375209,Sofía,Huanca,López,1972-06-28,52,F,Soltero,Universitario,Empleado Público,Servicios,ChIcLaYo ,Lambayeque,Norte,1999.44,1392.12,16121.28,596,Regular,Agencia,142,2013/04/08,13,Bloqueado
4998,DNI,79495936,Rodrigo,Laime,Mamani  ,28-07-1972,52,M,Casado,Secundaria,Empresario,Otro,Pisco,Ica,Sur,7008.6,3344.03,371498.23,545,Premium,Telemarketing,69,2019/05/01,20,Activo
4999,CE,925666317,Sandra,Sánchez,Apaza,1987/01/05,38,F,Casado,Universitario,Empleado Privado,Agricultura,Iquitos,Loreto,Oriente,1752.66,-1063.05,87596.53,548,Regular,Agencia,50,2020-11-22,22,Activo
5000,DNI,89961848,Diego,Reyes,Martínez,1967-10-09,57,M,Soltero,Secundaria,Empleado Privado,Finanzas,El Tambo,Junín,Centro,2038.69,1324.41,40870.59,501,Regular,Agencia,93,2017/04/24,19,Activo
1035,DNI,40369481,Enrique,Chávez,Jiménez,1963/06/23,61,M,Conviviente,Secundaria,Empleado Privado,Otro,Cajamarca,Cajamarca,Norte,5565.11,3567.8,217529.53,481,Regular,Digital,150,2012-08-09,24,Inactivo
251,DNI,32538179,Juan,Torres,Medina,1994-07-05,30,M,Conviviente,Universitario,Empleado Público,Manufactura,chimbote,Ancash,Centro,1117.11,439.11,30222.87,433,Regular,Agencia,144,2013/02/10,21,Inactivo
2579,DNI,85980690,Víctor,Rojas,Vargas,24/01/1981,43,M,SOLTERO,Universitario,Empresario,Tecnología,Wanchaq,Cusco,Sur,2119.59,1002.15,56134.8,657,Regular,Digital,83,26-02-2018,17,Activo
3526,DNI,99070773,Enrique, Sánchez ,Ramírez,1977-08-18,47,M,Soltero,Universitario,Empresario,Manufactura,Santiago de Surco,Lima,Lima y Callao,5323.07,2449.47,187306.73,494,Regular,Digital,116,2015-06-05,2,Inactivo
3534,DNI,51895539,Miguel,Rodríguez,Cusi,1978/03/12,46,M,Viudo,Técnico,Empleado Público,Manufactura,Huancayo,Junín,Centro,3497.71,1661.86,112419.79,479,Regular,Agencia,179,2010/04/02,18,Activo
